listing_id,repair_exclusion_reason,duplicate_group_id,outlier_decision,outlier_reasons,source_record_path,city,property_type_repaired,surface_m2,price_mad,price_per_m2,title_raw,price_raw,url
mubawab.ma:native:7758670,probable_parsing_error,,probable_error,price_above_p99|price_per_m2_above_reference_p99|suspicious_batch_high_price_per_m2,data\external\recovery_archive\20260902T224619Z\misplaced_notebook_data\data\raw\maisondelux_raw.csv,Larache,appartement,100.0,12450000.0,124500.0,,,https://www.mubawab.ma/fr/a/7758670/appartement-%C3%A0-vendre-%C3%A0-larache-2-chambres-agr%C3%A9ables-
mubawab.ma:native:7772397,probable_parsing_error,,probable_error,price_above_p99|price_per_m2_above_reference_p99|suspicious_batch_high_price_per_m2,data\external\recovery_archive\20260902T224619Z\misplaced_notebook_data\data\raw\maisondelux_raw.csv,Tanger,appartement,90.0,11200000.0,124444.44,,,https://www.mubawab.ma/fr/a/7772397/appartements-de-standing-%C3%A0-vendre-%C3%A0-tanja-balia-tanger
mubawab.ma:native:7777660,probable_parsing_error,,probable_error,price_per_m2_above_reference_p99|suspicious_batch_high_price_per_m2,data\external\recovery_archive\20260902T224619Z\misplaced_notebook_data\data\raw\maisondelux_raw.csv,Casablanca,appartement,85.0,6900000.0,81176.47,,,https://www.mubawab.ma/fr/a/7777660/appartement-%C3%A0-vendre-plein-centre-maarif
mubawab.ma:native:7800150,probable_parsing_error,,probable_error,price_per_m2_above_reference_p99|suspicious_batch_high_price_per_m2,data\external\recovery_archive\20260902T224619Z\misplaced_notebook_data\data\raw\maisondelux_raw.csv,Casablanca,unknown,78.0,8960000.0,114871.79,,,https://www.mubawab.ma/fr/a/7800150/%C3%A0-beaus%C3%A9jour-sublime-apprt-%C3%A0-vendre
mubawab.ma:native:7815373,probable_parsing_error,,probable_error,price_per_m2_above_reference_p99|suspicious_batch_high_price_per_m2,data\external\recovery_archive\20260902T224619Z\misplaced_notebook_data\data\raw\maisondelux_raw.csv,Casablanca,appartement,91.0,9780000.0,107472.53,,,https://www.mubawab.ma/fr/a/7815373/vente-appartement-de-91m2-%C3%A0-oulfa
mubawab.ma:native:7861248,probable_parsing_error,,probable_error,price_per_m2_above_reference_p99|suspicious_batch_high_price_per_m2,data\external\recovery_archive\20260902T224619Z\misplaced_notebook_data\data\raw\maisondelux_raw.csv,Marrakech,appartement,90.0,10580000.0,117555.56,,,https://www.mubawab.ma/fr/a/7861248/vend-appartement-%C3%A0-les-portes-de-marrakech-3-chambres-bien-meubl%C3%A9
mubawab.ma:native:7973804,probable_parsing_error,,probable_error,price_per_m2_above_reference_p99|suspicious_batch_high_price_per_m2,data\external\recovery_archive\20260902T224619Z\misplaced_notebook_data\data\raw\maisondelux_raw.csv,El Jadida,appartement,82.0,8640000.0,105365.85,,,https://www.mubawab.ma/fr/a/7973804/appartement-%C3%A0-vendre-82-m%C2%B2-%C3%A0-el-jadida
mubawab.ma:native:8007377,probable_parsing_error,,probable_error,price_per_m2_above_reference_p99|suspicious_batch_high_price_per_m2,data\external\recovery_archive\20260902T224619Z\misplaced_notebook_data\data\raw\maisondelux_raw.csv,Casablanca,appartement,57.0,8430000.0,147894.74,,,https://www.mubawab.ma/fr/a/8007377/appart-%C3%A0-vendre-%C3%A0-a%C3%AFn-seba%C3%A0-%D8%B4%D9%82%D8%A9-%D9%84%D9%84%D8%A8%D9%8A%D8%B9-%D8%A8%D8%B9%D9%8A%D9%86-%D8%A7%D9%84%D8%B3%D8%A8%D8%B9
mubawab.ma:native:8092398,probable_parsing_error,possible-21c1bba1a37f,probable_error,price_above_p99|price_per_m2_above_reference_p99|suspicious_batch_high_price_per_m2,data\external\recovery_archive\20260902T224619Z\misplaced_notebook_data\data\raw\maisondelux_raw.csv,Casablanca,appartement,145.0,11500000.0,79310.34,,,https://www.mubawab.ma/fr/a/8092398/appartement-%C3%A0-vendre-%C3%A0-belv%C3%A9d%C3%A8re-surface-de-145-m%C2%B2-porte-blind%C3%A9e-salon-marocain
mubawab.ma:native:8108092,probable_parsing_error,,probable_error,price_per_m2_above_reference_p99|suspicious_batch_high_price_per_m2,data\external\recovery_archive\20260902T224619Z\misplaced_notebook_data\data\raw\maisondelux_raw.csv,Casablanca,appartement,40.0,5960000.0,149000.0,,,https://www.mubawab.ma/fr/a/8108092/bel-appartement-%C3%A0-vendre-%C3%A0-moulay-youssef-2-pi%C3%A8ces-confortables-avec-ascenseur
mubawab.ma:native:8110295,probable_parsing_error,,probable_error,price_per_m2_above_reference_p99|suspicious_batch_high_price_per_m2,data\external\recovery_archive\20260902T224619Z\misplaced_notebook_data\data\raw\maisondelux_raw.csv,El Jadida,appartement,80.0,10630000.0,132875.0,,,https://www.mubawab.ma/fr/a/8110295/vente-appartement-%C3%A0-el-jadida
mubawab.ma:native:8119411,probable_parsing_error,,probable_error,price_per_m2_above_reference_p99|suspicious_batch_high_price_per_m2,data\external\recovery_archive\20260902T224619Z\misplaced_notebook_data\data\raw\maisondelux_raw.csv,Larache,appartement,70.0,9490000.0,135571.43,,,https://www.mubawab.ma/fr/a/8119411/beautiful-2-bedroom-apartment-for-sale-in-larache
mubawab.ma:native:8120042,probable_parsing_error,,probable_error,price_above_p99|price_per_m2_above_reference_p99|suspicious_batch_high_price_per_m2,data\external\recovery_archive\20260902T224619Z\misplaced_notebook_data\data\raw\maisondelux_raw.csv,Agadir,unknown,89.0,11860000.0,133258.43,,,https://www.mubawab.ma/fr/a/8120042/%C3%A0-vendre-1-%C3%A9tage-moiti%C3%A9-terrasse-%C3%A0-anza-taddart
mubawab.ma:native:8122822,probable_parsing_error,,probable_error,price_per_m2_above_reference_p99|suspicious_batch_high_price_per_m2,data\external\recovery_archive\20260902T224619Z\misplaced_notebook_data\data\raw\maisondelux_raw.csv,Casablanca,appartement,80.0,8760000.0,109500.0,,,https://www.mubawab.ma/fr/a/8122822/superbe-appartement-a-hay-adil-enti%C3%A8rement-r%C3%A9nov%C3%A9
mubawab.ma:native:8135484,probable_parsing_error,,probable_error,price_per_m2_above_reference_p99|suspicious_batch_high_price_per_m2,data\external\recovery_archive\20260902T224619Z\misplaced_notebook_data\data\raw\maisondelux_raw.csv,El Jadida,appartement,105.0,10650000.0,101428.57,,,https://www.mubawab.ma/fr/a/8135484/appartement-de-105-m%C2%B2-en-centre-ville
mubawab.ma:native:8138511,probable_parsing_error,,probable_error,price_per_m2_above_reference_p99|suspicious_batch_high_price_per_m2,data\external\recovery_archive\20260902T224619Z\misplaced_notebook_data\data\raw\maisondelux_raw.csv,El Jadida,appartement,110.0,10880000.0,98909.09,,,https://www.mubawab.ma/fr/a/8138511/appartement-centre-el-jadida-%C3%A0-5-min-de-la-plage
mubawab.ma:native:8149102,probable_parsing_error,,probable_error,price_per_m2_above_reference_p99|suspicious_batch_high_price_per_m2,data\external\recovery_archive\20260902T224619Z\misplaced_notebook_data\data\raw\maisondelux_raw.csv,Marrakech,appartement,63.0,7720000.0,122539.68,,,https://www.mubawab.ma/fr/a/8149102/appartement-3-chambres-%C3%A0-vendre-%C3%A0-targa-%E2%80%93-63-m%C2%B2
mubawab.ma:native:8160308,probable_parsing_error,,probable_error,price_per_m2_above_reference_p99|suspicious_batch_high_price_per_m2,data\external\recovery_archive\20260902T224619Z\misplaced_notebook_data\data\raw\maisondelux_raw.csv,Agadir,unknown,60.0,6850000.0,114166.67,,,https://www.mubawab.ma/fr/a/8160308/t3-titr%C3%A9-quartier-hay-mohammadi
mubawab.ma:native:8177373,probable_parsing_error,,probable_error,price_above_p99|price_per_m2_above_reference_p99|suspicious_batch_high_price_per_m2,data\external\recovery_archive\20260902T224619Z\misplaced_notebook_data\data\raw\maisondelux_raw.csv,Berrechid,appartement,91.0,12510000.0,137472.53,,,https://www.mubawab.ma/fr/a/8177373/appartement-spacieux
mubawab.ma:native:8178957,probable_parsing_error,,probable_error,price_per_m2_above_reference_p99|suspicious_batch_high_price_per_m2,data\external\recovery_archive\20260902T224619Z\misplaced_notebook_data\data\raw\maisondelux_raw.csv,Agadir,appartement,54.0,6600000.0,122222.22,,,https://www.mubawab.ma/fr/a/8178957/appartement-en-vente-%C3%A0-cit%C3%A9-adrar-3-pi%C3%A8ces-confortables-meubl%C3%A9
mubawab.ma:native:8187848,probable_parsing_error,,probable_error,price_above_p99|price_per_m2_above_reference_p99|suspicious_batch_high_price_per_m2,data\external\recovery_archive\20260902T224619Z\misplaced_notebook_data\data\raw\maisondelux_raw.csv,Casablanca,appartement,100.0,14939800.0,149398.0,,,https://www.mubawab.ma/fr/a/8187848/vente-appartement-100m2-roches-noires
mubawab.ma:native:8188319,probable_parsing_error,,probable_error,price_above_p99|price_per_m2_above_reference_p99|suspicious_batch_high_price_per_m2,data\external\recovery_archive\20260902T224619Z\misplaced_notebook_data\data\raw\maisondelux_raw.csv,El Jadida,appartement,125.0,11800000.0,94400.0,,,https://www.mubawab.ma/fr/a/8188319/vente-d-un-bel-appartement-%C3%A0-narjiss-3-chambres-four
mubawab.ma:native:8205696,probable_parsing_error,,probable_error,price_per_m2_above_reference_p99|suspicious_batch_high_price_per_m2,data\external\recovery_archive\20260902T224619Z\misplaced_notebook_data\data\raw\maisondelux_raw.csv,Berrechid,appartement,88.0,10530000.0,119659.09,,,https://www.mubawab.ma/fr/a/8205696/appartement-a-vendre-omnia-berrchid-%D8%B4%D9%82%D9%82-%D9%84%D9%84%D8%A8%D9%8A%D8%B9
mubawab.ma:native:8210135,probable_parsing_error,possible-4901363f290e,probable_error,price_per_m2_above_reference_p99|suspicious_batch_high_price_per_m2,data\external\recovery_archive\20260902T224619Z\misplaced_notebook_data\data\raw\maisondelux_raw.csv,Agadir,appartement,75.0,8000000.0,106666.67,,,https://www.mubawab.ma/fr/a/8210135/bel-appartement-%C3%A0-vendre-%C3%A0-hay-salam-2-belles-chambres-terrasse-et-ascenseur
mubawab.ma:native:8210245,probable_parsing_error,,probable_error,price_per_m2_above_reference_p99|suspicious_batch_high_price_per_m2,data\external\recovery_archive\20260902T224619Z\misplaced_notebook_data\data\raw\maisondelux_raw.csv,Casablanca,unknown,50.0,6330000.0,126600.0,,,https://www.mubawab.ma/fr/a/8210245/apparemment-%C3%A0-vendre-4eme-etage-azhar-bernoussi
mubawab.ma:native:8210768,probable_parsing_error,,probable_error,price_above_p99|price_per_m2_above_reference_p99|suspicious_batch_high_price_per_m2,data\external\recovery_archive\20260902T224619Z\misplaced_notebook_data\data\raw\maisondelux_raw.csv,El Jadida,appartement,89.0,12430000.0,139662.92,,,https://www.mubawab.ma/fr/a/8210768/appartement-4-pi%C3%A8ce-el-jadida
mubawab.ma:native:8212748,probable_parsing_error,,probable_error,price_per_m2_above_reference_p99|suspicious_batch_high_price_per_m2,data\external\recovery_archive\20260902T224619Z\misplaced_notebook_data\data\raw\maisondelux_raw.csv,Casablanca,appartement,88.0,8740000.0,99318.18,,,https://www.mubawab.ma/fr/a/8212748/vente-d-un-bel-appartement-%C3%A0-hay-chifa-3-grandes-pi%C3%A8ces-porte-blind%C3%A9e-s%C3%A9curit%C3%A9
mubawab.ma:native:8216978,probable_parsing_error,,probable_error,price_above_p99|price_per_m2_above_reference_p99|suspicious_batch_high_price_per_m2,data\external\recovery_archive\20260902T224619Z\misplaced_notebook_data\data\raw\maisondelux_raw.csv,Berrechid,appartement,112.0,15580000.0,139107.14,,,https://www.mubawab.ma/fr/a/8216978/appartement-en-vente-%C3%A0-berrechid-1-pi%C3%A8ce
mubawab.ma:native:8218198,probable_parsing_error,,probable_error,price_per_m2_above_reference_p99|suspicious_batch_high_price_per_m2,data\external\recovery_archive\20260902T224619Z\misplaced_notebook_data\data\raw\maisondelux_raw.csv,Marrakech,appartement,54.0,6760000.0,125185.19,,,https://www.mubawab.ma/fr/a/8218198/appart-%C3%A0-vendre54-m%C2%B2-oasis-izdihar-%C3%A0-marrakech
mubawab.ma:native:8221147,probable_parsing_error,,probable_error,price_above_p99|price_per_m2_above_reference_p99|suspicious_batch_high_price_per_m2,data\external\recovery_archive\20260902T224619Z\misplaced_notebook_data\data\raw\maisondelux_raw.csv,Berrechid,appartement,107.0,11560000.0,108037.38,,,https://www.mubawab.ma/fr/a/8221147/superbe-appartement-%C3%A0-vendre-%C3%A0-berrechid-4-pi%C3%A8ces-confortables-porte-blind%C3%A9e-s%C3%A9curit%C3%A9
mubawab.ma:native:8224868,probable_parsing_error,,probable_error,price_per_m2_above_reference_p99|suspicious_batch_high_price_per_m2,data\external\recovery_archive\20260902T224619Z\misplaced_notebook_data\data\raw\maisondelux_raw.csv,Khouribga,appartement,90.0,7540000.0,83777.78,,,https://www.mubawab.ma/fr/a/8224868/joli-appartement-au-rdc-90m-%C3%A0-khouribga-2chambres-salon
mubawab.ma:native:8226043,probable_parsing_error,,probable_error,price_per_m2_above_reference_p99|suspicious_batch_high_price_per_m2,data\external\recovery_archive\20260902T224619Z\misplaced_notebook_data\data\raw\maisondelux_raw.csv,Berrechid,appartement,78.0,7390000.0,94743.59,,,https://www.mubawab.ma/fr/a/8226043/bel-appartement-ensoleill%C3%A9-%C3%A0-berrechid
mubawab.ma:native:8229125,probable_parsing_error,,probable_error,price_per_m2_above_reference_p99|suspicious_batch_high_price_per_m2,data\external\recovery_archive\20260902T224619Z\misplaced_notebook_data\data\raw\maisondelux_raw.csv,Casablanca,appartement,55.0,5385000.0,97909.09,,,https://www.mubawab.ma/fr/a/8229125/%C3%A0-vendre-%E2%80%93-apt-de-55-m%C2%B2-a-kasbat-amine-lissasfa
mubawab.ma:native:8237269,probable_parsing_error,,probable_error,price_per_m2_above_reference_p99|suspicious_batch_high_price_per_m2,data\external\recovery_archive\20260902T224619Z\misplaced_notebook_data\data\raw\maisondelux_raw.csv,El Jadida,appartement,66.0,8550000.0,129545.45,,,https://www.mubawab.ma/fr/a/8237269/superbe-appartement-%C3%A0-vendre-%C3%A0-najmat-al-janoub-4-grandes-pi%C3%A8ces
mubawab.ma:native:8237528,probable_parsing_error,,probable_error,price_above_p99|price_per_m2_above_reference_p99|suspicious_batch_high_price_per_m2,data\external\recovery_archive\20260902T224619Z\misplaced_notebook_data\data\raw\maisondelux_raw.csv,Agadir,appartement,80.0,11390000.0,142375.0,,,https://www.mubawab.ma/fr/a/8237528/superbe-appartement-%C3%A0-vendre-%C3%A0-anza-surface-de-80-m%C2%B2-avec-ascenseur-et-terrasse
mubawab.ma:native:8240826,probable_parsing_error,,probable_error,price_per_m2_above_reference_p99|suspicious_batch_high_price_per_m2,data\external\recovery_archive\20260902T224619Z\misplaced_notebook_data\data\raw\maisondelux_raw.csv,El Jadida,appartement,122.0,10850000.0,88934.43,,,https://www.mubawab.ma/fr/a/8240826/appartement-%C3%A0-vendre-el-jadida
mubawab.ma:native:8242436,probable_parsing_error,,probable_error,price_above_p99|price_per_m2_above_reference_p99|suspicious_batch_high_price_per_m2,data\external\recovery_archive\20260902T224619Z\misplaced_notebook_data\data\raw\maisondelux_raw.csv,Casablanca,appartement,102.0,11770000.0,115392.16,,,https://www.mubawab.ma/fr/a/8242436/appartement-en-vente-%C3%A0-ma%C3%A2rif-extension-4-belles-chambres
mubawab.ma:native:8243540,probable_parsing_error,,probable_error,price_per_m2_above_reference_p99|suspicious_batch_high_price_per_m2,data\external\recovery_archive\20260902T224619Z\misplaced_notebook_data\data\raw\maisondelux_raw.csv,El Jadida,appartement,84.0,10780000.0,128333.33,,,https://www.mubawab.ma/fr/a/8243540/bel-appartement-%C3%A0-vendre-%C3%A0-ennajd-superficie-84-m%C2%B2-salon-traditionnel-marocain-r%C3%A9sidence-s%C3%A9curis%C3%A9e
mubawab.ma:native:8243587,probable_parsing_error,possible-ce71c3105602,probable_error,price_per_m2_above_reference_p99|suspicious_batch_high_price_per_m2,data\external\recovery_archive\20260902T224619Z\misplaced_notebook_data\data\raw\maisondelux_raw.csv,Agadir,unknown,120.0,9500000.0,79166.67,,,https://www.mubawab.ma/fr/a/8243587/apptement-a-vendre-%C3%A0-hay-mohammadi
mubawab.ma:native:8245876,probable_parsing_error,,probable_error,price_per_m2_above_reference_p99|suspicious_batch_high_price_per_m2,data\external\recovery_archive\20260902T224619Z\misplaced_notebook_data\data\raw\maisondelux_raw.csv,Agadir,appartement,56.0,6600000.0,117857.14,,,https://www.mubawab.ma/fr/a/8245876/appartement-neuf-agadir
mubawab.ma:native:8247539,probable_parsing_error,,probable_error,price_per_m2_above_reference_p99|suspicious_batch_high_price_per_m2,data\external\recovery_archive\20260902T224619Z\misplaced_notebook_data\data\raw\maisondelux_raw.csv,Casablanca,appartement,86.0,8790000.0,102209.3,,,https://www.mubawab.ma/fr/a/8247539/appartement-%C3%A0-abouab-al-oulfa
mubawab.ma:native:8249068,probable_parsing_error,,probable_error,price_per_m2_above_reference_p99|suspicious_batch_high_price_per_m2,data\external\recovery_archive\20260902T224619Z\misplaced_notebook_data\data\raw\maisondelux_raw.csv,Casablanca,appartement,96.0,9860000.0,102708.33,,,https://www.mubawab.ma/fr/a/8249068/appartement-%C3%A0-hay-el-qods-casablanca
mubawab.ma:native:8249298,probable_parsing_error,,probable_error,price_per_m2_above_reference_p99|suspicious_batch_high_price_per_m2,data\external\recovery_archive\20260902T224619Z\misplaced_notebook_data\data\raw\maisondelux_raw.csv,Casablanca,appartement,87.0,8950000.0,102873.56,,,https://www.mubawab.ma/fr/a/8249298/appartement-%C3%A0-vendre-ain-chock-qods
mubawab.ma:native:8249378,probable_parsing_error,,probable_error,price_per_m2_above_reference_p99|suspicious_batch_high_price_per_m2,data\external\recovery_archive\20260902T224619Z\misplaced_notebook_data\data\raw\maisondelux_raw.csv,Casablanca,appartement,54.0,6450000.0,119444.44,,,https://www.mubawab.ma/fr/a/8249378/appartement-%C3%A0-l-achat-%C3%A0-hay-lmkansa-1-chambre-salon-marocain-traditionnel
mubawab.ma:native:8252816,probable_parsing_error,,probable_error,price_per_m2_above_reference_p99|suspicious_batch_high_price_per_m2,data\external\recovery_archive\20260902T224619Z\misplaced_notebook_data\data\raw\maisondelux_raw.csv,Casablanca,appartement,95.0,7820000.0,82315.79,,,https://www.mubawab.ma/fr/a/8252816/appartement-sidi-othmane
mubawab.ma:native:8253285,probable_parsing_error,,probable_error,price_per_m2_above_reference_p99|suspicious_batch_high_price_per_m2,data\external\recovery_archive\20260902T224619Z\misplaced_notebook_data\data\raw\maisondelux_raw.csv,Larache,appartement,96.0,10600000.0,110416.67,,,https://www.mubawab.ma/fr/a/8253285/bel-appartement-%C3%A0-vendre-%C3%A0-larache-3-pi%C3%A8ces-confortables-syst%C3%A8me-de-parabole-et-salon-marocain
mubawab.ma:native:8254431,probable_parsing_error,,probable_error,price_per_m2_above_reference_p99|suspicious_batch_high_price_per_m2,data\external\recovery_archive\20260902T224619Z\misplaced_notebook_data\data\raw\maisondelux_raw.csv,Casablanca,appartement,55.0,5330000.0,96909.09,,,https://www.mubawab.ma/fr/a/8254431/appartement-%C3%A0-vendre-riad-oulfa
mubawab.ma:native:8255495,probable_parsing_error,,probable_error,price_per_m2_above_reference_p99|suspicious_batch_high_price_per_m2,data\external\recovery_archive\20260902T224619Z\misplaced_notebook_data\data\raw\maisondelux_raw.csv,Casablanca,appartement,61.0,8400000.0,137704.92,,,https://www.mubawab.ma/fr/a/8255495/bel-appartement-%C3%A0-vendre-dar-essalam-oulfa
mubawab.ma:native:8255639,probable_parsing_error,,probable_error,price_above_p99|price_per_m2_above_reference_p99|suspicious_batch_high_price_per_m2,data\external\recovery_archive\20260902T224619Z\misplaced_notebook_data\data\raw\maisondelux_raw.csv,Bouskoura,appartement,94.0,11980000.0,127446.81,,,https://www.mubawab.ma/fr/a/8255639/appartement-neuf-victoria-bouskoura
mubawab.ma:native:8256090,probable_parsing_error,,probable_error,price_per_m2_above_reference_p99|suspicious_batch_high_price_per_m2,data\external\recovery_archive\20260902T224619Z\misplaced_notebook_data\data\raw\maisondelux_raw.csv,Casablanca,appartement,73.0,9510000.0,130273.97,,,https://www.mubawab.ma/fr/a/8256090/vente-d-un-bel-appartement-%C3%A0-sidi-moumen-surface-totale-73-m%C2%B2
mubawab.ma:native:8256322,probable_parsing_error,,probable_error,price_above_p99|price_per_m2_above_reference_p99|suspicious_batch_high_price_per_m2,data\external\recovery_archive\20260902T224619Z\misplaced_notebook_data\data\raw\maisondelux_raw.csv,Casablanca,appartement,108.0,11700000.0,108333.33,,,https://www.mubawab.ma/fr/a/8256322/superbe-appartement-%C3%A0-vendre-%C3%A0-californie-3-grandes-pi%C3%A8ces-avec-ascenseur-et-terrasse
mubawab.ma:native:8257157,probable_parsing_error,,probable_error,price_above_p99|price_per_m2_above_reference_p99|suspicious_batch_high_price_per_m2,data\external\recovery_archive\20260902T224619Z\misplaced_notebook_data\data\raw\maisondelux_raw.csv,Casablanca,bureau,98.0,11400000.0,116326.53,,,https://www.mubawab.ma/fr/a/8257157/appartement-bureau-%C3%A0-2-mars-avec-balcon-et-parking
mubawab.ma:native:8259830,probable_parsing_error,,probable_error,price_per_m2_above_reference_p99|suspicious_batch_high_price_per_m2,data\external\recovery_archive\20260902T224619Z\misplaced_notebook_data\data\raw\maisondelux_raw.csv,Casablanca,appartement,69.0,7610000.0,110289.86,,,https://www.mubawab.ma/fr/a/8259830/appartement-%C3%A0-vendre-%C3%A0-al-hadika-2-pi%C3%A8ces-confortables-meubl%C3%A9
mubawab.ma:native:8260575,probable_parsing_error,,probable_error,price_per_m2_above_reference_p99|suspicious_batch_high_price_per_m2,data\external\recovery_archive\20260902T224619Z\misplaced_notebook_data\data\raw\maisondelux_raw.csv,Casablanca,studio,106.0,8740000.0,82452.83,,,https://www.mubawab.ma/fr/a/8260575/studio-%C3%A0-vendre-106-m%C2%B2-ain-borja-casablanca
mubawab.ma:native:8261095,probable_parsing_error,,probable_error,price_above_p99|price_per_m2_above_reference_p99|suspicious_batch_high_price_per_m2,data\external\recovery_archive\20260902T224619Z\misplaced_notebook_data\data\raw\maisondelux_raw.csv,Casablanca,appartement,91.0,12800000.0,140659.34,,,https://www.mubawab.ma/fr/a/8261095/appartement-%C3%A0-vendre-91-m%C2%B2-3-chambres-hay-chrifa-casablanca
mubawab.ma:native:8261298,probable_parsing_error,,probable_error,price_above_p99|price_per_m2_above_reference_p99|suspicious_batch_high_price_per_m2,data\external\recovery_archive\20260902T224619Z\misplaced_notebook_data\data\raw\maisondelux_raw.csv,Casablanca,appartement,93.0,13725400.0,147584.95,,,https://www.mubawab.ma/fr/a/8261298/el-wissal-appartement-%C3%A0-vendre-93-m%C2%B2-3-chambres-anassi-casablanca
mubawab.ma:native:8261747,probable_parsing_error,,probable_error,price_per_m2_above_reference_p99|suspicious_batch_high_price_per_m2,data\external\recovery_archive\20260902T224619Z\misplaced_notebook_data\data\raw\maisondelux_raw.csv,Casablanca,appartement,74.0,10785000.0,145743.24,,,https://www.mubawab.ma/fr/a/8261747/appartement-%C3%A0-vendre-74-m%C2%B2-2-chambres-ain-borja-casablanca
mubawab.ma:native:8262055,probable_parsing_error,,probable_error,price_per_m2_above_reference_p99|suspicious_batch_high_price_per_m2,data\external\recovery_archive\20260902T224619Z\misplaced_notebook_data\data\raw\maisondelux_raw.csv,Casablanca,appartement,100.0,10900000.0,109000.0,,,https://www.mubawab.ma/fr/a/8262055/r%C3%A9sidence-rita-appartement-%C3%A0-vendre-100-m%C2%B2-2-chambres-almaz-casablanca
mubawab.ma:native:8262123,probable_parsing_error,,probable_error,price_per_m2_above_reference_p99|suspicious_batch_high_price_per_m2,data\external\recovery_archive\20260902T224619Z\misplaced_notebook_data\data\raw\maisondelux_raw.csv,El Jadida,studio,65.0,4890000.0,75230.77,,,https://www.mubawab.ma/fr/a/8262123/studio-%C3%A0-vendre-65-m%C2%B2-r%C3%A9sidence-olablanca-el-jadida
mubawab.ma:native:8262200,probable_parsing_error,,probable_error,price_above_p99|price_per_m2_above_reference_p99|suspicious_batch_high_price_per_m2,data\external\recovery_archive\20260902T224619Z\misplaced_notebook_data\data\raw\maisondelux_raw.csv,Casablanca,appartement,115.0,14950000.0,130000.0,,,https://www.mubawab.ma/fr/a/8262200/appartement-%C3%A0-vendre-115-m%C2%B2-3-chambres-a%C3%AFn-seba%C3%A2-casablanca
mubawab.ma:native:8262308,probable_parsing_error,,probable_error,price_above_p99|price_per_m2_above_reference_p99|suspicious_batch_high_price_per_m2,data\external\recovery_archive\20260902T224619Z\misplaced_notebook_data\data\raw\maisondelux_raw.csv,Berrechid,appartement,81.0,11720000.0,144691.36,,,https://www.mubawab.ma/fr/a/8262308/appartement-%C3%A0-vendre-81-m%C2%B2-2-chambres-tamaris-berrechid
mubawab.ma:native:8263141,probable_parsing_error,,probable_error,price_per_m2_above_reference_p99|suspicious_batch_high_price_per_m2,data\external\recovery_archive\20260902T224619Z\misplaced_notebook_data\data\raw\maisondelux_raw.csv,Agadir,appartement,68.0,8900000.0,130882.35,,,https://www.mubawab.ma/fr/a/8263141/appartement-%C3%A0-vendre-%C3%A0-tilila-superficie-68-m%C2%B2-avec-ascenseur
mubawab.ma:native:8263533,probable_parsing_error,,probable_error,price_per_m2_above_reference_p99|suspicious_batch_high_price_per_m2,data\external\recovery_archive\20260902T224619Z\misplaced_notebook_data\data\raw\maisondelux_raw.csv,Agadir,appartement,60.0,4720000.0,78666.67,,,https://www.mubawab.ma/fr/a/8263533/appartement-avendre-%C3%A0-hay-mohammadi
mubawab.ma:native:8264124,probable_parsing_error,,probable_error,price_above_p99|price_per_m2_above_reference_p99|suspicious_batch_high_price_per_m2,data\external\recovery_archive\20260902T224619Z\misplaced_notebook_data\data\raw\maisondelux_raw.csv,Casablanca,appartement,128.0,16950000.0,132421.88,,,https://www.mubawab.ma/fr/a/8264124/appartement-%C3%A0-vendre-128-m%C2%B2-2-chambres-sidi-maarouf-casablanca
mubawab.ma:native:8266468,probable_parsing_error,,probable_error,price_above_p99|price_per_m2_above_reference_p99|suspicious_batch_high_price_per_m2,data\external\recovery_archive\20260902T224619Z\misplaced_notebook_data\data\raw\maisondelux_raw.csv,Agadir,appartement,106.0,12100000.0,114150.94,,,https://www.mubawab.ma/fr/a/8266468/off-market-%E2%80%93-appartement-neuf-jamais-habit%C3%A9
mubawab.ma:native:8266863,probable_parsing_error,,probable_error,price_per_m2_above_reference_p99|suspicious_batch_high_price_per_m2,data\external\recovery_archive\20260902T224619Z\misplaced_notebook_data\data\raw\maisondelux_raw.csv,Casablanca,appartement,86.0,9910000.0,115232.56,,,https://www.mubawab.ma/fr/a/8266863/bel-appartement-de-86m-%C3%A0-ain-sebaa
mubawab.ma:native:8267103,probable_parsing_error,,probable_error,price_per_m2_above_reference_p99|suspicious_batch_high_price_per_m2,data\external\recovery_archive\20260902T224619Z\misplaced_notebook_data\data\raw\maisondelux_raw.csv,Casablanca,appartement,78.0,7820000.0,100256.41,,,https://www.mubawab.ma/fr/a/8267103/appartement-%C3%A0-vendre-78-m%C2%B2-2-chambres-hay-chrifa-casablanca
mubawab.ma:native:8268333,probable_parsing_error,,probable_error,price_above_p99|price_per_m2_above_reference_p99|suspicious_batch_high_price_per_m2,data\external\recovery_archive\20260902T224619Z\misplaced_notebook_data\data\raw\maisondelux_raw.csv,Casablanca,appartement,99.0,13890000.0,140303.03,,,https://www.mubawab.ma/fr/a/8268333/a-vendre-appartement-%C3%A0-al-qods-2-salons-2-chambres-s%C3%A9curis%C3%A9-24-24
mubawab.ma:native:8268457,probable_parsing_error,,probable_error,price_per_m2_above_reference_p99|suspicious_batch_high_price_per_m2,data\external\recovery_archive\20260902T224619Z\misplaced_notebook_data\data\raw\maisondelux_raw.csv,Casablanca,appartement,73.0,5890000.0,80684.93,,,https://www.mubawab.ma/fr/a/8268457/appartement-en-vente-%C3%A0-ain-borja-2-belles-chambres-salon-marocain-s%C3%A9curit%C3%A9
mubawab.ma:native:8271526,probable_parsing_error,,probable_error,price_above_p99|price_per_m2_above_reference_p99|suspicious_batch_high_price_per_m2,data\external\recovery_archive\20260902T224619Z\misplaced_notebook_data\data\raw\maisondelux_raw.csv,El Jadida,appartement,110.0,12780000.0,116181.82,,,https://www.mubawab.ma/fr/a/8271526/bel-appartement-%C3%A0-vendre-en-centre-ville-3-grandes-pi%C3%A8ces
mubawab.ma:native:8273282,probable_parsing_error,possible-007d3b0154d7,probable_error,price_above_p99|price_per_m2_above_reference_p99|suspicious_batch_high_price_per_m2,data\external\recovery_archive\20260902T224619Z\misplaced_notebook_data\data\raw\maisondelux_raw.csv,Casablanca,unknown,144.0,16000000.0,111111.11,,,https://www.mubawab.ma/fr/a/8273282/urgent-a-vendre-a-ain-sebaa
mubawab.ma:native:8273513,probable_parsing_error,,probable_error,price_per_m2_above_reference_p99|suspicious_batch_high_price_per_m2,data\external\recovery_archive\20260902T224619Z\misplaced_notebook_data\data\raw\maisondelux_raw.csv,Berrechid,appartement,110.0,10790000.0,98090.91,,,https://www.mubawab.ma/fr/a/8273513/grand-appartement-110-m%C2%B2-%E2%80%93-meubl%C3%A9-et-r%C3%A9nov%C3%A9-%E2%80%93-berrechid
mubawab.ma:native:8274775,probable_parsing_error,,probable_error,price_per_m2_above_reference_p99|suspicious_batch_high_price_per_m2,data\external\recovery_archive\20260902T224619Z\misplaced_notebook_data\data\raw\maisondelux_raw.csv,Agadir,appartement,81.0,6840000.0,84444.44,,,https://www.mubawab.ma/fr/a/8274775/appartement-%C3%A0-vendre-%C3%A0-hay-salam-surface-de-81-m%C2%B2-meubl%C3%A9
mubawab.ma:native:8275903,probable_parsing_error,,probable_error,price_per_m2_above_reference_p99|suspicious_batch_high_price_per_m2,data\external\recovery_archive\20260902T224619Z\misplaced_notebook_data\data\raw\maisondelux_raw.csv,Casablanca,appartement,84.0,7850000.0,93452.38,,,https://www.mubawab.ma/fr/a/8275903/appartement-%C3%A0-vendre-84-m%C2%B2-2-chambres-a%C3%AFn-seba%C3%A2-casablanca
mubawab.ma:native:8276877,probable_parsing_error,possible-af001374850c,probable_error,price_above_p99|price_per_m2_above_reference_p99|suspicious_batch_high_price_per_m2,data\external\recovery_archive\20260902T224619Z\misplaced_notebook_data\data\raw\maisondelux_raw.csv,Agadir,appartement,104.0,12000000.0,115384.62,,,https://www.mubawab.ma/fr/a/8276877/appartement-meubl%C3%A9-a-vendre-%C3%A0-hay-houda
mubawab.ma:native:8277795,probable_parsing_error,,probable_error,price_per_m2_above_reference_p99|suspicious_batch_high_price_per_m2,data\external\recovery_archive\20260902T224619Z\misplaced_notebook_data\data\raw\maisondelux_raw.csv,Berrechid,appartement,57.0,8300000.0,145614.04,,,https://www.mubawab.ma/fr/a/8277795/vend-appartement-%C3%A0-deroua-berrechid-superficie-57-m%C2%B2-s%C3%A9curit%C3%A9
mubawab.ma:native:8278139,probable_parsing_error,,probable_error,price_per_m2_above_reference_p99|suspicious_batch_high_price_per_m2,data\external\recovery_archive\20260902T224619Z\misplaced_notebook_data\data\raw\maisondelux_raw.csv,Casablanca,studio,69.0,7920000.0,114782.61,,,https://www.mubawab.ma/fr/a/8278139/24-studios-%E2%80%93-riviera-proche-cfc
mubawab.ma:native:8279142,probable_parsing_error,,probable_error,price_per_m2_above_reference_p99|suspicious_batch_high_price_per_m2,data\external\recovery_archive\20260902T224619Z\misplaced_notebook_data\data\raw\maisondelux_raw.csv,Casablanca,appartement,55.0,5340000.0,97090.91,,,https://www.mubawab.ma/fr/a/8279142/appartement-oulfa-55m2-r%C3%A9sidence-essaada
mubawab.ma:native:8283327,probable_parsing_error,,probable_error,price_above_p99|price_per_m2_above_reference_p99|suspicious_batch_high_price_per_m2,data\external\recovery_archive\20260902T224619Z\misplaced_notebook_data\data\raw\maisondelux_raw.csv,El Jadida,appartement,94.0,11560000.0,122978.72,,,https://www.mubawab.ma/fr/a/8283327/appartement-94-m2-centre-ville
mubawab.ma:native:8283943,probable_parsing_error,,probable_error,price_per_m2_above_reference_p99|suspicious_batch_high_price_per_m2,data\external\recovery_archive\20260902T224619Z\misplaced_notebook_data\data\raw\maisondelux_raw.csv,Casablanca,appartement,65.0,6360000.0,97846.15,,,https://www.mubawab.ma/fr/a/8283943/appartement-%C3%A0-l-achat-%C3%A0-al-azhar-5-grandes-pi%C3%A8ces
mubawab.ma:native:8284017,probable_parsing_error,,probable_error,price_per_m2_above_reference_p99|suspicious_batch_high_price_per_m2,data\external\recovery_archive\20260902T224619Z\misplaced_notebook_data\data\raw\maisondelux_raw.csv,Casablanca,appartement,72.0,7950000.0,110416.67,,,https://www.mubawab.ma/fr/a/8284017/appartement-spacieux-et-ensoleill%C3%A9-%C3%A0-maarif
mubawab.ma:native:8285067,probable_parsing_error,,probable_error,price_per_m2_above_reference_p99|suspicious_batch_high_price_per_m2,data\external\recovery_archive\20260902T224619Z\misplaced_notebook_data\data\raw\maisondelux_raw.csv,Casablanca,studio,48.0,5820000.0,121250.0,,,https://www.mubawab.ma/fr/a/8285067/studio-a-vendre-aux-roches-noires-r%C3%A9sidence-ferm%C3%A9e
mubawab.ma:native:8285305,probable_parsing_error,,probable_error,price_above_p99|price_per_m2_above_reference_p99|suspicious_batch_high_price_per_m2,data\external\recovery_archive\20260902T224619Z\misplaced_notebook_data\data\raw\maisondelux_raw.csv,El Jadida,appartement,93.0,13680000.0,147096.77,,,https://www.mubawab.ma/fr/a/8285305/%C3%A0-la-vente-%E2%80%93-appartement-de-standing-el-jadida
mubawab.ma:native:8285907,probable_parsing_error,,probable_error,price_per_m2_above_reference_p99|suspicious_batch_high_price_per_m2,data\external\recovery_archive\20260902T224619Z\misplaced_notebook_data\data\raw\maisondelux_raw.csv,Tanger,appartement,91.0,8910000.0,97912.09,,,https://www.mubawab.ma/fr/a/8285907/appartement-%C3%A0-vendre-91-m%C2%B2-2-chambres-castilla-tanger
mubawab.ma:native:8286236,probable_parsing_error,,probable_error,price_above_p99|price_per_m2_above_reference_p99|suspicious_batch_high_price_per_m2,data\external\recovery_archive\20260902T224619Z\misplaced_notebook_data\data\raw\maisondelux_raw.csv,Agadir,appartement,120.0,11450000.0,95416.67,,,https://www.mubawab.ma/fr/a/8286236/appartement-%C3%A0-vendre-%C3%A0-al-wifaq-3-pi%C3%A8ces-bien-meubl%C3%A9-
mubawab.ma:native:8288284,probable_parsing_error,,probable_error,price_per_m2_above_reference_p99|suspicious_batch_high_price_per_m2,data\external\recovery_archive\20260902T224619Z\misplaced_notebook_data\data\raw\maisondelux_raw.csv,Casablanca,appartement,69.0,8800000.0,127536.23,,,https://www.mubawab.ma/fr/a/8288284/appartement-en-vente-%C3%A0-a%C3%AFn-seba%C3%A2-2-chambres-agr%C3%A9ables-ascenseur-et-terrasse
mubawab.ma:native:8288618,probable_parsing_error,,probable_error,price_per_m2_above_reference_p99|suspicious_batch_high_price_per_m2,data\external\recovery_archive\20260902T224619Z\misplaced_notebook_data\data\raw\maisondelux_raw.csv,Casablanca,appartement,50.0,5340000.0,106800.0,,,https://www.mubawab.ma/fr/a/8288618/superbe-appartement-%C3%A0-vendre-%C3%A0-sidi-moumen-2-chambres-agr%C3%A9ables
mubawab.ma:native:8289231,probable_parsing_error,,probable_error,price_above_p99|price_per_m2_above_reference_p99|suspicious_batch_high_price_per_m2,data\external\recovery_archive\20260902T224619Z\misplaced_notebook_data\data\raw\maisondelux_raw.csv,Marrakech,appartement,125.0,14500000.0,116000.0,,,https://www.mubawab.ma/fr/a/8289231/appartement-%C3%A0-vendre-125-m%C2%B2-sidi-abbad-marrakech
mubawab.ma:native:8290353,probable_parsing_error,,probable_error,price_per_m2_above_reference_p99|suspicious_batch_high_price_per_m2,data\external\recovery_archive\20260902T224619Z\misplaced_notebook_data\data\raw\maisondelux_raw.csv,Casablanca,appartement,60.0,6430000.0,107166.67,,,https://www.mubawab.ma/fr/a/8290353/appartement-%C3%A0-vendre-%C3%A0-oulfa-casablanca
mubawab.ma:native:8290800,probable_parsing_error,,probable_error,price_per_m2_above_reference_p99|suspicious_batch_high_price_per_m2,data\external\recovery_archive\20260902T224619Z\misplaced_notebook_data\data\raw\maisondelux_raw.csv,Casablanca,studio,46.0,5700000.0,123913.04,,,https://www.mubawab.ma/fr/a/8290800/vente-studios-de-standing-belvedere
mubawab.ma:native:8291021,probable_parsing_error,,probable_error,price_above_p99|price_per_m2_above_reference_p99|suspicious_batch_high_price_per_m2,data\external\recovery_archive\20260902T224619Z\misplaced_notebook_data\data\raw\maisondelux_raw.csv,Casablanca,appartement,118.0,10980000.0,93050.85,,,https://www.mubawab.ma/fr/a/8291021/appartement-%C3%A0-vendre-%C3%A0-ain-chock-3-chambres-agr%C3%A9ables
mubawab.ma:native:8291223,probable_parsing_error,,probable_error,price_per_m2_above_reference_p99|suspicious_batch_high_price_per_m2,data\external\recovery_archive\20260902T224619Z\misplaced_notebook_data\data\raw\maisondelux_raw.csv,Casablanca,appartement,70.0,6530000.0,93285.71,,,https://www.mubawab.ma/fr/a/8291223/appartement-%C3%A0-riad-alhadika-casablanca
mubawab.ma:native:8291350,probable_parsing_error,,probable_error,price_per_m2_above_reference_p99|suspicious_batch_high_price_per_m2,data\external\recovery_archive\20260902T224619Z\misplaced_notebook_data\data\raw\maisondelux_raw.csv,Casablanca,appartement,64.0,5380000.0,84062.5,,,https://www.mubawab.ma/fr/a/8291350/appartement-a-anassi
mubawab.ma:native:8292266,probable_parsing_error,,probable_error,price_per_m2_above_reference_p99|suspicious_batch_high_price_per_m2,data\external\recovery_archive\20260902T224619Z\misplaced_notebook_data\data\raw\maisondelux_raw.csv,Essaouira,appartement,70.0,8630000.0,123285.71,,,https://www.mubawab.ma/fr/a/8292266/appartement-r%C3%A9nov%C3%A9-avec-terrasse-%C3%A0-essaouira
mubawab.ma:native:8292790,probable_parsing_error,possible-b81f1c7a0a18,probable_error,price_above_p99|price_per_m2_above_reference_p99|suspicious_batch_high_price_per_m2,data\external\recovery_archive\20260902T224619Z\misplaced_notebook_data\data\raw\maisondelux_raw.csv,Agadir,appartement,116.0,13800000.0,118965.52,,,https://www.mubawab.ma/fr/a/8292790/appartement-avendre-%C3%A0-hay-mohammadi
mubawab.ma:native:8293940,probable_parsing_error,possible-3c1b40936000,probable_error,price_above_p99|price_per_m2_above_reference_p99|suspicious_batch_high_price_per_m2,data\external\recovery_archive\20260902T224619Z\misplaced_notebook_data\data\raw\maisondelux_raw.csv,Casablanca,appartement,120.0,12000000.0,100000.0,,,https://www.mubawab.ma/fr/a/8293940/appartement-%C3%A0-vendre-%C3%A0-bourgogne-ouest-6-pi%C3%A8ces-confortables
mubawab.ma:native:8294831,probable_parsing_error,,probable_error,price_above_p99|price_per_m2_above_reference_p99|suspicious_batch_high_price_per_m2,data\external\recovery_archive\20260902T224619Z\misplaced_notebook_data\data\raw\maisondelux_raw.csv,Casablanca,appartement,116.0,16950000.0,146120.69,,,https://www.mubawab.ma/fr/a/8294831/appartement-%C3%A0-vendre-116-m%C2%B2-3-chambres-almaz-casablanca
mubawab.ma:native:8295215,probable_parsing_error,,probable_error,price_above_p99|price_per_m2_above_reference_p99|suspicious_batch_high_price_per_m2,data\external\recovery_archive\20260902T224619Z\misplaced_notebook_data\data\raw\maisondelux_raw.csv,Casablanca,appartement,92.0,12900000.0,140217.39,,,https://www.mubawab.ma/fr/a/8295215/appartement-en-vente-%C3%A0-hay-moulay-rachid-1-1-pi%C3%A8ce-ascenseur-et-places-de-parking
mubawab.ma:native:8296121,probable_parsing_error,,probable_error,price_per_m2_above_reference_p99|suspicious_batch_high_price_per_m2,data\external\recovery_archive\20260902T224619Z\misplaced_notebook_data\data\raw\maisondelux_raw.csv,Agadir,appartement,60.0,4640000.0,77333.33,,,https://www.mubawab.ma/fr/a/8296121/appartement-taddart-anza
mubawab.ma:native:8296501,probable_parsing_error,,probable_error,price_per_m2_above_reference_p99|suspicious_batch_high_price_per_m2,data\external\recovery_archive\20260902T224619Z\misplaced_notebook_data\data\raw\maisondelux_raw.csv,Berrechid,appartement,101.0,9671000.0,95752.48,,,https://www.mubawab.ma/fr/a/8296501/vente-appartement-%C3%A0-berrechid
mubawab.ma:native:8297374,probable_parsing_error,,probable_error,price_per_m2_above_reference_p99|suspicious_batch_high_price_per_m2,data\external\recovery_archive\20260902T224619Z\misplaced_notebook_data\data\raw\maisondelux_raw.csv,Bouskoura,appartement,80.0,10755000.0,134437.5,,,https://www.mubawab.ma/fr/a/8297374/appartement-neuf-%C3%A0-bassatine-bouskoura
mubawab.ma:native:8298481,probable_parsing_error,,probable_error,price_per_m2_above_reference_p99|suspicious_batch_high_price_per_m2,data\external\recovery_archive\20260902T224619Z\misplaced_notebook_data\data\raw\maisondelux_raw.csv,Casablanca,appartement,75.0,8440000.0,112533.33,,,https://www.mubawab.ma/fr/a/8298481/vente-d-un-bel-appartement-%C3%A0-al-azhar-2-chambres-agr%C3%A9ables-porte-blind%C3%A9e
mubawab.ma:native:8298667,probable_parsing_error,,probable_error,price_per_m2_above_reference_p99|suspicious_batch_high_price_per_m2,data\external\recovery_archive\20260902T224619Z\misplaced_notebook_data\data\raw\maisondelux_raw.csv,Casablanca,appartement,50.0,4450000.0,89000.0,,,https://www.mubawab.ma/fr/a/8298667/vente-d-un-bel-appartement-%C3%A0-al-farah-dar-essalam-2-pi%C3%A8ces-s%C3%A9curis%C3%A9-24-24
mubawab.ma:native:8298787,probable_parsing_error,,probable_error,price_per_m2_above_reference_p99|suspicious_batch_high_price_per_m2,data\external\recovery_archive\20260902T224619Z\misplaced_notebook_data\data\raw\maisondelux_raw.csv,Casablanca,unknown,54.0,5330000.0,98703.7,,,https://www.mubawab.ma/fr/a/8298787/la-mis%C3%A9ricorde-est-le-bonheur-1-pr%C3%A8s-du-bus-%C3%A0-casablanca
mubawab.ma:native:8299157,probable_parsing_error,,probable_error,price_per_m2_above_reference_p99|suspicious_batch_high_price_per_m2,data\external\recovery_archive\20260902T224619Z\misplaced_notebook_data\data\raw\maisondelux_raw.csv,Agadir,studio,44.0,4780000.0,108636.36,,,https://www.mubawab.ma/fr/a/8299157/studio-avendr-%C3%A0-islan-%C3%A0-hay-mohammadi
mubawab.ma:native:8299243,probable_parsing_error,,probable_error,price_above_p99|price_per_m2_above_reference_p99|suspicious_batch_high_price_per_m2,data\external\recovery_archive\20260902T224619Z\misplaced_notebook_data\data\raw\maisondelux_raw.csv,Casablanca,appartement,100.0,11950000.0,119500.0,,,https://www.mubawab.ma/fr/a/8299243/superbe-appartement-neuf-100m%C2%B2-a-casa-ain-borja
mubawab.ma:native:8299767,probable_parsing_error,,probable_error,price_per_m2_above_reference_p99|suspicious_batch_high_price_per_m2,data\external\recovery_archive\20260902T224619Z\misplaced_notebook_data\data\raw\maisondelux_raw.csv,Casablanca,appartement,59.0,8568000.0,145220.34,,,https://www.mubawab.ma/fr/a/8299767/appartement-ensoleill%C3%A9-%C3%A0-ain-sebaa-vue-d%C3%A9gag%C3%A9e
mubawab.ma:native:8300036,probable_parsing_error,,probable_error,price_per_m2_above_reference_p99|suspicious_batch_high_price_per_m2,data\external\recovery_archive\20260902T224619Z\misplaced_notebook_data\data\raw\maisondelux_raw.csv,Casablanca,appartement,76.0,9900000.0,130263.16,,,https://www.mubawab.ma/fr/a/8300036/appartement-76m%C2%B2-ain-seba%C3%A2-%C3%A0-vendre
mubawab.ma:native:8305040,probable_parsing_error,,probable_error,price_per_m2_above_reference_p99|suspicious_batch_high_price_per_m2,data\external\recovery_archive\20260902T224619Z\misplaced_notebook_data\data\raw\maisondelux_raw.csv,Casablanca,unknown,88.0,9750000.0,110795.45,,,https://www.mubawab.ma/fr/a/8305040/apprt-ain-borja
mubawab.ma:native:8306414,probable_parsing_error,,probable_error,price_per_m2_above_reference_p99|suspicious_batch_high_price_per_m2,data\external\recovery_archive\20260902T224619Z\misplaced_notebook_data\data\raw\maisondelux_raw.csv,Casablanca,appartement,64.0,8850000.0,138281.25,,,https://www.mubawab.ma/fr/a/8306414/vente-appartement-%C3%A0-ain-sebaa
mubawab.ma:native:8306968,probable_parsing_error,,probable_error,price_per_m2_above_reference_p99|suspicious_batch_high_price_per_m2,data\external\recovery_archive\20260902T224619Z\misplaced_notebook_data\data\raw\maisondelux_raw.csv,Agadir,appartement,86.0,10895000.0,126686.05,,,https://www.mubawab.ma/fr/a/8306968/appartement-3-chambres-spacieux-hay-salam
mubawab.ma:native:8307269,probable_parsing_error,,probable_error,price_per_m2_above_reference_p99|suspicious_batch_high_price_per_m2,data\external\recovery_archive\20260902T224619Z\misplaced_notebook_data\data\raw\maisondelux_raw.csv,Larache,appartement,73.0,10480000.0,143561.64,,,https://www.mubawab.ma/fr/a/8307269/superbe-appartement-%C3%A0-vendre-avec-aide-au-logement-%C3%A0-larache-2-excellentes-chambres-ascenseur-et-balcon
mubawab.ma:native:8307270,probable_parsing_error,,probable_error,price_above_p99|price_per_m2_above_reference_p99|suspicious_batch_high_price_per_m2,data\external\recovery_archive\20260902T224619Z\misplaced_notebook_data\data\raw\maisondelux_raw.csv,Larache,appartement,90.0,11750000.0,130555.56,,,https://www.mubawab.ma/fr/a/8307270/vente-d-appartement-avec-soutien-au-logement-%C3%A0-larache-3-chambres-excellentes-fen%C3%AAtres-avec-double-vitrage-et-porte-s%C3%A9curis%C3%A9e-
mubawab.ma:native:8307391,probable_parsing_error,,probable_error,price_per_m2_above_reference_p99|suspicious_batch_high_price_per_m2,data\external\recovery_archive\20260902T224619Z\misplaced_notebook_data\data\raw\maisondelux_raw.csv,Berrechid,appartement,74.0,6520000.0,88108.11,,,https://www.mubawab.ma/fr/a/8307391/superbe-appartement-%C3%A0-vendre-%C3%A0-berrechid-superficie-74-m%C2%B2-cuisini%C3%A8re-avec-four
mubawab.ma:native:8307667,probable_parsing_error,,probable_error,price_per_m2_above_reference_p99|suspicious_batch_high_price_per_m2,data\external\recovery_archive\20260902T224619Z\misplaced_notebook_data\data\raw\maisondelux_raw.csv,Casablanca,studio,51.0,5900000.0,115686.27,,,https://www.mubawab.ma/fr/a/8307667/joli-studio-51-m%C2%B2-mers-sultan
mubawab.ma:native:8309879,probable_parsing_error,,probable_error,price_per_m2_above_reference_p99|suspicious_batch_high_price_per_m2,data\external\recovery_archive\20260902T224619Z\misplaced_notebook_data\data\raw\maisondelux_raw.csv,El Jadida,appartement,82.0,6705000.0,81768.29,,,https://www.mubawab.ma/fr/a/8309879/vente-d-un-bel-appartement-%C3%A0-quartier-a%C3%A9rodrome-2-pi%C3%A8ces-confortables-salon-typique-marocain-r%C3%A9sidence-s%C3%A9curis%C3%A9e
mubawab.ma:native:8310002,probable_parsing_error,,probable_error,price_above_p99|price_per_m2_above_reference_p99|suspicious_batch_high_price_per_m2,data\external\recovery_archive\20260902T224619Z\misplaced_notebook_data\data\raw\maisondelux_raw.csv,Marrakech,appartement,126.0,14820000.0,117619.05,,,https://www.mubawab.ma/fr/a/8310002/grand-appartement-mhamid-avenue-nakhil
mubawab.ma:native:8311075,probable_parsing_error,,probable_error,price_per_m2_above_reference_p99|suspicious_batch_high_price_per_m2,data\external\recovery_archive\20260902T224619Z\misplaced_notebook_data\data\raw\maisondelux_raw.csv,Casablanca,appartement,55.0,6390000.0,116181.82,,,https://www.mubawab.ma/fr/a/8311075/appartement-%C3%A0-vendre-ain-sebaa-cot%C3%A9-encg-et-marjan
mubawab.ma:native:8311816,probable_parsing_error,,probable_error,price_above_p99|price_per_m2_above_reference_p99|suspicious_batch_high_price_per_m2,data\external\recovery_archive\20260902T224619Z\misplaced_notebook_data\data\raw\maisondelux_raw.csv,El Jadida,appartement,96.0,13918000.0,144979.17,,,https://www.mubawab.ma/fr/a/8311816/superbe-appartement-el-jadida
mubawab.ma:native:8312826,probable_parsing_error,,probable_error,price_per_m2_above_reference_p99|suspicious_batch_high_price_per_m2,data\external\recovery_archive\20260902T224619Z\misplaced_notebook_data\data\raw\maisondelux_raw.csv,El Jadida,appartement,72.0,9650000.0,134027.78,,,https://www.mubawab.ma/fr/a/8312826/%C3%A0-vendre-appartement-72m2-2-chambres-el-jadida
mubawab.ma:native:8313016,probable_parsing_error,,probable_error,price_per_m2_above_reference_p99|suspicious_batch_high_price_per_m2,data\external\recovery_archive\20260902T224619Z\misplaced_notebook_data\data\raw\maisondelux_raw.csv,Casablanca,appartement,68.0,9480000.0,139411.76,,,https://www.mubawab.ma/fr/a/8313016/appartement-%C3%A0-vendre-%C3%A0-riyad-al-oulfa-%E2%80%93-casablanca
mubawab.ma:native:8313386,probable_parsing_error,,probable_error,price_per_m2_above_reference_p99|suspicious_batch_high_price_per_m2,data\external\recovery_archive\20260902T224619Z\misplaced_notebook_data\data\raw\maisondelux_raw.csv,Casablanca,appartement,98.0,8880000.0,90612.24,,,https://www.mubawab.ma/fr/a/8313386/appartement-%C3%A0-vendre-98-m%C2%B2-3-chambres-sidi-moumen-casablanca
mubawab.ma:native:8314617,probable_parsing_error,,probable_error,price_above_p99|price_per_m2_above_reference_p99|suspicious_batch_high_price_per_m2,data\external\recovery_archive\20260902T224619Z\misplaced_notebook_data\data\raw\maisondelux_raw.csv,Casablanca,appartement,115.0,11500000.0,100000.0,,,https://www.mubawab.ma/fr/a/8314617/appartement-la-gironde
mubawab.ma:native:8314947,probable_parsing_error,,probable_error,price_per_m2_above_reference_p99|suspicious_batch_high_price_per_m2,data\external\recovery_archive\20260902T224619Z\misplaced_notebook_data\data\raw\maisondelux_raw.csv,Bouskoura,appartement,95.0,8850000.0,93157.89,,,https://www.mubawab.ma/fr/a/8314947/appartements-%C3%A0-vendre-%C3%A0-bouskoura-victoria
mubawab.ma:native:8315156,probable_parsing_error,,probable_error,price_above_p99|price_per_m2_above_reference_p99|suspicious_batch_high_price_per_m2,data\external\recovery_archive\20260902T224619Z\misplaced_notebook_data\data\raw\maisondelux_raw.csv,Casablanca,appartement,90.0,11840000.0,131555.56,,,https://www.mubawab.ma/fr/a/8315156/vente-d-un-bel-appartement-%C3%A0-ain-borja-surface-de-90-m%C2%B2-salon-traditionnel-et-syst%C3%A8me-d-antenne-parabolique
mubawab.ma:native:8315546,probable_parsing_error,,probable_error,price_per_m2_above_reference_p99|suspicious_batch_high_price_per_m2,data\external\recovery_archive\20260902T224619Z\misplaced_notebook_data\data\raw\maisondelux_raw.csv,Larache,appartement,97.0,7770000.0,80103.09,,,https://www.mubawab.ma/fr/a/8315546/bel-appartement-%C3%A0-vendre-%C3%A0-larache-surface-totale-97-m%C2%B2-avec-ascenseur-et-terrasse
mubawab.ma:native:8315872,probable_parsing_error,,probable_error,price_per_m2_above_reference_p99|suspicious_batch_high_price_per_m2,data\external\recovery_archive\20260902T224619Z\misplaced_notebook_data\data\raw\maisondelux_raw.csv,Casablanca,studio,61.0,7976000.0,130754.1,,,https://www.mubawab.ma/fr/a/8315872/studio-de-61-m%C2%B2-%C3%A0-vendre-%C3%A0-mers-sultan
mubawab.ma:native:8316546,probable_parsing_error,,probable_error,price_per_m2_above_reference_p99|suspicious_batch_high_price_per_m2,data\external\recovery_archive\20260902T224619Z\misplaced_notebook_data\data\raw\maisondelux_raw.csv,Bouskoura,appartement,77.0,9630000.0,125064.94,,,https://www.mubawab.ma/fr/a/8316546/appartement-neuf-%C3%A0-vendre-%C3%A0-victoria
mubawab.ma:native:8316786,probable_parsing_error,,probable_error,price_per_m2_above_reference_p99|suspicious_batch_high_price_per_m2,data\external\recovery_archive\20260902T224619Z\misplaced_notebook_data\data\raw\maisondelux_raw.csv,Marrakech,appartement,90.0,7780000.0,86444.44,,,https://www.mubawab.ma/fr/a/8316786/vente-appartement-%C3%A0-azzouzia
mubawab.ma:native:8317554,probable_parsing_error,,probable_error,price_per_m2_above_reference_p99|suspicious_batch_high_price_per_m2,data\external\recovery_archive\20260902T224619Z\misplaced_notebook_data\data\raw\maisondelux_raw.csv,Casablanca,appartement,81.0,6920000.0,85432.1,,,https://www.mubawab.ma/fr/a/8317554/appartement-a-vendre-roches-noires
mubawab.ma:native:8317771,probable_parsing_error,,probable_error,price_above_p99|price_per_m2_above_reference_p99|suspicious_batch_high_price_per_m2,data\external\recovery_archive\20260902T224619Z\misplaced_notebook_data\data\raw\maisondelux_raw.csv,Agadir,unknown,121.0,13500000.0,111570.25,,,https://www.mubawab.ma/fr/a/8317771/agadir-bay-unit%C3%A9-d-angle-premium-3-chambres
mubawab.ma:native:8317787,probable_parsing_error,,probable_error,price_per_m2_above_reference_p99|suspicious_batch_high_price_per_m2,data\external\recovery_archive\20260902T224619Z\misplaced_notebook_data\data\raw\maisondelux_raw.csv,Casablanca,appartement,69.0,5600000.0,81159.42,,,https://www.mubawab.ma/fr/a/8317787/appartement-centre-benjdia
mubawab.ma:native:8318270,probable_parsing_error,,probable_error,price_per_m2_above_reference_p99|suspicious_batch_high_price_per_m2,data\external\recovery_archive\20260902T224619Z\misplaced_notebook_data\data\raw\maisondelux_raw.csv,Casablanca,appartement,60.0,5690000.0,94833.33,,,https://www.mubawab.ma/fr/a/8318270/appartement-%C3%A0-vendre-ou-%C3%A0-louer-60m%C2%B2-%C3%A0-ain-sebaa
mubawab.ma:native:8318411,probable_parsing_error,,probable_error,price_above_p99|price_per_m2_above_reference_p99|suspicious_batch_high_price_per_m2,data\external\recovery_archive\20260902T224619Z\misplaced_notebook_data\data\raw\maisondelux_raw.csv,Casablanca,appartement,91.0,12750000.0,140109.89,,,https://www.mubawab.ma/fr/a/8318411/appartement-%C3%A0-vendre-91-m%C2%B2-2-chambres-oulfa-casablanca
mubawab.ma:native:8319090,probable_parsing_error,,probable_error,price_per_m2_above_reference_p99|suspicious_batch_high_price_per_m2,data\external\recovery_archive\20260902T224619Z\misplaced_notebook_data\data\raw\maisondelux_raw.csv,Casablanca,appartement,62.0,6530000.0,105322.58,,,https://www.mubawab.ma/fr/a/8319090/appartement-%C3%A0-vendre-62-m%C2%B2-2-chambres-a%C3%AFn-seba%C3%A2-casablanca
mubawab.ma:native:8319511,probable_parsing_error,,probable_error,price_per_m2_above_reference_p99|suspicious_batch_high_price_per_m2,data\external\recovery_archive\20260902T224619Z\misplaced_notebook_data\data\raw\maisondelux_raw.csv,Casablanca,appartement,88.0,10750000.0,122159.09,,,https://www.mubawab.ma/fr/a/8319511/appartement-%C3%A0-vendre-88-m%C2%B2-2-chambres-al-qods-casablanca
mubawab.ma:native:8319598,probable_parsing_error,,probable_error,price_per_m2_above_reference_p99|suspicious_batch_high_price_per_m2,data\external\recovery_archive\20260902T224619Z\misplaced_notebook_data\data\raw\maisondelux_raw.csv,Marrakech,studio,38.0,4670000.0,122894.74,,,https://www.mubawab.ma/fr/a/8319598/jolie-studio-meubl%C3%A9-%C3%A0-vendre-%C3%A0-hivernage
mubawab.ma:native:8319893,probable_parsing_error,,probable_error,price_per_m2_above_reference_p99|suspicious_batch_high_price_per_m2,data\external\recovery_archive\20260902T224619Z\misplaced_notebook_data\data\raw\maisondelux_raw.csv,Casablanca,appartement,74.0,9610000.0,129864.86,,,https://www.mubawab.ma/fr/a/8319893/appartement-propre-%C3%A0-vendre-hay-al-qods
mubawab.ma:native:8319974,probable_parsing_error,,probable_error,price_per_m2_above_reference_p99|suspicious_batch_high_price_per_m2,data\external\recovery_archive\20260902T224619Z\misplaced_notebook_data\data\raw\maisondelux_raw.csv,Agadir,appartement,60.0,7800000.0,130000.0,,,https://www.mubawab.ma/fr/a/8319974/%E2%80%8Bappartement-%C3%A0-vendre-hay-mohammadi
mubawab.ma:native:8323199,probable_parsing_error,,probable_error,price_above_p99|price_per_m2_above_reference_p99|suspicious_batch_high_price_per_m2,data\external\recovery_archive\20260902T224619Z\misplaced_notebook_data\data\raw\maisondelux_raw.csv,Casablanca,appartement,111.0,12180000.0,109729.73,,,https://www.mubawab.ma/fr/a/8323199/superbe-appartement-%C3%A0-vendre-%C3%A0-ma%C3%A2rif-extension-2-belles-chambres-meubl%C3%A9
mubawab.ma:native:8324479,probable_parsing_error,,probable_error,price_per_m2_above_reference_p99|suspicious_batch_high_price_per_m2,data\external\recovery_archive\20260902T224619Z\misplaced_notebook_data\data\raw\maisondelux_raw.csv,Essaouira,appartement,38.0,4380000.0,115263.16,,,https://www.mubawab.ma/fr/a/8324479/appartement-en-vente-%C3%A0-ghazoua-2-pi%C3%A8ces
mubawab.ma:native:8326154,probable_parsing_error,,probable_error,price_per_m2_above_reference_p99|suspicious_batch_high_price_per_m2,data\external\recovery_archive\20260902T224619Z\misplaced_notebook_data\data\raw\maisondelux_raw.csv,Agadir,appartement,62.0,5800000.0,93548.39,,,https://www.mubawab.ma/fr/a/8326154/appartement-%C3%A0-vendre-%C3%A0-anza-vue-sur-mer
mubawab.ma:native:8327607,probable_parsing_error,,probable_error,price_per_m2_above_reference_p99|suspicious_batch_high_price_per_m2,data\external\recovery_archive\20260902T224619Z\misplaced_notebook_data\data\raw\maisondelux_raw.csv,Casablanca,appartement,56.0,7380000.0,131785.71,,,https://www.mubawab.ma/fr/a/8327607/appartement-%C3%A0-vendre-56-m%C2%B2-2-chambres-oulfa-casablanca
mubawab.ma:native:8327844,probable_parsing_error,,probable_error,price_per_m2_above_reference_p99|suspicious_batch_high_price_per_m2,data\external\recovery_archive\20260902T224619Z\misplaced_notebook_data\data\raw\maisondelux_raw.csv,Casablanca,unknown,90.0,8920000.0,99111.11,,,https://www.mubawab.ma/fr/a/8327844/les-roches-noires
mubawab.ma:native:8328481,probable_parsing_error,,probable_error,price_per_m2_above_reference_p99|suspicious_batch_high_price_per_m2,data\external\recovery_archive\20260902T224619Z\misplaced_notebook_data\data\raw\maisondelux_raw.csv,Casablanca,appartement,76.0,8800000.0,115789.47,,,https://www.mubawab.ma/fr/a/8328481/appartement-%C3%A0-vendre-oulfa
mubawab.ma:native:8329157,probable_parsing_error,,probable_error,price_per_m2_above_reference_p99|suspicious_batch_high_price_per_m2,data\external\recovery_archive\20260902T224619Z\misplaced_notebook_data\data\raw\maisondelux_raw.csv,El Jadida,appartement,92.0,7660000.0,83260.87,,,https://www.mubawab.ma/fr/a/8329157/appartement-en-vente-%C3%A0-quartier-a%C3%A9rodrome-3-grandes-pi%C3%A8ces-salon-marocain-s%C3%A9curit%C3%A9
mubawab.ma:native:8329360,probable_parsing_error,,probable_error,price_per_m2_above_reference_p99|suspicious_batch_high_price_per_m2,data\external\recovery_archive\20260902T224619Z\misplaced_notebook_data\data\raw\maisondelux_raw.csv,Casablanca,appartement,78.0,7500000.0,96153.85,,,https://www.mubawab.ma/fr/a/8329360/appartement-%C3%A0-l-achat-%C3%A0-oulfa-2-grandes-pi%C3%A8ces-places-de-parking-et-beau-jardin
mubawab.ma:native:8330414,probable_parsing_error,,probable_error,price_above_p99|price_per_m2_above_reference_p99|suspicious_batch_high_price_per_m2,data\external\recovery_archive\20260902T224619Z\misplaced_notebook_data\data\raw\maisondelux_raw.csv,Casablanca,appartement,89.0,10979000.0,123359.55,,,https://www.mubawab.ma/fr/a/8330414/bel-appartement-%C3%A0-vendre-%C3%A0-a%C3%AFn-seba%C3%A2
mubawab.ma:native:8330843,probable_parsing_error,,probable_error,price_per_m2_above_reference_p99|suspicious_batch_high_price_per_m2,data\external\recovery_archive\20260902T224619Z\misplaced_notebook_data\data\raw\maisondelux_raw.csv,Casablanca,appartement,75.0,7750000.0,103333.33,,,https://www.mubawab.ma/fr/a/8330843/vente-appartement-75m%C2%B2-%E2%80%93-quartier-a%C3%AFn-seba%C3%A2
mubawab.ma:native:8331652,probable_parsing_error,possible-2809cee3064c,probable_error,price_per_m2_above_reference_p99|suspicious_batch_high_price_per_m2,data\external\recovery_archive\20260902T224619Z\misplaced_notebook_data\data\raw\maisondelux_raw.csv,Casablanca,appartement,57.0,5000000.0,87719.3,,,https://www.mubawab.ma/fr/a/8331652/vend-appartement-%C3%A0-hay-hassani-2-chambres-agr%C3%A9ables
mubawab.ma:native:8332087,probable_parsing_error,,probable_error,price_above_p99|price_per_m2_above_reference_p99|suspicious_batch_high_price_per_m2,data\external\recovery_archive\20260902T224619Z\misplaced_notebook_data\data\raw\maisondelux_raw.csv,Essaouira,appartement,100.0,11880000.0,118800.0,,,https://www.mubawab.ma/fr/a/8332087/appartement-%C3%A0-vendre-en-centre-ville-2-grandes-pi%C3%A8ces-garage-et-terrasse
mubawab.ma:native:8332845,probable_parsing_error,,probable_error,price_per_m2_above_reference_p99|suspicious_batch_high_price_per_m2,data\external\recovery_archive\20260902T224619Z\misplaced_notebook_data\data\raw\maisondelux_raw.csv,Casablanca,appartement,77.0,7850000.0,101948.05,,,https://www.mubawab.ma/fr/a/8332845/a-vendre-appartement-de-77m%C2%B2-maarif-extension
mubawab.ma:native:8332992,probable_parsing_error,,probable_error,price_per_m2_above_reference_p99|suspicious_batch_high_price_per_m2,data\external\recovery_archive\20260902T224619Z\misplaced_notebook_data\data\raw\maisondelux_raw.csv,Agadir,appartement,56.0,5750000.0,102678.57,,,https://www.mubawab.ma/fr/a/8332992/appartement-hay-mohammadi-agadir
mubawab.ma:native:8333718,probable_parsing_error,,probable_error,price_per_m2_above_reference_p99|suspicious_batch_high_price_per_m2,data\external\recovery_archive\20260902T224619Z\misplaced_notebook_data\data\raw\maisondelux_raw.csv,Berrechid,appartement,126.0,9560000.0,75873.02,,,https://www.mubawab.ma/fr/a/8333718/appartement-spacieux-de-126-m%C2%B2-%E2%80%93-3%C3%A8me-%C3%A9tage-%E2%80%93-quartier-al-izdihar-berrechid
mubawab.ma:native:8334001,probable_parsing_error,,probable_error,price_per_m2_above_reference_p99|suspicious_batch_high_price_per_m2,data\external\recovery_archive\20260902T224619Z\misplaced_notebook_data\data\raw\maisondelux_raw.csv,Berrechid,unknown,64.0,8400000.0,131250.0,,,https://www.mubawab.ma/fr/a/8334001/r%C3%A9sidence-de-la-lumi%C3%A8re-pr%C3%A8s-de-la-promesse-du-printemps-%C3%A0-berrechid
mubawab.ma:native:8334716,probable_parsing_error,,probable_error,price_per_m2_above_reference_p99|suspicious_batch_high_price_per_m2,data\external\recovery_archive\20260902T224619Z\misplaced_notebook_data\data\raw\maisondelux_raw.csv,El Jadida,appartement,67.0,7400000.0,110447.76,,,https://www.mubawab.ma/fr/a/8334716/appartement-en-vente-%C3%A0-najmat-al-janoub-2-chambres
mubawab.ma:native:8335085,probable_parsing_error,,probable_error,price_above_p99|price_per_m2_above_reference_p99|suspicious_batch_high_price_per_m2,data\external\recovery_archive\20260902T224619Z\misplaced_notebook_data\data\raw\maisondelux_raw.csv,Agadir,appartement,112.0,11450000.0,102232.14,,,https://www.mubawab.ma/fr/a/8335085/vend-appartement-%C3%A0-hay-houda-3-belles-chambres-parking-et-ascenseur
mubawab.ma:native:8335773,probable_parsing_error,,probable_error,price_per_m2_above_reference_p99|suspicious_batch_high_price_per_m2,data\external\recovery_archive\20260902T224619Z\misplaced_notebook_data\data\raw\maisondelux_raw.csv,Bouskoura,appartement,102.0,7836000.0,76823.53,,,https://www.mubawab.ma/fr/a/8335773/appartement-neuf-%C3%A0-vendre-%C3%A0-bouskoura-victoria
mubawab.ma:native:8338108,probable_parsing_error,,probable_error,price_above_p99|price_per_m2_above_reference_p99|suspicious_batch_high_price_per_m2,data\external\recovery_archive\20260902T224619Z\misplaced_notebook_data\data\raw\maisondelux_raw.csv,Casablanca,appartement,130.0,11850000.0,91153.85,,,https://www.mubawab.ma/fr/a/8338108/appartement-%C3%A0-vendre-%C3%A0-californie-3-belles-chambres
mubawab.ma:native:8342125,probable_parsing_error,,probable_error,price_per_m2_above_reference_p99|suspicious_batch_high_price_per_m2,data\external\recovery_archive\20260902T224619Z\misplaced_notebook_data\data\raw\maisondelux_raw.csv,Casablanca,appartement,75.0,6520000.0,86933.33,,,https://www.mubawab.ma/fr/a/8342125/appartement-a-vendre-a-anassi-1er-etage
mubawab.ma:native:8342322,probable_parsing_error,,probable_error,price_above_p99|price_per_m2_above_reference_p99|suspicious_batch_high_price_per_m2,data\external\recovery_archive\20260902T224619Z\misplaced_notebook_data\data\raw\maisondelux_raw.csv,Agadir,appartement,114.0,11200000.0,98245.61,,,https://www.mubawab.ma/fr/a/8342322/appartement-a-vendre-a-hay-salam-imm-priv%C3%A9
mubawab.ma:native:8342416,probable_parsing_error,,probable_error,price_above_p99|price_per_m2_above_reference_p99|suspicious_batch_high_price_per_m2,data\external\recovery_archive\20260902T224619Z\misplaced_notebook_data\data\raw\maisondelux_raw.csv,Casablanca,appartement,104.0,12936000.0,124384.62,,,https://www.mubawab.ma/fr/a/8342416/appartement-%C3%A0-2-mars
mubawab.ma:native:8343672,probable_parsing_error,,probable_error,price_above_p99|price_per_m2_above_reference_p99|suspicious_batch_high_price_per_m2,data\external\recovery_archive\20260902T224619Z\misplaced_notebook_data\data\raw\maisondelux_raw.csv,El Jadida,appartement,155.0,16660000.0,107483.87,,,https://www.mubawab.ma/fr/a/8343672/appartement-2-chambres-%C3%A0-autre-secteur-el-jadida
mubawab.ma:native:8346040,probable_parsing_error,,probable_error,price_above_p99|price_per_m2_above_reference_p99|suspicious_batch_high_price_per_m2,data\external\recovery_archive\20260902T224619Z\misplaced_notebook_data\data\raw\maisondelux_raw.csv,Casablanca,appartement,108.0,11100000.0,102777.78,,,https://www.mubawab.ma/fr/a/8346040/appartement-%C3%A0-l-achat-%C3%A0-mers-sultan-surface-de-108-m%C2%B2-meubl%C3%A9
mubawab.ma:native:8346754,probable_parsing_error,,probable_error,price_per_m2_above_reference_p99|suspicious_batch_high_price_per_m2,data\external\recovery_archive\20260902T224619Z\misplaced_notebook_data\data\raw\maisondelux_raw.csv,Casablanca,appartement,60.0,6450000.0,107500.0,,,https://www.mubawab.ma/fr/a/8346754/appartement-%C3%A0-vendre-60m2-%C3%A0-casa-sidi-moumen
mubawab.ma:native:8346772,probable_parsing_error,,probable_error,price_per_m2_above_reference_p99|suspicious_batch_high_price_per_m2,data\external\recovery_archive\20260902T224619Z\misplaced_notebook_data\data\raw\maisondelux_raw.csv,Casablanca,appartement,71.0,10530000.0,148309.86,,,https://www.mubawab.ma/fr/a/8346772/vente-d-un-bel-appartement-%C3%A0-sidi-moumen-1-pi%C3%A8ce-cuisine-enti%C3%A8rement-%C3%A9quip%C3%A9e
mubawab.ma:native:8348103,probable_parsing_error,,probable_error,price_above_p99|price_per_m2_above_reference_p99|suspicious_batch_high_price_per_m2,data\external\recovery_archive\20260902T224619Z\misplaced_notebook_data\data\raw\maisondelux_raw.csv,Casablanca,appartement,90.0,12980000.0,144222.22,,,https://www.mubawab.ma/fr/a/8348103/appartement-en-vente-%C3%A0-belv%C3%A9d%C3%A8re-2-belles-chambres
mubawab.ma:native:8348726,probable_parsing_error,,probable_error,price_per_m2_above_reference_p99|suspicious_batch_high_price_per_m2,data\external\recovery_archive\20260902T224619Z\misplaced_notebook_data\data\raw\maisondelux_raw.csv,Berrechid,appartement,90.0,8480000.0,94222.22,,,https://www.mubawab.ma/fr/a/8348726/appartement-%C3%A0-vendre-%C3%A0-berrechid-3-grandes-pi%C3%A8ces-salon-traditionnel
mubawab.ma:native:8350508,probable_parsing_error,,probable_error,price_per_m2_above_reference_p99|suspicious_batch_high_price_per_m2,data\external\recovery_archive\20260902T224619Z\misplaced_notebook_data\data\raw\maisondelux_raw.csv,Casablanca,appartement,70.0,8460000.0,120857.14,,,https://www.mubawab.ma/fr/a/8350508/appartement-ensoleill%C3%A9-%C3%A0-sidi-moumen
mubawab.ma:native:8350848,probable_parsing_error,,probable_error,price_above_p99|price_per_m2_above_reference_p99|suspicious_batch_high_price_per_m2,data\external\recovery_archive\20260902T224619Z\misplaced_notebook_data\data\raw\maisondelux_raw.csv,Marrakech,duplex,120.0,12650000.0,105416.67,,,https://www.mubawab.ma/fr/a/8350848/duplex-d%E2%80%99exception-avec-piscine-priv%C3%A9e-au-c%C5%93ur-de-gu%C3%A9liz-%E2%80%93-marrakech
mubawab.ma:native:8351442,probable_parsing_error,,probable_error,price_per_m2_above_reference_p99|suspicious_batch_high_price_per_m2,data\external\recovery_archive\20260902T224619Z\misplaced_notebook_data\data\raw\maisondelux_raw.csv,Agadir,appartement,77.0,5900000.0,76623.38,,,https://www.mubawab.ma/fr/a/8351442/appartement-proximit%C3%A9-souk-el-had
mubawab.ma:native:8352270,probable_parsing_error,,probable_error,price_above_p99|price_per_m2_above_reference_p99|suspicious_batch_high_price_per_m2,data\external\recovery_archive\20260902T224619Z\misplaced_notebook_data\data\raw\maisondelux_raw.csv,Casablanca,appartement,100.0,11400000.0,114000.0,,,https://www.mubawab.ma/fr/a/8352270/bel-appartement-a-gauthier
mubawab.ma:native:8352848,probable_parsing_error,,probable_error,price_per_m2_above_reference_p99|suspicious_batch_high_price_per_m2,data\external\recovery_archive\20260902T224619Z\misplaced_notebook_data\data\raw\maisondelux_raw.csv,Larache,appartement,77.0,6650000.0,86363.64,,,https://www.mubawab.ma/fr/a/8352848/appartement-%C3%A0-vendre-2-belles-chambres-antenne-satellite
mubawab.ma:native:8353505,probable_parsing_error,,probable_error,price_per_m2_above_reference_p99|suspicious_batch_high_price_per_m2,data\external\recovery_archive\20260902T224619Z\misplaced_notebook_data\data\raw\maisondelux_raw.csv,Tanger,appartement,99.0,9980000.0,100808.08,,,https://www.mubawab.ma/fr/a/8353505/appartement-tres-propre-quartier-drissia
mubawab.ma:native:8353978,probable_parsing_error,,probable_error,price_per_m2_above_reference_p99|suspicious_batch_high_price_per_m2,data\external\recovery_archive\20260902T224619Z\misplaced_notebook_data\data\raw\maisondelux_raw.csv,Casablanca,appartement,63.0,5460000.0,86666.67,,,https://www.mubawab.ma/fr/a/8353978/appartement-a-vendre-hay-hassani
mubawab.ma:native:8354281,probable_parsing_error,,probable_error,price_per_m2_above_reference_p99|suspicious_batch_high_price_per_m2,data\external\recovery_archive\20260902T224619Z\misplaced_notebook_data\data\raw\maisondelux_raw.csv,Bouskoura,unknown,98.0,10950000.0,111734.69,,,https://www.mubawab.ma/fr/a/8354281/superbe-appartment-avec-jardin-privatif-victoria
mubawab.ma:native:8357703,probable_parsing_error,,probable_error,price_per_m2_above_reference_p99|suspicious_batch_high_price_per_m2,data\external\recovery_archive\20260902T224619Z\misplaced_notebook_data\data\raw\maisondelux_raw.csv,Casablanca,appartement,84.0,7900000.0,94047.62,,,https://www.mubawab.ma/fr/a/8357703/appart-84m-%C3%A0-sidi-maarouf-2fa%C3%A7ades-tres-ensoleill%C3%A9
mubawab.ma:native:8357723,probable_parsing_error,,probable_error,price_above_p99|price_per_m2_above_reference_p99|suspicious_batch_high_price_per_m2,data\external\recovery_archive\20260902T224619Z\misplaced_notebook_data\data\raw\maisondelux_raw.csv,Bouskoura,appartement,127.0,15950000.0,125590.55,,,https://www.mubawab.ma/fr/a/8357723/appartement-avec-jardin-%C3%A0vendre-bouskoura-victoria
mubawab.ma:native:8358686,probable_parsing_error,,probable_error,price_above_p99|price_per_m2_above_reference_p99|suspicious_batch_high_price_per_m2,data\external\recovery_archive\20260902T224619Z\misplaced_notebook_data\data\raw\maisondelux_raw.csv,Agadir,appartement,78.0,11700000.0,150000.0,,,https://www.mubawab.ma/fr/a/8358686/vente-d-un-bel-appartement-%C3%A0-salam-1-pi%C3%A8ce-meubl%C3%A9
mubawab.ma:native:8358828,probable_parsing_error,,probable_error,price_per_m2_above_reference_p99|suspicious_batch_high_price_per_m2,data\external\recovery_archive\20260902T224619Z\misplaced_notebook_data\data\raw\maisondelux_raw.csv,Marrakech,unknown,55.0,4900000.0,89090.91,,,https://www.mubawab.ma/fr/a/8358828/nouveau-d%C3%A9veloppement-r%C3%A9sidentiel-en-pr%C3%A9vente-%C3%A0-gueliz-%C3%A0-seulement-5-minutes-de-carr%C3%A9-eden
mubawab.ma:native:8359255,probable_parsing_error,,probable_error,price_per_m2_above_reference_p99|suspicious_batch_high_price_per_m2,data\external\recovery_archive\20260902T224619Z\misplaced_notebook_data\data\raw\maisondelux_raw.csv,Berrechid,appartement,96.0,10730000.0,111770.83,,,https://www.mubawab.ma/fr/a/8359255/appartement-%C3%A0-vendre-96-m%C2%B2-2-chambres-sidi-rahal-chatai-berrechid
mubawab.ma:native:8359338,probable_parsing_error,,probable_error,price_per_m2_above_reference_p99|suspicious_batch_high_price_per_m2,data\external\recovery_archive\20260902T224619Z\misplaced_notebook_data\data\raw\maisondelux_raw.csv,Casablanca,appartement,85.0,8815000.0,103705.88,,,https://www.mubawab.ma/fr/a/8359338/appartement-%C3%A0-vendre-85-m%C2%B2-%C3%A0-ain-sebaa
mubawab.ma:native:8359858,probable_parsing_error,,probable_error,price_per_m2_above_reference_p99|suspicious_batch_high_price_per_m2,data\external\recovery_archive\20260902T224619Z\misplaced_notebook_data\data\raw\maisondelux_raw.csv,Agadir,appartement,95.0,7600000.0,80000.0,,,https://www.mubawab.ma/fr/a/8359858/appartement-gros-%C5%93uvres-taddart-anza-95m2
mubawab.ma:native:8360937,probable_parsing_error,,probable_error,price_per_m2_above_reference_p99|suspicious_batch_high_price_per_m2,data\external\recovery_archive\20260902T224619Z\misplaced_notebook_data\data\raw\maisondelux_raw.csv,Agadir,appartement,58.0,7600000.0,131034.48,,,https://www.mubawab.ma/fr/a/8360937/appartement-de-58-m%C2%B2-%C3%A0-vendre-%C3%A0-hay-adrar-%E2%80%93-agadir
mubawab.ma:native:8361848,probable_parsing_error,,probable_error,price_above_p99|price_per_m2_above_reference_p99|suspicious_batch_high_price_per_m2,data\external\recovery_archive\20260902T224619Z\misplaced_notebook_data\data\raw\maisondelux_raw.csv,Agadir,appartement,124.0,11860000.0,95645.16,,,https://www.mubawab.ma/fr/a/8361848/vente-d-un-bel-appartement-%C3%A0-tilila-1-pi%C3%A8ce
mubawab.ma:native:8362336,probable_parsing_error,,probable_error,price_above_p99|price_per_m2_above_reference_p99|suspicious_batch_high_price_per_m2,data\external\recovery_archive\20260902T224619Z\misplaced_notebook_data\data\raw\maisondelux_raw.csv,Casablanca,appartement,114.0,10969000.0,96219.3,,,https://www.mubawab.ma/fr/a/8362336/appartement-%C3%A0-vendre-114-m%C2%B2-%C3%A0-casablanca-bernoussi
mubawab.ma:native:8362659,probable_parsing_error,,probable_error,price_per_m2_above_reference_p99|suspicious_batch_high_price_per_m2,data\external\recovery_archive\20260902T224619Z\misplaced_notebook_data\data\raw\maisondelux_raw.csv,Casablanca,appartement,78.0,7820000.0,100256.41,,,https://www.mubawab.ma/fr/a/8362659/vendre-un-appartement-%C3%A0-hay-idrissia-superficie-78-m%C2%B2-syst%C3%A8me-de-t%C3%A9l%C3%A9vision-par-satellite
mubawab.ma:native:8362813,probable_parsing_error,possible-484c7ff39cd4,probable_error,price_per_m2_above_reference_p99|suspicious_batch_high_price_per_m2,data\external\recovery_archive\20260902T224619Z\misplaced_notebook_data\data\raw\maisondelux_raw.csv,Casablanca,appartement,90.0,10000000.0,111111.11,,,https://www.mubawab.ma/fr/a/8362813/vend-appartement-%C3%A0-bernoussi-1-pi%C3%A8ce-meubl%C3%A9
mubawab.ma:native:8363115,probable_parsing_error,,probable_error,price_per_m2_above_reference_p99|suspicious_batch_high_price_per_m2,data\external\recovery_archive\20260902T224619Z\misplaced_notebook_data\data\raw\maisondelux_raw.csv,Casablanca,appartement,63.0,7440000.0,118095.24,,,https://www.mubawab.ma/fr/a/8363115/appartement-%C3%A9l%C3%A9gant-%C3%A0-vendre-%C3%A0-anassi-15-%E2%80%93-emplace
mubawab.ma:native:8363132,probable_parsing_error,,probable_error,price_above_p99|price_per_m2_above_reference_p99|suspicious_batch_high_price_per_m2,data\external\recovery_archive\20260902T224619Z\misplaced_notebook_data\data\raw\maisondelux_raw.csv,Casablanca,appartement,103.0,12980000.0,126019.42,,,https://www.mubawab.ma/fr/a/8363132/appartement-%C3%A0-vendre-103-m%C2%B2-2-chambres-oulfa-casablanca
mubawab.ma:native:8363351,probable_parsing_error,,probable_error,price_per_m2_above_reference_p99|suspicious_batch_high_price_per_m2,data\external\recovery_archive\20260902T224619Z\misplaced_notebook_data\data\raw\maisondelux_raw.csv,Casablanca,appartement,60.0,6620000.0,110333.33,,,https://www.mubawab.ma/fr/a/8363351/appartement-%C3%A0-vendre-%E2%80%93-sidi-ma%C3%A2rouf-chaimaa
mubawab.ma:native:8363666,probable_parsing_error,,probable_error,price_per_m2_above_reference_p99|suspicious_batch_high_price_per_m2,data\external\recovery_archive\20260902T224619Z\misplaced_notebook_data\data\raw\maisondelux_raw.csv,Chefchaouen,maison,100.0,7780000.0,77800.0,,,https://www.mubawab.ma/fr/a/8363666/maison-%C3%A0-vendre-%C3%A0-elhaouta-3-chambres-2-terrasses
mubawab.ma:native:8363682,probable_parsing_error,,probable_error,price_per_m2_above_reference_p99|suspicious_batch_high_price_per_m2,data\external\recovery_archive\20260902T224619Z\misplaced_notebook_data\data\raw\maisondelux_raw.csv,Casablanca,appartement,76.0,7560000.0,99473.68,,,https://www.mubawab.ma/fr/a/8363682/appartement-76m%C2%B2-r%C3%A9sidence-el-farah-hay-hassani
mubawab.ma:native:8363736,probable_parsing_error,,probable_error,price_above_p99|price_per_m2_above_reference_p99|suspicious_batch_high_price_per_m2,data\external\recovery_archive\20260902T224619Z\misplaced_notebook_data\data\raw\maisondelux_raw.csv,El Jadida,appartement,127.0,14720000.0,115905.51,,,https://www.mubawab.ma/fr/a/8363736/vente-d-un-bel-appartement-%C3%A0-hay-essalam-surface-totale-127-m%C2%B2-porte-blind%C3%A9e-antenne-parabolique
mubawab.ma:native:8363879,probable_parsing_error,,probable_error,price_per_m2_above_reference_p99|suspicious_batch_high_price_per_m2,data\external\recovery_archive\20260902T224619Z\misplaced_notebook_data\data\raw\maisondelux_raw.csv,El Jadida,appartement,72.0,8400000.0,116666.67,,,https://www.mubawab.ma/fr/a/8363879/vend-appartement-%C3%A0-al-boustane-surface-de-72-m%C2%B2
mubawab.ma:native:8364671,probable_parsing_error,,probable_error,price_per_m2_above_reference_p99|suspicious_batch_high_price_per_m2,data\external\recovery_archive\20260902T224619Z\misplaced_notebook_data\data\raw\maisondelux_raw.csv,Casablanca,appartement,59.0,7708000.0,130644.07,,,https://www.mubawab.ma/fr/a/8364671/appartement-%C3%A0-vendre-59-m%C2%B2-%C3%A0-ain-sebaa
mubawab.ma:native:8366845,probable_parsing_error,,probable_error,price_per_m2_above_reference_p99|suspicious_batch_high_price_per_m2,data\external\recovery_archive\20260902T224619Z\misplaced_notebook_data\data\raw\maisondelux_raw.csv,Agadir,appartement,57.0,6560000.0,115087.72,,,https://www.mubawab.ma/fr/a/8366845/appartements-neufs-2-chambres-%E2%80%93-haut-anza-agadir
mubawab.ma:native:8367517,probable_parsing_error,,probable_error,price_per_m2_above_reference_p99|suspicious_batch_high_price_per_m2,data\external\recovery_archive\20260902T224619Z\misplaced_notebook_data\data\raw\maisondelux_raw.csv,Agadir,appartement,65.0,6820000.0,104923.08,,,https://www.mubawab.ma/fr/a/8367517/appartement-quartier-salam-on-pose-ses-valises
mubawab.ma:native:8368634,probable_parsing_error,,probable_error,price_per_m2_above_reference_p99|suspicious_batch_high_price_per_m2,data\external\recovery_archive\20260902T224619Z\misplaced_notebook_data\data\raw\maisondelux_raw.csv,Marrakech,appartement,43.0,4950000.0,115116.28,,,https://www.mubawab.ma/fr/a/8368634/r%C3%A9servez-votre-appartement-d%C3%A8s-maintenant-au-c%C5%93ur-de-gu%C3%A9liz-marrakech
mubawab.ma:native:8369845,probable_parsing_error,,probable_error,price_per_m2_above_reference_p99|suspicious_batch_high_price_per_m2,data\external\recovery_archive\20260902T224619Z\misplaced_notebook_data\data\raw\maisondelux_raw.csv,Berrechid,appartement,55.0,5330000.0,96909.09,,,https://www.mubawab.ma/fr/a/8369845/appartement-%C3%A0-vendre-dans-le-quartier-al-qabbaj-berrechid
mubawab.ma:native:8369912,probable_parsing_error,,probable_error,price_per_m2_above_reference_p99|suspicious_batch_high_price_per_m2,data\external\recovery_archive\20260902T224619Z\misplaced_notebook_data\data\raw\maisondelux_raw.csv,Casablanca,appartement,58.0,6690000.0,115344.83,,,https://www.mubawab.ma/fr/a/8369912/vend-appartement-%C3%A0-oulfa-superficie-58-m%C2%B2-antenne-parabolique
mubawab.ma:native:8372871,probable_parsing_error,,probable_error,price_per_m2_above_reference_p99|suspicious_batch_high_price_per_m2,data\external\recovery_archive\20260902T224619Z\misplaced_notebook_data\data\raw\maisondelux_raw.csv,Casablanca,appartement,45.0,5690000.0,126444.44,,,https://www.mubawab.ma/fr/a/8372871/appartement-en-vente-%C3%A0-belv%C3%A9d%C3%A8re-1-pi%C3%A8ce-concierge-et-climatisation
mubawab.ma:native:8372878,probable_parsing_error,,probable_error,price_per_m2_above_reference_p99|suspicious_batch_high_price_per_m2,data\external\recovery_archive\20260902T224619Z\misplaced_notebook_data\data\raw\maisondelux_raw.csv,Casablanca,appartement,65.0,6950000.0,106923.08,,,https://www.mubawab.ma/fr/a/8372878/bel-appartement-%C3%A0-vendre-%C3%A0-belv%C3%A9d%C3%A8re-1-pi%C3%A8ce-terrasse-et-ascenseur
mubawab.ma:native:8372895,probable_parsing_error,,probable_error,price_above_p99|price_per_m2_above_reference_p99|suspicious_batch_high_price_per_m2,data\external\recovery_archive\20260902T224619Z\misplaced_notebook_data\data\raw\maisondelux_raw.csv,Agadir,appartement,85.0,11500000.0,135294.12,,,https://www.mubawab.ma/fr/a/8372895/appartement-%C3%A0-vendre-%C3%A0-riad-salam-3-grandes-pi%C3%A8ces-bien-meubl%C3%A9
mubawab.ma:native:8373345,probable_parsing_error,,probable_error,price_per_m2_above_reference_p99|suspicious_batch_high_price_per_m2,data\external\recovery_archive\20260902T224619Z\misplaced_notebook_data\data\raw\maisondelux_raw.csv,Agadir,appartement,64.0,7590000.0,118593.75,,,https://www.mubawab.ma/fr/a/8373345/appartements-neufs-2-chambres-%E2%80%93-haut-anza-agadir
mubawab.ma:native:8373603,probable_parsing_error,,probable_error,price_per_m2_above_reference_p99|suspicious_batch_high_price_per_m2,data\external\recovery_archive\20260902T224619Z\misplaced_notebook_data\data\raw\maisondelux_raw.csv,Berrechid,appartement,80.0,9260000.0,115750.0,,,https://www.mubawab.ma/fr/a/8373603/appartement-%C3%A0-vendre-bloc-pam-berrechid-80m2
mubawab.ma:native:8373797,probable_parsing_error,,probable_error,price_per_m2_above_reference_p99|suspicious_batch_high_price_per_m2,data\external\recovery_archive\20260902T224619Z\misplaced_notebook_data\data\raw\maisondelux_raw.csv,Marrakech,appartement,61.0,6540000.0,107213.11,,,https://www.mubawab.ma/fr/a/8373797/vente-appartement-%C3%A0-es-saada
mubawab.ma:native:8374278,probable_parsing_error,,probable_error,price_per_m2_above_reference_p99|suspicious_batch_high_price_per_m2,data\external\recovery_archive\20260902T224619Z\misplaced_notebook_data\data\raw\maisondelux_raw.csv,Marrakech,appartement,80.0,6840000.0,85500.0,,,https://www.mubawab.ma/fr/a/8374278/bel-appartement-%C3%A0-vendre-%C3%A0-mhamid-4-grandes-pi%C3%A8ces-porte-blind%C3%A9e-s%C3%A9curit%C3%A9
mubawab.ma:native:8375586,probable_parsing_error,,probable_error,price_above_p99|price_per_m2_above_reference_p99|suspicious_batch_high_price_per_m2,data\external\recovery_archive\20260902T224619Z\misplaced_notebook_data\data\raw\maisondelux_raw.csv,Casablanca,appartement,95.0,11200000.0,117894.74,,,https://www.mubawab.ma/fr/a/8375586/bel-appartement-%C3%A0-vendre-%C3%A0-mers-sultan-surface-totale-95-m%C2%B2
mubawab.ma:native:8376439,probable_parsing_error,,probable_error,price_per_m2_above_reference_p99|suspicious_batch_high_price_per_m2,data\external\recovery_archive\20260902T224619Z\misplaced_notebook_data\data\raw\maisondelux_raw.csv,Berrechid,appartement,99.0,10650000.0,107575.76,,,https://www.mubawab.ma/fr/a/8376439/appartement-en-vente-%C3%A0-berrechid-surface-totale-99-m%C2%B2-salon-traditionnel-marocain-r%C3%A9sidence-s%C3%A9curis%C3%A9e
mubawab.ma:native:8376475,probable_parsing_error,,probable_error,price_above_p99|price_per_m2_above_reference_p99|suspicious_batch_high_price_per_m2,data\external\recovery_archive\20260902T224619Z\misplaced_notebook_data\data\raw\maisondelux_raw.csv,Marrakech,appartement,120.0,15000000.0,125000.0,,,https://www.mubawab.ma/fr/a/8376475/a-vendre-superbe-appartement-mohamed-vi-avec-piscine-priv%C3%A9e
mubawab.ma:native:8376947,probable_parsing_error,,probable_error,price_above_p99|price_per_m2_above_reference_p99|suspicious_batch_high_price_per_m2,data\external\recovery_archive\20260902T224619Z\misplaced_notebook_data\data\raw\maisondelux_raw.csv,Berrechid,appartement,121.0,14720000.0,121652.89,,,https://www.mubawab.ma/fr/a/8376947/vente-appartement-nassr-allah-berrechid
mubawab.ma:native:8378695,probable_parsing_error,,probable_error,price_per_m2_above_reference_p99|suspicious_batch_high_price_per_m2,data\external\recovery_archive\20260902T224619Z\misplaced_notebook_data\data\raw\maisondelux_raw.csv,Casablanca,appartement,99.0,7850000.0,79292.93,,,https://www.mubawab.ma/fr/a/8378695/appartement-%C3%A0-vendre-99-m%C2%B2-4-chambres-oulfa-casablanca
mubawab.ma:native:8381281,probable_parsing_error,,probable_error,price_per_m2_above_reference_p99|suspicious_batch_high_price_per_m2,data\external\recovery_archive\20260902T224619Z\misplaced_notebook_data\data\raw\maisondelux_raw.csv,El Jadida,appartement,68.0,7520000.0,110588.24,,,https://www.mubawab.ma/fr/a/8381281/bel-appartement-%C3%A0-vendre-%C3%A0-al-boustane-2-grandes-pi%C3%A8ces-plat-spatial-et-porte-robuste-et-excellente
mubawab.ma:native:8382078,probable_parsing_error,,probable_error,price_per_m2_above_reference_p99|suspicious_batch_high_price_per_m2,data\external\recovery_archive\20260902T224619Z\misplaced_notebook_data\data\raw\maisondelux_raw.csv,Casablanca,appartement,60.0,6720000.0,112000.0,,,https://www.mubawab.ma/fr/a/8382078/appartement-%C3%A0-vendre-%C3%A0-oulfa
mubawab.ma:native:8382608,probable_parsing_error,,probable_error,price_per_m2_above_reference_p99|suspicious_batch_high_price_per_m2,data\external\recovery_archive\20260902T224619Z\misplaced_notebook_data\data\raw\maisondelux_raw.csv,Marrakech,appartement,108.0,9850000.0,91203.7,,,https://www.mubawab.ma/fr/a/8382608/vente-appartement-%C3%A0-azzouzia
mubawab.ma:native:8382612,probable_parsing_error,,probable_error,price_per_m2_above_reference_p99|suspicious_batch_high_price_per_m2,data\external\recovery_archive\20260902T224619Z\misplaced_notebook_data\data\raw\maisondelux_raw.csv,Casablanca,appartement,71.0,8710000.0,122676.06,,,https://www.mubawab.ma/fr/a/8382612/vente-appartement-%C3%A0-sidi-bernoussi
mubawab.ma:native:8382992,probable_parsing_error,,probable_error,price_per_m2_above_reference_p99|suspicious_batch_high_price_per_m2,data\external\recovery_archive\20260902T224619Z\misplaced_notebook_data\data\raw\maisondelux_raw.csv,Marrakech,unknown,32.0,3950000.0,123437.5,,,https://www.mubawab.ma/fr/a/8382992/programme-neuf-avec-piscine-%C3%A0-gu%C3%A9liz-plein-centre
mubawab.ma:native:8383774,probable_parsing_error,,probable_error,price_per_m2_above_reference_p99|suspicious_batch_high_price_per_m2,data\external\recovery_archive\20260902T224619Z\misplaced_notebook_data\data\raw\maisondelux_raw.csv,Casablanca,appartement,106.0,8820000.0,83207.55,,,https://www.mubawab.ma/fr/a/8383774/appartement-%C3%A0-vendre-%C3%A0-al-qods-3-chambres
mubawab.ma:native:8383974,probable_parsing_error,,probable_error,price_per_m2_above_reference_p99|suspicious_batch_high_price_per_m2,data\external\recovery_archive\20260902T224619Z\misplaced_notebook_data\data\raw\maisondelux_raw.csv,Casablanca,appartement,69.0,8900000.0,128985.51,,,https://www.mubawab.ma/fr/a/8383974/vente-tr%C3%A8s-bon-appartement-%C3%A0-oulfa
mubawab.ma:native:8384657,probable_parsing_error,,probable_error,price_per_m2_above_reference_p99|suspicious_batch_high_price_per_m2,data\external\recovery_archive\20260902T224619Z\misplaced_notebook_data\data\raw\maisondelux_raw.csv,El Jadida,appartement,68.0,7510000.0,110441.18,,,https://www.mubawab.ma/fr/a/8384657/appartements-au-centre-ville-de-68-m%C3%A8tres
mubawab.ma:native:8384684,probable_parsing_error,,probable_error,price_per_m2_above_reference_p99|suspicious_batch_high_price_per_m2,data\external\recovery_archive\20260902T224619Z\misplaced_notebook_data\data\raw\maisondelux_raw.csv,Agadir,appartement,65.0,8700000.0,133846.15,,,https://www.mubawab.ma/fr/a/8384684/bel-appartement-%C3%A0-vendre-%C3%A0-hay-mohammadi-3-grandes-pi%C3%A8ces-meubl%C3%A9
mubawab.ma:native:8385033,probable_parsing_error,,probable_error,price_above_p99|price_per_m2_above_reference_p99|suspicious_batch_high_price_per_m2,data\external\recovery_archive\20260902T224619Z\misplaced_notebook_data\data\raw\maisondelux_raw.csv,Tanger,unknown,148.0,12850000.0,86824.32,,,https://www.mubawab.ma/fr/a/8385033/vivez-face-%C3%A0-la-mer-%E2%80%94-une-adresse-d%E2%80%99exception-%C3%A0-malabata
mubawab.ma:native:8385382,probable_parsing_error,,probable_error,price_per_m2_above_reference_p99|suspicious_batch_high_price_per_m2,data\external\recovery_archive\20260902T224619Z\misplaced_notebook_data\data\raw\maisondelux_raw.csv,Casablanca,appartement,70.0,9600000.0,137142.86,,,https://www.mubawab.ma/fr/a/8385382/appartement-%C3%A0-vendre-70-m%C2%B2-3-chambres-oulfa-casablanca
mubawab.ma:native:8386152,probable_parsing_error,,probable_error,price_per_m2_above_reference_p99|suspicious_batch_high_price_per_m2,data\external\recovery_archive\20260902T224619Z\misplaced_notebook_data\data\raw\maisondelux_raw.csv,Agadir,appartement,97.0,10840000.0,111752.58,,,https://www.mubawab.ma/fr/a/8386152/vend-appartement-%C3%A0-tilila-surface-de-97-m%C2%B2-jardin-et-terrasse
mubawab.ma:native:8386971,probable_parsing_error,,probable_error,price_above_p99|price_per_m2_above_reference_p99|suspicious_batch_high_price_per_m2,data\external\recovery_archive\20260902T224619Z\misplaced_notebook_data\data\raw\maisondelux_raw.csv,Casablanca,duplex,103.0,13800422.0,133984.68,,,https://www.mubawab.ma/fr/a/8386971/duplex-%C3%A0-vendre-103-m%C2%B2-2-chambres-beausite-casablanca
mubawab.ma:native:8387312,probable_parsing_error,,probable_error,price_per_m2_above_reference_p99|suspicious_batch_high_price_per_m2,data\external\recovery_archive\20260902T224619Z\misplaced_notebook_data\data\raw\maisondelux_raw.csv,Agadir,appartement,60.0,8720000.0,145333.33,,,https://www.mubawab.ma/fr/a/8387312/appartement-2-chambres-r%C3%A9nov%C3%A9-%C3%A0-hay-mohammadi
mubawab.ma:native:8387783,probable_parsing_error,,probable_error,price_per_m2_above_reference_p99|suspicious_batch_high_price_per_m2,data\external\recovery_archive\20260902T224619Z\misplaced_notebook_data\data\raw\maisondelux_raw.csv,Casablanca,appartement,88.0,6980000.0,79318.18,,,https://www.mubawab.ma/fr/a/8387783/vente-appartement-r%C3%A9sidence-al-madina-sidi-maarouf
mubawab.ma:native:8387832,probable_parsing_error,,probable_error,price_per_m2_above_reference_p99|suspicious_batch_high_price_per_m2,data\external\recovery_archive\20260902T224619Z\misplaced_notebook_data\data\raw\maisondelux_raw.csv,Casablanca,appartement,62.0,8495000.0,137016.13,,,https://www.mubawab.ma/fr/a/8387832/appartement-2-chambres-ain-sebaa
mubawab.ma:native:8388505,probable_parsing_error,,probable_error,price_per_m2_above_reference_p99|suspicious_batch_high_price_per_m2,data\external\recovery_archive\20260902T224619Z\misplaced_notebook_data\data\raw\maisondelux_raw.csv,Casablanca,appartement,73.0,8600000.0,117808.22,,,https://www.mubawab.ma/fr/a/8388505/vente-appartement-%C3%A0-hay-hassani
mubawab.ma:native:8388841,probable_parsing_error,,probable_error,price_above_p99|price_per_m2_above_reference_p99|suspicious_batch_high_price_per_m2,data\external\recovery_archive\20260902T224619Z\misplaced_notebook_data\data\raw\maisondelux_raw.csv,Khouribga,appartement,84.0,12450000.0,148214.29,,,https://www.mubawab.ma/fr/a/8388841/appartement-neuf-%C3%A0-vendre-%C3%A0-khouribga-
mubawab.ma:native:8389742,probable_parsing_error,,probable_error,price_per_m2_above_reference_p99|suspicious_batch_high_price_per_m2,data\external\recovery_archive\20260902T224619Z\misplaced_notebook_data\data\raw\maisondelux_raw.csv,Marrakech,appartement,77.0,7600000.0,98701.3,,,https://www.mubawab.ma/fr/a/8389742/appartement-de-77m%C2%B2-garage-de-17m%C2%B2-situ%C3%A9-%C3%A0-amerchich
mubawab.ma:native:8390017,probable_parsing_error,,probable_error,price_per_m2_above_reference_p99|suspicious_batch_high_price_per_m2,data\external\recovery_archive\20260902T224619Z\misplaced_notebook_data\data\raw\maisondelux_raw.csv,Casablanca,appartement,50.0,4370000.0,87400.0,,,https://www.mubawab.ma/fr/a/8390017/appartement-%C3%A0-hay-sadri
mubawab.ma:native:8390058,probable_parsing_error,,probable_error,price_above_p99|price_per_m2_above_reference_p99|suspicious_batch_high_price_per_m2,data\external\recovery_archive\20260902T224619Z\misplaced_notebook_data\data\raw\maisondelux_raw.csv,Casablanca,appartement,92.0,11950000.0,129891.3,,,https://www.mubawab.ma/fr/a/8390058/appartement-%C3%A0-vendre-92-m%C2%B2-2-chambres-hay-al-osra-casablanca
mubawab.ma:native:8390497,probable_parsing_error,,probable_error,price_per_m2_above_reference_p99|suspicious_batch_high_price_per_m2,data\external\recovery_archive\20260902T224619Z\misplaced_notebook_data\data\raw\maisondelux_raw.csv,Casablanca,appartement,60.0,8850000.0,147500.0,,,https://www.mubawab.ma/fr/a/8390497/appartement-a-vendre-la-gironde-casa
mubawab.ma:native:8390834,probable_parsing_error,,probable_error,price_per_m2_above_reference_p99|suspicious_batch_high_price_per_m2,data\external\recovery_archive\20260902T224619Z\misplaced_notebook_data\data\raw\maisondelux_raw.csv,Casablanca,appartement,68.0,7520000.0,110588.24,,,https://www.mubawab.ma/fr/a/8390834/belle-appartement-%C3%A0-vendre-%C3%A0-sidi-moumen
mubawab.ma:native:8390975,probable_parsing_error,,probable_error,price_per_m2_above_reference_p99|suspicious_batch_high_price_per_m2,data\external\recovery_archive\20260902T224619Z\misplaced_notebook_data\data\raw\maisondelux_raw.csv,Casablanca,appartement,80.0,6450000.0,80625.0,,,https://www.mubawab.ma/fr/a/8390975/appartement-sarout-renove-mers-sultan
mubawab.ma:native:8391153,probable_parsing_error,,probable_error,price_per_m2_above_reference_p99|suspicious_batch_high_price_per_m2,data\external\recovery_archive\20260902T224619Z\misplaced_notebook_data\data\raw\maisondelux_raw.csv,Marrakech,appartement,71.0,6780000.0,95492.96,,,https://www.mubawab.ma/fr/a/8391153/appartement-2-chambre-salon-%C3%A0-daoudiat
mubawab.ma:native:8391164,probable_parsing_error,,probable_error,price_above_p99|price_per_m2_above_reference_p99|suspicious_batch_high_price_per_m2,data\external\recovery_archive\20260902T224619Z\misplaced_notebook_data\data\raw\maisondelux_raw.csv,Essaouira,appartement,93.0,11500000.0,123655.91,,,https://www.mubawab.ma/fr/a/8391164/appartement-neuf-de-93-m%C2%B2-%C3%A0-essaouira-%E2%80%93-%C3%A0-seulement-5-minutes-de-la-mer
mubawab.ma:native:8391349,probable_parsing_error,,probable_error,price_above_p99|price_per_m2_above_reference_p99|suspicious_batch_high_price_per_m2,data\external\recovery_archive\20260902T224619Z\misplaced_notebook_data\data\raw\maisondelux_raw.csv,El Jadida,appartement,86.0,12650000.0,147093.02,,,https://www.mubawab.ma/fr/a/8391349/appartement-%C3%A0-vendre-86-m%C2%B2-2-chambres-autre-el-jadida
mubawab.ma:native:8391373,probable_parsing_error,,probable_error,price_above_p99|price_per_m2_above_reference_p99|suspicious_batch_high_price_per_m2,data\external\recovery_archive\20260902T224619Z\misplaced_notebook_data\data\raw\maisondelux_raw.csv,Casablanca,studio,80.0,10982476.0,137280.95,,,https://www.mubawab.ma/fr/a/8391373/studio-%C3%A0-vendre-80-m%C2%B2-ancienne-medina-casablanca
mubawab.ma:native:8391687,probable_parsing_error,,probable_error,price_per_m2_above_reference_p99|suspicious_batch_high_price_per_m2,data\external\recovery_archive\20260902T224619Z\misplaced_notebook_data\data\raw\maisondelux_raw.csv,Marrakech,appartement,59.0,5430000.0,92033.9,,,https://www.mubawab.ma/fr/a/8391687/trouvez-un-appartement-%C3%A0-acheter-%C3%A0-tamansourt-marrakech-2-belles-chambres-porte-renforc%C3%A9e
mubawab.ma:native:8391774,probable_parsing_error,,probable_error,price_per_m2_above_reference_p99|suspicious_batch_high_price_per_m2,data\external\recovery_archive\20260902T224619Z\misplaced_notebook_data\data\raw\maisondelux_raw.csv,Tanger,appartement,60.0,7480000.0,124666.67,,,https://www.mubawab.ma/fr/a/8391774/vente-d-un-bel-appartement-%C3%A0-tanja-balia-2-pi%C3%A8ces-confortables-antenne-parabolique-et-s%C3%A9curit%C3%A9
mubawab.ma:native:8392084,probable_parsing_error,,probable_error,price_per_m2_above_reference_p99|suspicious_batch_high_price_per_m2,data\external\recovery_archive\20260902T224619Z\misplaced_notebook_data\data\raw\maisondelux_raw.csv,Casablanca,appartement,73.0,5750000.0,78767.12,,,https://www.mubawab.ma/fr/a/8392084/a-vendre-appartement-73-m%C2%B2-sidi-maarouf
mubawab.ma:native:8392210,probable_parsing_error,,probable_error,price_per_m2_above_reference_p99|suspicious_batch_high_price_per_m2,data\external\recovery_archive\20260902T224619Z\misplaced_notebook_data\data\raw\maisondelux_raw.csv,Casablanca,appartement,64.0,8580000.0,134062.5,,,https://www.mubawab.ma/fr/a/8392210/appartement-%C3%A0-vendre-%C3%A0-sidi-moumen-3-pi%C3%A8ces-confortables-cuisini%C3%A8re-avec-four
mubawab.ma:native:8392328,probable_parsing_error,,probable_error,price_per_m2_above_reference_p99|suspicious_batch_high_price_per_m2,data\external\recovery_archive\20260902T224619Z\misplaced_notebook_data\data\raw\maisondelux_raw.csv,Casablanca,unknown,71.0,10520000.0,148169.01,,,https://www.mubawab.ma/fr/a/8392328/sidi-bernoussi-j%C3%A9rusalem
mubawab.ma:native:8392948,probable_parsing_error,,probable_error,price_per_m2_above_reference_p99|suspicious_batch_high_price_per_m2,data\external\recovery_archive\20260902T224619Z\misplaced_notebook_data\data\raw\maisondelux_raw.csv,Casablanca,unknown,60.0,8520000.0,142000.0,,,https://www.mubawab.ma/fr/a/8392948/apprtement-60-m-res-ferm%C3%A9e-majorel-qods-bernoussi
mubawab.ma:native:8393827,probable_parsing_error,,probable_error,price_per_m2_above_reference_p99|suspicious_batch_high_price_per_m2,data\external\recovery_archive\20260902T224619Z\misplaced_notebook_data\data\raw\maisondelux_raw.csv,Marrakech,studio,57.0,7970000.0,139824.56,,,https://www.mubawab.ma/fr/a/8393827/grands-studios-modernes-r%C3%A9sidence-avec-piscine
mubawab.ma:native:8394193,probable_parsing_error,,probable_error,price_per_m2_above_reference_p99|suspicious_batch_high_price_per_m2,data\external\recovery_archive\20260902T224619Z\misplaced_notebook_data\data\raw\maisondelux_raw.csv,Marrakech,appartement,48.0,6500000.0,135416.67,,,https://www.mubawab.ma/fr/a/8394193/appartement-%C3%A0-vendre-%E2%80%93-abwab-gu%C3%A9liz-marrakech
mubawab.ma:native:8394196,probable_parsing_error,,probable_error,price_per_m2_above_reference_p99|suspicious_batch_high_price_per_m2,data\external\recovery_archive\20260902T224619Z\misplaced_notebook_data\data\raw\maisondelux_raw.csv,Casablanca,appartement,85.0,6630000.0,78000.0,,,https://www.mubawab.ma/fr/a/8394196/vend-appartement-%C3%A0-sidi-othmane-2-chambres-agr%C3%A9ables-ascenseur-et-terrasse
mubawab.ma:native:8394946,probable_parsing_error,,probable_error,price_per_m2_above_reference_p99|suspicious_batch_high_price_per_m2,data\external\recovery_archive\20260902T224619Z\misplaced_notebook_data\data\raw\maisondelux_raw.csv,Casablanca,appartement,70.0,7680000.0,109714.29,,,https://www.mubawab.ma/fr/a/8394946/appartement-%C3%A0-vendre-sidi-maarouf
mubawab.ma:native:8395064,probable_parsing_error,,probable_error,price_above_p99|price_per_m2_above_reference_p99|suspicious_batch_high_price_per_m2,data\external\recovery_archive\20260902T224619Z\misplaced_notebook_data\data\raw\maisondelux_raw.csv,Casablanca,appartement,104.0,11830000.0,113750.0,,,https://www.mubawab.ma/fr/a/8395064/appartement-%C3%A0-vendre-%C3%A0-sidi-othmane-casablanca
mubawab.ma:native:8395891,probable_parsing_error,,probable_error,price_per_m2_above_reference_p99|suspicious_batch_high_price_per_m2,data\external\recovery_archive\20260902T224619Z\misplaced_notebook_data\data\raw\maisondelux_raw.csv,Bouznika,appartement,84.0,10550000.0,125595.24,,,https://www.mubawab.ma/fr/a/8395891/appartement-%C3%A0-vendre-dans-le-quartier-a%C3%AFda-2-au-centre-de-la-ville-de-bouznika-sans-agent
mubawab.ma:native:8396024,probable_parsing_error,,probable_error,price_above_p99|price_per_m2_above_reference_p99|suspicious_batch_high_price_per_m2,data\external\recovery_archive\20260902T224619Z\misplaced_notebook_data\data\raw\maisondelux_raw.csv,Casablanca,appartement,91.0,12930000.0,142087.91,,,https://www.mubawab.ma/fr/a/8396024/appartement-%C3%A0-vendre-91-m%C2%B2-3-chambres-sidi-maarouf-casablanca
mubawab.ma:native:8396059,probable_parsing_error,,probable_error,price_per_m2_above_reference_p99|suspicious_batch_high_price_per_m2,data\external\recovery_archive\20260902T224619Z\misplaced_notebook_data\data\raw\maisondelux_raw.csv,Casablanca,appartement,75.0,9560000.0,127466.67,,,https://www.mubawab.ma/fr/a/8396059/appartement-%C3%A0-vendre-%C3%A0-anassi-casablanca
mubawab.ma:native:8396419,probable_parsing_error,,probable_error,price_per_m2_above_reference_p99|suspicious_batch_high_price_per_m2,data\external\recovery_archive\20260902T224619Z\misplaced_notebook_data\data\raw\maisondelux_raw.csv,Casablanca,appartement,76.0,7850000.0,103289.47,,,https://www.mubawab.ma/fr/a/8396419/a-vendre-appartement-situ%C3%A9-%C3%A0-maarif-extension
mubawab.ma:native:8396633,probable_parsing_error,,probable_error,price_per_m2_above_reference_p99|suspicious_batch_high_price_per_m2,data\external\recovery_archive\20260902T224619Z\misplaced_notebook_data\data\raw\maisondelux_raw.csv,Agadir,appartement,55.0,4410000.0,80181.82,,,https://www.mubawab.ma/fr/a/8396633/superbe-appartement-%C3%A0-vendre-%C3%A0-taddart-anza-surface-de-55-m%C2%B2
mubawab.ma:native:8397229,probable_parsing_error,,probable_error,price_per_m2_above_reference_p99|suspicious_batch_high_price_per_m2,data\external\recovery_archive\20260902T224619Z\misplaced_notebook_data\data\raw\maisondelux_raw.csv,El Jadida,appartement,56.0,7400000.0,132142.86,,,https://www.mubawab.ma/fr/a/8397229/superbe-appartement-%C3%A0-vendre-%C3%A0-al-boustane-1-pi%C3%A8ce
mubawab.ma:native:8397628,probable_parsing_error,,probable_error,price_per_m2_above_reference_p99|suspicious_batch_high_price_per_m2,data\external\recovery_archive\20260902T224619Z\misplaced_notebook_data\data\raw\maisondelux_raw.csv,Agadir,appartement,68.0,9930000.0,146029.41,,,https://www.mubawab.ma/fr/a/8397628/appartement-hay-salam-face-encg
mubawab.ma:native:8398364,probable_parsing_error,,probable_error,price_per_m2_above_reference_p99|suspicious_batch_high_price_per_m2,data\external\recovery_archive\20260902T224619Z\misplaced_notebook_data\data\raw\maisondelux_raw.csv,El Jadida,appartement,108.0,10680000.0,98888.89,,,https://www.mubawab.ma/fr/a/8398364/bel-appartement-%C3%A0-vendre-%C3%A0-quartier-a%C3%A9rodrome-2-chambres-porte-blind%C3%A9e-salon-marocain
mubawab.ma:native:8398415,probable_parsing_error,,probable_error,price_per_m2_above_reference_p99|suspicious_batch_high_price_per_m2,data\external\recovery_archive\20260902T224619Z\misplaced_notebook_data\data\raw\maisondelux_raw.csv,Marrakech,appartement,94.0,7780000.0,82765.96,,,https://www.mubawab.ma/fr/a/8398415/appartement-%C3%A0-vendre-%C3%A0-mhamid-superficie-94-m%C2%B2-terrasse-et-ascenseur
mubawab.ma:native:8398619,probable_parsing_error,,probable_error,price_per_m2_above_reference_p99|suspicious_batch_high_price_per_m2,data\external\recovery_archive\20260902T224619Z\misplaced_notebook_data\data\raw\maisondelux_raw.csv,Tanger,appartement,60.0,7800000.0,130000.0,,,https://www.mubawab.ma/fr/a/8398619/appartement-%C3%A0-vendre-%C3%A0-tanja-balia-2-pi%C3%A8ces-r%C3%A9sidence-s%C3%A9curis%C3%A9e
mubawab.ma:native:8399676,probable_parsing_error,,probable_error,price_above_p99|price_per_m2_above_reference_p99|suspicious_batch_high_price_per_m2,data\external\recovery_archive\20260902T224619Z\misplaced_notebook_data\data\raw\maisondelux_raw.csv,Berrechid,appartement,120.0,12500000.0,104166.67,,,https://www.mubawab.ma/fr/a/8399676/appartement-%C3%A0-vendre-%C3%A0-berrechid-3-pi%C3%A8ces-confortables-meubl%C3%A9
mubawab.ma:native:8399960,probable_parsing_error,,probable_error,price_above_p99|price_per_m2_above_reference_p99|suspicious_batch_high_price_per_m2,data\external\recovery_archive\20260902T224619Z\misplaced_notebook_data\data\raw\maisondelux_raw.csv,Agadir,appartement,84.0,11650000.0,138690.48,,,https://www.mubawab.ma/fr/a/8399960/appartement-%C3%A0-vendre-%C3%A0-hay-houda-3-pi%C3%A8ces-meubl%C3%A9
mubawab.ma:native:8400069,probable_parsing_error,,probable_error,price_per_m2_above_reference_p99|suspicious_batch_high_price_per_m2,data\external\recovery_archive\20260902T224619Z\misplaced_notebook_data\data\raw\maisondelux_raw.csv,Essaouira,maison,56.0,6400000.0,114285.71,,,https://www.mubawab.ma/fr/a/8400069/essaouira-lotissement-5-pr%C3%A8s-de-la-maison-de-la-jeunesse
mubawab.ma:native:8400577,probable_parsing_error,,probable_error,price_per_m2_above_reference_p99|suspicious_batch_high_price_per_m2,data\external\recovery_archive\20260902T224619Z\misplaced_notebook_data\data\raw\maisondelux_raw.csv,Casablanca,appartement,48.0,5530000.0,115208.33,,,https://www.mubawab.ma/fr/a/8400577/appartement-%C3%A0-vendre-au-c%C5%93ur-de-haj-fath-oulfa
mubawab.ma:native:8401045,probable_parsing_error,,probable_error,price_per_m2_above_reference_p99|suspicious_batch_high_price_per_m2,data\external\recovery_archive\20260902T224619Z\misplaced_notebook_data\data\raw\maisondelux_raw.csv,Casablanca,appartement,47.0,5950000.0,126595.74,,,https://www.mubawab.ma/fr/a/8401045/bel-appartement-neuf-au-oasis
mubawab.ma:native:8401813,probable_parsing_error,,probable_error,price_per_m2_above_reference_p99|suspicious_batch_high_price_per_m2,data\external\recovery_archive\20260902T224619Z\misplaced_notebook_data\data\raw\maisondelux_raw.csv,Marrakech,unknown,70.0,6850000.0,97857.14,,,https://www.mubawab.ma/fr/a/8401813/appsrtement-avec-2-balcons-sans-vis-a-vis
mubawab.ma:native:8401892,probable_parsing_error,,probable_error,price_per_m2_above_reference_p99|suspicious_batch_high_price_per_m2,data\external\recovery_archive\20260902T224619Z\misplaced_notebook_data\data\raw\maisondelux_raw.csv,Marrakech,appartement,51.0,7500000.0,147058.82,,,https://www.mubawab.ma/fr/a/8401892/appartement-%C3%A0-vendre-51-m%C2%B2-2-chambres-targa-marrakech
mubawab.ma:native:8402497,probable_parsing_error,,probable_error,price_per_m2_above_reference_p99|suspicious_batch_high_price_per_m2,data\external\recovery_archive\20260902T224619Z\misplaced_notebook_data\data\raw\maisondelux_raw.csv,Larache,appartement,96.0,9770000.0,101770.83,,,https://www.mubawab.ma/fr/a/8402497/vente-d-un-appartement-%C3%A0-larache-4-pi%C3%A8ces-magnifiques-balcon-et-ascenseur
mubawab.ma:native:8402650,probable_parsing_error,,probable_error,price_per_m2_above_reference_p99|suspicious_batch_high_price_per_m2,data\external\recovery_archive\20260902T224619Z\misplaced_notebook_data\data\raw\maisondelux_raw.csv,Larache,appartement,65.0,6360000.0,97846.15,,,https://www.mubawab.ma/fr/a/8402650/appartement-%C3%A0-vendre-65-m%C2%B2-%C3%A0-larache-centre-ville
mubawab.ma:native:8402665,probable_parsing_error,,probable_error,price_per_m2_above_reference_p99|suspicious_batch_high_price_per_m2,data\external\recovery_archive\20260902T224619Z\misplaced_notebook_data\data\raw\maisondelux_raw.csv,Casablanca,appartement,65.0,6380000.0,98153.85,,,https://www.mubawab.ma/fr/a/8402665/appartement-%C3%A0-vendre-%C3%A0-bernoussi-al-azhar-%C3%A0-un-prix-raisonnable
mubawab.ma:native:8402914,probable_parsing_error,,probable_error,price_above_p99|price_per_m2_above_reference_p99|suspicious_batch_high_price_per_m2,data\external\recovery_archive\20260902T224619Z\misplaced_notebook_data\data\raw\maisondelux_raw.csv,Marrakech,appartement,115.0,12990000.0,112956.52,,,https://www.mubawab.ma/fr/a/8402914/appartement-en-vente-%C3%A0-gueliz
mubawab.ma:native:8403081,probable_parsing_error,,probable_error,price_per_m2_above_reference_p99|suspicious_batch_high_price_per_m2,data\external\recovery_archive\20260902T224619Z\misplaced_notebook_data\data\raw\maisondelux_raw.csv,Casablanca,appartement,99.0,10590000.0,106969.7,,,https://www.mubawab.ma/fr/a/8403081/vend-appartement-%C3%A0-hay-sadri-surface-totale-99-m%C2%B2
mubawab.ma:native:8404069,probable_parsing_error,,probable_error,price_above_p99|price_per_m2_above_reference_p99|suspicious_batch_high_price_per_m2,data\external\recovery_archive\20260902T224619Z\misplaced_notebook_data\data\raw\maisondelux_raw.csv,Agadir,appartement,103.0,11950000.0,116019.42,,,https://www.mubawab.ma/fr/a/8404069/a-vendre-appartement-a-talborjt-agadir
mubawab.ma:native:8404384,probable_parsing_error,,probable_error,price_per_m2_above_reference_p99|suspicious_batch_high_price_per_m2,data\external\recovery_archive\20260902T224619Z\misplaced_notebook_data\data\raw\maisondelux_raw.csv,Agadir,appartement,74.0,5860000.0,79189.19,,,https://www.mubawab.ma/fr/a/8404384/appartement-meubl%C3%A9-de-74-m%C2%B2-%C3%A0-vendre-haut-anza
mubawab.ma:native:8404655,probable_parsing_error,,probable_error,price_per_m2_above_reference_p99|suspicious_batch_high_price_per_m2,data\external\recovery_archive\20260902T224619Z\misplaced_notebook_data\data\raw\maisondelux_raw.csv,Casablanca,studio,41.0,4280000.0,104390.24,,,https://www.mubawab.ma/fr/a/8404655/studio-%C3%A9conomique-41m%C2%B2-%E2%80%93-abraj-al-azhar
mubawab.ma:native:8404719,probable_parsing_error,,probable_error,price_per_m2_above_reference_p99|suspicious_batch_high_price_per_m2,data\external\recovery_archive\20260902T224619Z\misplaced_notebook_data\data\raw\maisondelux_raw.csv,Agadir,appartement,78.0,5880000.0,75384.62,,,https://www.mubawab.ma/fr/a/8404719/appartement-a-vendre-tikiouine-agadir-78-m2
mubawab.ma:native:8405034,probable_parsing_error,,probable_error,price_per_m2_above_reference_p99|suspicious_batch_high_price_per_m2,data\external\recovery_archive\20260902T224619Z\misplaced_notebook_data\data\raw\maisondelux_raw.csv,Casablanca,appartement,67.0,9460000.0,141194.03,,,https://www.mubawab.ma/fr/a/8405034/appartement-%C3%A0-vendre-%C3%A0-al-azhar-superficie-67-m%C2%B2-salon-traditionnel-marocain-r%C3%A9sidence-s%C3%A9curis%C3%A9e
mubawab.ma:native:8405469,probable_parsing_error,,probable_error,price_per_m2_above_reference_p99|suspicious_batch_high_price_per_m2,data\external\recovery_archive\20260902T224619Z\misplaced_notebook_data\data\raw\maisondelux_raw.csv,Marrakech,appartement,51.0,7500000.0,147058.82,,,https://www.mubawab.ma/fr/a/8405469/vente-appartement-%C3%A0-targa
mubawab.ma:native:8405605,probable_parsing_error,,probable_error,price_per_m2_above_reference_p99|suspicious_batch_high_price_per_m2,data\external\recovery_archive\20260902T224619Z\misplaced_notebook_data\data\raw\maisondelux_raw.csv,Marrakech,appartement,57.0,5500000.0,96491.23,,,https://www.mubawab.ma/fr/a/8405605/appartement-en-vente-mhamid-2-chambres-et-salon
mubawab.ma:native:8405645,probable_parsing_error,,probable_error,price_above_p99|price_per_m2_above_reference_p99|suspicious_batch_high_price_per_m2,data\external\recovery_archive\20260902T224619Z\misplaced_notebook_data\data\raw\maisondelux_raw.csv,Casablanca,appartement,123.0,11400000.0,92682.93,,,https://www.mubawab.ma/fr/a/8405645/appartement-en-vente-%C3%A0-tantonville-superficie-123-m%C2%B2-parking-et-terrasse
mubawab.ma:native:8406125,probable_parsing_error,,probable_error,price_per_m2_above_reference_p99|suspicious_batch_high_price_per_m2,data\external\recovery_archive\20260902T224619Z\misplaced_notebook_data\data\raw\maisondelux_raw.csv,Casablanca,appartement,70.0,10480000.0,149714.29,,,https://www.mubawab.ma/fr/a/8406125/appartement-%C3%A0-vendre-mohamed-zefzaf-anassi
mubawab.ma:native:8406133,probable_parsing_error,,probable_error,price_per_m2_above_reference_p99|suspicious_batch_high_price_per_m2,data\external\recovery_archive\20260902T224619Z\misplaced_notebook_data\data\raw\maisondelux_raw.csv,Casablanca,appartement,76.0,9880000.0,130000.0,,,https://www.mubawab.ma/fr/a/8406133/bel-appartement-%C3%A0-vendre-en-centre-ville-superficie-76-m%C2%B2-terrasse-et-ascenseur
mubawab.ma:native:8406388,probable_parsing_error,,probable_error,price_per_m2_above_reference_p99|suspicious_batch_high_price_per_m2,data\external\recovery_archive\20260902T224619Z\misplaced_notebook_data\data\raw\maisondelux_raw.csv,Casablanca,appartement,63.0,9320000.0,147936.51,,,https://www.mubawab.ma/fr/a/8406388/superbe-appartement-%C3%A0-vendre-%C3%A0-al-azhar-surface-de-63-m%C2%B2
mubawab.ma:native:8406713,probable_parsing_error,,probable_error,price_per_m2_above_reference_p99|suspicious_batch_high_price_per_m2,data\external\recovery_archive\20260902T224619Z\misplaced_notebook_data\data\raw\maisondelux_raw.csv,Agadir,appartement,70.0,9840000.0,140571.43,,,https://www.mubawab.ma/fr/a/8406713/vente-d-un-appartement-splendide-%C3%A0-fal-oumlil-hay-mohammadi-2-chambres-%C3%A0-coucher-porte-blind%C3%A9e-et-fen%C3%AAtres-%C3%A0-double-vitrage
mubawab.ma:native:8406919,probable_parsing_error,,probable_error,price_per_m2_above_reference_p99|suspicious_batch_high_price_per_m2,data\external\recovery_archive\20260902T224619Z\misplaced_notebook_data\data\raw\maisondelux_raw.csv,Casablanca,appartement,55.0,6450000.0,117272.73,,,https://www.mubawab.ma/fr/a/8406919/appartement-ain-sebaa-enface-du-tramway
mubawab.ma:native:8407639,probable_parsing_error,,probable_error,price_per_m2_above_reference_p99|suspicious_batch_high_price_per_m2,data\external\recovery_archive\20260902T224619Z\misplaced_notebook_data\data\raw\maisondelux_raw.csv,Casablanca,appartement,60.0,7690000.0,128166.67,,,https://www.mubawab.ma/fr/a/8407639/appartement-meubl%C3%A9-%C3%A0-vendre-%E2%80%93-lissasfa-extension
mubawab.ma:native:8407853,probable_parsing_error,,probable_error,price_per_m2_above_reference_p99|suspicious_batch_high_price_per_m2,data\external\recovery_archive\20260902T224619Z\misplaced_notebook_data\data\raw\maisondelux_raw.csv,El Jadida,appartement,57.0,8300000.0,145614.04,,,https://www.mubawab.ma/fr/a/8407853/bel-appartement-%C3%A0-vendre-%C3%A0-hay-riad-2-chambres-agr%C3%A9ables
mubawab.ma:native:8408010,probable_parsing_error,,probable_error,price_above_p99|price_per_m2_above_reference_p99|suspicious_batch_high_price_per_m2,data\external\recovery_archive\20260902T224619Z\misplaced_notebook_data\data\raw\maisondelux_raw.csv,Casablanca,appartement,100.0,11700000.0,117000.0,,,https://www.mubawab.ma/fr/a/8408010/vend-appartement-%C3%A0-les-princesses-surface-totale-100-m%C2%B2-four
mubawab.ma:url:59690d74d0d5821ef342fe2f,probable_parsing_error,,probable_error,price_per_m2_above_reference_p99|suspicious_batch_high_price_per_m2,data\external\recovery_archive\20260902T224619Z\misplaced_notebook_data\data\raw\maisondelux_raw.csv,Marrakech,unknown,68.0,6975600.0,102582.35,,,https://www.mubawab.ma/fr/pa/8138791/%C3%A9l%C3%A9gant-f3-%C3%A0-double-fa%C3%A7ade-au-c%C5%93ur-de-la-ville
mubawab.ma:url:5f7bc2eabf92e15a544c02eb,probable_parsing_error,,probable_error,price_per_m2_above_reference_p99|suspicious_batch_high_price_per_m2,data\external\recovery_archive\20260902T224619Z\misplaced_notebook_data\data\raw\maisondelux_raw.csv,Tanger,appartement,73.0,7693500.0,105390.41,,,https://www.mubawab.ma/fr/pa/8390082/vente-d-un-bel-appartement-%C3%A0-aharrarine-2-chambres
mubawab.ma:url:8e2242a5645dec66e17e9bd6,probable_parsing_error,,probable_error,price_per_m2_above_reference_p99|suspicious_batch_high_price_per_m2,data\external\recovery_archive\20260902T224619Z\misplaced_notebook_data\data\raw\maisondelux_raw.csv,Casablanca,appartement,73.0,10633000.0,145657.53,,,https://www.mubawab.ma/fr/pa/8355893/appartement-%C3%A0-vendre-%C3%A0-lahraouiyine-surface-de-73-m%C2%B2
mubawab.ma:url:8fbf8cbe7f5952c1a407ef03,probable_parsing_error,,probable_error,price_per_m2_above_reference_p99|suspicious_batch_high_price_per_m2,data\external\recovery_archive\20260902T224619Z\misplaced_notebook_data\data\raw\maisondelux_raw.csv,Marrakech,unknown,58.0,7998000.0,137896.55,,,https://www.mubawab.ma/fr/pa/8257819/florea-gueliz-projet-sur-plan-autoris%C3%A9-livraison-%C3%A9t%C3%A9-2028
mubawab.ma:url:a91383f58458f428f0c39585,probable_parsing_error,,probable_error,price_per_m2_above_reference_p99|suspicious_batch_high_price_per_m2,data\external\recovery_archive\20260902T224619Z\misplaced_notebook_data\data\raw\maisondelux_raw.csv,Casablanca,appartement,79.0,6908500.0,87449.37,,,https://www.mubawab.ma/fr/pa/8353718/bel-appartement-%C3%A0-vendre-%C3%A0-oulfa-3-chambres
mubawab.ma:url:b0a817763645c655478e0b1c,probable_parsing_error,,probable_error,price_per_m2_above_reference_p99|suspicious_batch_high_price_per_m2,data\external\recovery_archive\20260902T224619Z\misplaced_notebook_data\data\raw\maisondelux_raw.csv,Tanger,appartement,78.0,10663001.0,136705.14,,,https://www.mubawab.ma/fr/pa/8219264/appartement-2-chambres-%C3%A0-tanger-pr%C3%A8s-de-la-plage
mubawab.ma:url:cc1efef61e6e682eed752f6e,probable_parsing_error,,probable_error,price_per_m2_above_reference_p99|suspicious_batch_high_price_per_m2,data\external\recovery_archive\20260902T224619Z\misplaced_notebook_data\data\raw\maisondelux_raw.csv,Casablanca,appartement,73.0,10696000.0,146520.55,,,https://www.mubawab.ma/fr/pa/8355891/superbe-appartement-%C3%A0-vendre-%C3%A0-lahraouiyine-2-belles-chambres
mubawab.ma:url:e4de6b7629eed3afea2b3ea9,probable_parsing_error,,probable_error,price_above_p99|price_per_m2_above_reference_p99|suspicious_batch_high_price_per_m2,data\external\recovery_archive\20260902T224619Z\misplaced_notebook_data\data\raw\maisondelux_raw.csv,Casablanca,appartement,226.0,16950000.0,75000.0,,,https://www.mubawab.ma/fr/pa/8286563/appartement-%C3%A0-l-achat-%C3%A0-a%C3%AFn-seba%C3%A2-77m%C2%B226m%C2%B2-terrasse
mubawab.ma:url:e71577c5cb84044dc4616283,probable_parsing_error,,probable_error,price_per_m2_above_reference_p99|suspicious_batch_high_price_per_m2,data\external\recovery_archive\20260902T224619Z\misplaced_notebook_data\data\raw\maisondelux_raw.csv,Agadir,appartement,57.0,4560000.0,80000.0,,,https://www.mubawab.ma/fr/pa/8227928/appartement-en-vente-%C3%A0-haut-anza-2-chambres-agr%C3%A9ables-grande-terrasse
mubawab.ma:url:f0f106204e55ed86b2d37881,probable_parsing_error,,probable_error,price_above_p99|price_per_m2_above_reference_p99|suspicious_batch_high_price_per_m2,data\external\recovery_archive\20260902T224619Z\misplaced_notebook_data\data\raw\maisondelux_raw.csv,Marrakech,appartement,85.0,11615000.0,136647.06,,,https://www.mubawab.ma/fr/pa/8263156/superbe-appartement-%C3%A0-vendre-%C3%A0-majorelle-2-chambres-agr%C3%A9ables
mubawab.ma:url:f3eeb4b722a7bd18dfa7bbdc,probable_parsing_error,,probable_error,price_per_m2_above_reference_p99|suspicious_batch_high_price_per_m2,data\external\recovery_archive\20260902T224619Z\misplaced_notebook_data\data\raw\maisondelux_raw.csv,Tanger,appartement,81.0,7769500.0,95919.75,,,https://www.mubawab.ma/fr/pa/8390381/appartement-en-vente-%C3%A0-aharrarine-surface-totale-81-m%C2%B2
mubawab.ma:content:092299e25348d3539871e3fb,confirmed_duplicate,confirmed-5b3ff401a3a3,not_flagged,,git:HEAD:data/raw/maisonlux_maroc_complet.csv,El Jadida,immeuble,320.0,2100000.0,6562.5,"Immeuble R2,6 studios",2 100 000 DH,
mubawab.ma:content:0a966d07b83c984c43c0e131,confirmed_duplicate,confirmed-bd092f8509d6,not_flagged,,git:HEAD:data/raw/maisonlux_maroc_complet.csv,Marrakech,appartement,84.0,1570000.0,18690.48,Appartement Neuf 84 m² à Guéliz,1 570 000 DH,
mubawab.ma:content:356acde145259a40f75f6bdd,confirmed_duplicate,confirmed-6584c83340ba,not_flagged,,git:HEAD:data/raw/maisonlux_maroc_complet.csv,Casablanca,appartement,181.0,2800000.0,15469.61,Appartement avec terrasse bien placé à Racine,2 800 000 DH,
mubawab.ma:content:365fe1435451b6b53cc44286,confirmed_duplicate,confirmed-3a49515da3de,not_flagged,,git:HEAD:data/raw/maisonlux_maroc_complet.csv,Casablanca,appartement,197.0,3750000.0,19035.53,Appartement sans vis à vis rénové au Triangle d'Or,3 750 000 DH,
mubawab.ma:content:3fdad4ac01691d88dacba045,confirmed_duplicate,confirmed-090940a925a4,not_flagged,,git:HEAD:data/raw/maisonlux_maroc_complet.csv,Rabat,appartement,198.0,3350000.0,16919.19,Vente Appartement Rabat Agdal,3 350 000 DH,
mubawab.ma:content:5ed00b5f48a77d5f61ab1585,confirmed_duplicate,confirmed-cb2d952f7a07,not_flagged,,git:HEAD:data/raw/maisonlux_maroc_complet.csv,Marrakech,appartement,84.0,1550000.0,18452.38,Appartement Neuf à Guéliz,1 550 000 DH,
mubawab.ma:content:6551b6bfcda466c395046724,confirmed_duplicate,confirmed-49ca425c425c,not_flagged,,git:HEAD:data/raw/maisonlux_maroc_complet.csv,Rabat,appartement,233.0,2912500.0,12500.0,Vente Appartement Rabat Agdal,2 912 500 DH,
mubawab.ma:content:6c9a59f8db8620f786a07f60,confirmed_duplicate,confirmed-d84362ef8b7b,not_flagged,,git:HEAD:data/raw/maisonlux_maroc_complet.csv,Rabat,appartement,218.0,3700000.0,16972.48,Vente Appartement Rabat Hay Riad,3 700 000 DH,
mubawab.ma:content:6d1ef2a5ed060bc67bb0264a,confirmed_duplicate,confirmed-2069b8605973,not_flagged,,git:HEAD:data/raw/maisonlux_maroc_complet.csv,Rabat,appartement,235.0,5500000.0,23404.26,Vente Appartement Rabat Haut Agdal,5 500 000 DH,
mubawab.ma:content:72052d3e74d4abac92e594be,confirmed_duplicate,confirmed-c0f6949f8e5a,not_flagged,,git:HEAD:data/raw/maisonlux_maroc_complet.csv,El Jadida,appartement,64.0,550000.0,8593.75,Appartement situé dans une résidence fermée,550 000 DH,
mubawab.ma:content:821e56477568c070f9552ecc,confirmed_duplicate,confirmed-22f515c2cfcf,not_flagged,,git:HEAD:data/raw/maisonlux_maroc_complet.csv,Rabat,appartement,201.0,4500000.0,22388.06,Vente Appartement Hay Riad Rabat,4 500 000 DH,
mubawab.ma:content:82db81d8192c45a40fb4e843,confirmed_duplicate,confirmed-74c01b889c2c,not_flagged,,git:HEAD:data/raw/maisonlux_maroc_complet.csv,Rabat,appartement,216.0,2700000.0,12500.0,Vente Appartement RDC avec jardin Rabat Mabella,2 700 000 DH,
mubawab.ma:content:835bed36d2a695ce2491ee30,confirmed_duplicate,confirmed-41a1902db4f2,not_flagged,,git:HEAD:data/raw/maisonlux_maroc_complet.csv,Rabat,appartement,210.0,5800000.0,27619.05,Vente Appartement Rabat Hay Riad,5 800 000 DH,
mubawab.ma:content:8810f6d50c6a91ca4e72ef1d,confirmed_duplicate,confirmed-548fd5029001,not_flagged,,git:HEAD:data/raw/maisonlux_maroc_complet.csv,Rabat,appartement,226.0,6450000.0,28539.82,Vente appartement à Rabat Haut Agdal,6 450 000 DH,
mubawab.ma:content:8b8d8a48962bc607614acc2a,confirmed_duplicate,confirmed-c1f5d0a76f94,not_flagged,,git:HEAD:data/raw/maisonlux_maroc_complet.csv,Rabat,appartement,116.0,4370000.0,37672.41,Vente Appartement en Exclusivité à Rabat Hay Riad Prestigia,4 370 000 DH,
mubawab.ma:content:af93714e612da1aff64b1536,confirmed_duplicate,confirmed-aa3e6e841ba6,not_flagged,,git:HEAD:data/raw/maisonlux_maroc_complet.csv,Rabat,appartement,120.0,3200000.0,26666.67,Splendide appartement meublé sans vis à vis,3 200 000 DH,
mubawab.ma:content:b11031e1b03c861a0439e46e,confirmed_duplicate,confirmed-c57de8d7200e,not_flagged,,git:HEAD:data/raw/maisonlux_maroc_complet.csv,Tanger,appartement,102.0,2040000.0,20000.0,Vente appartement de prestige à Malabata Hills,2 040 000 DH,
mubawab.ma:content:bf35b43802af6d78bf82cad5,confirmed_duplicate,confirmed-f21be51b1ad3,not_flagged,,git:HEAD:data/raw/maisonlux_maroc_complet.csv,Rabat,appartement,181.0,3500000.0,19337.02,Vente Appartement Rabat Haut Agdal,3 500 000 DH,
mubawab.ma:content:ce13179a2c511c601d64266f,confirmed_duplicate,confirmed-d16d5b0ff7c1,not_flagged,,git:HEAD:data/raw/maisonlux_maroc_complet.csv,Agadir,appartement,59.0,940000.0,15932.2,Appartements avec vue sur mer,940 000 DH,
mubawab.ma:content:cf17fb652ac5ca887e47df53,confirmed_duplicate,confirmed-5b413249e6b1,not_flagged,,git:HEAD:data/raw/maisonlux_maroc_complet.csv,Marrakech,appartement,52.0,1300000.0,25000.0,Apartment to purchase in Hivernage. 2 rooms. Furnishings,1 300 000 DH,
mubawab.ma:content:d56d897bfa0b4c0474467c46,confirmed_duplicate,confirmed-7b2da866c39b,not_flagged,,git:HEAD:data/raw/maisonlux_maroc_complet.csv,Rabat,unknown,110.0,3950000.0,35909.09,Rez de Jardin a vendre hay riad,3 950 000 DH,
mubawab.ma:content:e02b7660f38ebc4712426a5f,confirmed_duplicate,confirmed-a80c0287ec18,not_flagged,,git:HEAD:data/raw/maisonlux_maroc_complet.csv,Tanger,appartement,100.0,1050000.0,10500.0,Appartement meublée à vendre Tanger,1 050 000 DH,
mubawab.ma:content:e87067bbd837b879e1e9e419,confirmed_duplicate,confirmed-db401bfcf8b6,not_flagged,,git:HEAD:data/raw/maisonlux_maroc_complet.csv,El Jadida,unknown,118.0,1350000.0,11440.68,Luxe Face à la Mer 118m² – Meublé & Équipé,1 350 000 DH,
mubawab.ma:content:f1a4bacfce5623f293b09482,confirmed_duplicate,confirmed-455c4ca886e0,not_flagged,,git:HEAD:data/raw/maisonlux_maroc_complet.csv,Rabat,appartement,132.0,2000000.0,15151.52,Vente Appartement Bas Agdal Rabat,2 000 000 DH,
mubawab.ma:content:fd07f6fe566e885026caa2cc,confirmed_duplicate,confirmed-1e4cb27e8ea5,not_flagged,,git:HEAD:data/raw/maisonlux_maroc_complet.csv,Casablanca,appartement,184.0,2500000.0,13586.96,Appartement à vendre Les princesses,2 500 000 DH,
mubawab.ma:content:fff319d18c7ea2e2fd8d9466,confirmed_duplicate,confirmed-34b37fcd2bc3,not_flagged,,git:HEAD:data/raw/maisonlux_maroc_complet.csv,Rabat,appartement,300.0,3500000.0,11666.67,Vente Appartement Rabat Bas Agdal,3 500 000 DH,
mubawab.ma:url:054d4b079cd5c7fe504c4f9a,probable_parsing_error,,probable_error,price_per_m2_above_reference_p99|suspicious_batch_high_price_per_m2,data\external\recovery_archive\20260902T224619Z\misplaced_notebook_data\data\raw\maisondelux_raw.csv,Essaouira,appartement,52.0,7447000.0,143211.54,,,https://www.mubawab.ma/fr/pa/8256241/bel-appartement-%C3%A0-vendre-%C3%A0-ghazoua-surface-totale-52-m%C2%B2
mubawab.ma:url:8c61461222591380f2f4d43f,probable_parsing_error,,probable_error,price_per_m2_above_reference_p99|suspicious_batch_high_price_per_m2,data\external\recovery_archive\20260902T224619Z\misplaced_notebook_data\data\raw\maisondelux_raw.csv,Essaouira,appartement,58.0,7525000.0,129741.38,,,https://www.mubawab.ma/fr/pa/8256240/appartement-%C3%A0-l-achat-%C3%A0-ghazoua-surface-totale-58-m%C2%B2
mubawab.ma:url:a67b2b19ac86e4e16064fdf6,probable_parsing_error,,probable_error,price_per_m2_above_reference_p99|suspicious_batch_high_price_per_m2,data\external\recovery_archive\20260902T224619Z\misplaced_notebook_data\data\raw\maisondelux_raw.csv,Essaouira,appartement,55.0,7495000.0,136272.73,,,https://www.mubawab.ma/fr/pa/8256243/vente-d-un-bel-appartement-%C3%A0-ghazoua-surface-totale-55-m%C2%B2
