listing_id,outlier_decision,outlier_reasons,batch_id,property_type_repaired,city,surface_m2,price_mad,price_per_m2,bedrooms,bathrooms,title_raw,price_raw,url
mubawab.ma:native:8318564,valid_extreme,price_per_m2_above_reference_p99,recovery_dangling_v3,unknown,Rabat,156.0,7000000.0,44871.79,3.0,2.0,"Penthouse meublé à vendre – l’Orangeraie Souissi, Rabat",7000000.0 MAD,https://www.mubawab.ma/fr/a/8318564/penthouse-meubl%C3%A9-%C3%A0-vendre-%E2%80%93-l%E2%80%99orangeraie-souissi-rabat
mubawab.ma:native:7427225,uncertain,price_per_m2_above_reference_p99,recovery_misplaced_notebook,appartement,El Jadida,94.0,5560000.0,59148.94,2.0,1.0,,,https://www.mubawab.ma/fr/a/7427225/appartement-c%C5%93ur-de-ville-d%E2%80%99el-jadida
mubawab.ma:native:7720730,valid_extreme,price_above_p99|price_per_m2_above_reference_p99,recovery_misplaced_notebook,unknown,Casablanca,231.0,13500000.0,58441.56,3.0,3.0,,,https://www.mubawab.ma/fr/a/7720730/beau-dupleix-racine-immeuble-standing
mubawab.ma:native:7728790,uncertain,price_per_m2_above_reference_p99,recovery_misplaced_notebook,appartement,Berrechid,113.0,7550000.0,66814.16,3.0,2.0,,,https://www.mubawab.ma/fr/a/7728790/grand-appartement-%C3%A0-vendre-%C3%A0-berrechid
mubawab.ma:native:7758670,probable_error,price_above_p99|price_per_m2_above_reference_p99|suspicious_batch_high_price_per_m2,recovery_misplaced_notebook,appartement,Larache,100.0,12450000.0,124500.0,2.0,1.0,,,https://www.mubawab.ma/fr/a/7758670/appartement-%C3%A0-vendre-%C3%A0-larache-2-chambres-agr%C3%A9ables-
mubawab.ma:native:7771091,valid_extreme,surface_extreme,recovery_misplaced_notebook,villa,Casablanca,660.0,6600000.0,10000.0,3.0,3.0,,,https://www.mubawab.ma/fr/a/7771091/villa-%C3%A0-vendre-%C3%A0-lot-marjana-sidi-maarouf
mubawab.ma:native:7772397,probable_error,price_above_p99|price_per_m2_above_reference_p99|suspicious_batch_high_price_per_m2,recovery_misplaced_notebook,appartement,Tanger,90.0,11200000.0,124444.44,2.0,2.0,,,https://www.mubawab.ma/fr/a/7772397/appartements-de-standing-%C3%A0-vendre-%C3%A0-tanja-balia-tanger
mubawab.ma:native:7777660,probable_error,price_per_m2_above_reference_p99|suspicious_batch_high_price_per_m2,recovery_misplaced_notebook,appartement,Casablanca,85.0,6900000.0,81176.47,2.0,1.0,,,https://www.mubawab.ma/fr/a/7777660/appartement-%C3%A0-vendre-plein-centre-maarif
mubawab.ma:native:7800150,probable_error,price_per_m2_above_reference_p99|suspicious_batch_high_price_per_m2,recovery_misplaced_notebook,unknown,Casablanca,78.0,8960000.0,114871.79,2.0,1.0,,,https://www.mubawab.ma/fr/a/7800150/%C3%A0-beaus%C3%A9jour-sublime-apprt-%C3%A0-vendre
mubawab.ma:native:7805399,uncertain,price_above_p99|price_per_m2_above_reference_p99,recovery_misplaced_notebook,appartement,Tanger,130.0,12470000.0,95923.08,3.0,2.0,,,https://www.mubawab.ma/fr/a/7805399/appartements-haut-standing-%C3%A0-malabata-tanger
mubawab.ma:native:7809027,uncertain,price_per_m2_above_reference_p99,recovery_misplaced_notebook,appartement,Casablanca,81.0,4850000.0,59876.54,2.0,1.0,,,https://www.mubawab.ma/fr/a/7809027/bel-appartement-%C3%A0-vendre-%C3%A0-sidi-maarouf
mubawab.ma:native:7815373,probable_error,price_per_m2_above_reference_p99|suspicious_batch_high_price_per_m2,recovery_misplaced_notebook,appartement,Casablanca,91.0,9780000.0,107472.53,2.0,1.0,,,https://www.mubawab.ma/fr/a/7815373/vente-appartement-de-91m2-%C3%A0-oulfa
mubawab.ma:native:7817604,uncertain,surface_extreme,recovery_misplaced_notebook,appartement,Casablanca,729.0,8900000.0,12208.5,5.0,5.0,,,https://www.mubawab.ma/fr/a/7817604/appartement-%C3%A0-l-achat-%C3%A0-racine-5-chambres-terrasse-et-ascenseur
mubawab.ma:native:7861248,probable_error,price_per_m2_above_reference_p99|suspicious_batch_high_price_per_m2,recovery_misplaced_notebook,appartement,Marrakech,90.0,10580000.0,117555.56,3.0,2.0,,,https://www.mubawab.ma/fr/a/7861248/vend-appartement-%C3%A0-les-portes-de-marrakech-3-chambres-bien-meubl%C3%A9
mubawab.ma:native:7973804,probable_error,price_per_m2_above_reference_p99|suspicious_batch_high_price_per_m2,recovery_misplaced_notebook,appartement,El Jadida,82.0,8640000.0,105365.85,2.0,1.0,,,https://www.mubawab.ma/fr/a/7973804/appartement-%C3%A0-vendre-82-m%C2%B2-%C3%A0-el-jadida
mubawab.ma:native:7983114,uncertain,surface_extreme,recovery_misplaced_notebook,appartement,Casablanca,717.0,3600000.0,5020.92,4.0,4.0,,,https://www.mubawab.ma/fr/a/7983114/bel-appartement-racine-%C3%A9tage-%C3%A9lev%C3%A9
mubawab.ma:native:7988330,uncertain,price_per_m2_above_reference_p99,recovery_misplaced_notebook,appartement,Agadir,64.0,2650000.0,41406.25,2.0,1.0,,,https://www.mubawab.ma/fr/a/7988330/appartement-%C3%A0-vendre-%C3%A0-hay-qods-surface-de-64-m%C2%B2-salon-marocain-s%C3%A9curit%C3%A9
mubawab.ma:native:8006827,uncertain,surface_extreme,recovery_misplaced_notebook,appartement,Casablanca,559.0,6950000.0,12432.92,4.0,3.0,,,https://www.mubawab.ma/fr/a/8006827/grand-appartement-racine-extension
mubawab.ma:native:8007377,probable_error,price_per_m2_above_reference_p99|suspicious_batch_high_price_per_m2,recovery_misplaced_notebook,appartement,Casablanca,57.0,8430000.0,147894.74,2.0,1.0,,,https://www.mubawab.ma/fr/a/8007377/appart-%C3%A0-vendre-%C3%A0-a%C3%AFn-seba%C3%A0-%D8%B4%D9%82%D8%A9-%D9%84%D9%84%D8%A8%D9%8A%D8%B9-%D8%A8%D8%B9%D9%8A%D9%86-%D8%A7%D9%84%D8%B3%D8%A8%D8%B9
mubawab.ma:native:8009175,uncertain,surface_extreme,recovery_misplaced_notebook,unknown,Bouskoura,620.0,4900000.0,7903.23,3.0,2.0,,,https://www.mubawab.ma/fr/a/8009175/vente-magnifique-rez-de-jardin-avec-piscine-620m2-bouskoura-ville-verte
mubawab.ma:native:8020556,uncertain,price_per_m2_above_reference_p99,recovery_misplaced_notebook,appartement,Casablanca,120.0,7550000.0,62916.67,2.0,2.0,,,https://www.mubawab.ma/fr/a/8020556/appartement-%C3%A0-l-achat-%C3%A0-bernoussi-surface-totale-120-m%C2%B2-terrasse
mubawab.ma:native:8092398,probable_error,price_above_p99|price_per_m2_above_reference_p99|suspicious_batch_high_price_per_m2,recovery_misplaced_notebook,appartement,Casablanca,145.0,11500000.0,79310.34,2.0,2.0,,,https://www.mubawab.ma/fr/a/8092398/appartement-%C3%A0-vendre-%C3%A0-belv%C3%A9d%C3%A8re-surface-de-145-m%C2%B2-porte-blind%C3%A9e-salon-marocain
mubawab.ma:native:8092802,uncertain,surface_extreme,recovery_misplaced_notebook,unknown,Casablanca,700.0,7500000.0,10714.29,6.0,4.0,,,https://www.mubawab.ma/fr/a/8092802/rooftop-%C3%A0-l-achat-%C3%A0-gauthier-6-belles-chambres-meubl%C3%A9
mubawab.ma:native:8108092,probable_error,price_per_m2_above_reference_p99|suspicious_batch_high_price_per_m2,recovery_misplaced_notebook,appartement,Casablanca,40.0,5960000.0,149000.0,1.0,1.0,,,https://www.mubawab.ma/fr/a/8108092/bel-appartement-%C3%A0-vendre-%C3%A0-moulay-youssef-2-pi%C3%A8ces-confortables-avec-ascenseur
mubawab.ma:native:8109288,uncertain,price_per_m2_above_reference_p99,recovery_misplaced_notebook,appartement,Larache,140.0,9790000.0,69928.57,2.0,2.0,,,https://www.mubawab.ma/fr/a/8109288/appartement-en-vente-%C3%A0-larache-surface-totale-140-m%C2%B2-antenne-parabolique-et-porte-blind%C3%A9e
mubawab.ma:native:8110295,probable_error,price_per_m2_above_reference_p99|suspicious_batch_high_price_per_m2,recovery_misplaced_notebook,appartement,El Jadida,80.0,10630000.0,132875.0,3.0,2.0,,,https://www.mubawab.ma/fr/a/8110295/vente-appartement-%C3%A0-el-jadida
mubawab.ma:native:8114207,uncertain,surface_extreme,recovery_misplaced_notebook,appartement,Casablanca,631.0,6900000.0,10935.02,4.0,4.0,,,https://www.mubawab.ma/fr/a/8114207/affaire-a-saisir-appartement-%C3%A0-vendre-a-racine-rue-ali-abderazak
mubawab.ma:native:8119411,probable_error,price_per_m2_above_reference_p99|suspicious_batch_high_price_per_m2,recovery_misplaced_notebook,appartement,Larache,70.0,9490000.0,135571.43,2.0,1.0,,,https://www.mubawab.ma/fr/a/8119411/beautiful-2-bedroom-apartment-for-sale-in-larache
mubawab.ma:native:8120042,probable_error,price_above_p99|price_per_m2_above_reference_p99|suspicious_batch_high_price_per_m2,recovery_misplaced_notebook,unknown,Agadir,89.0,11860000.0,133258.43,2.0,1.0,,,https://www.mubawab.ma/fr/a/8120042/%C3%A0-vendre-1-%C3%A9tage-moiti%C3%A9-terrasse-%C3%A0-anza-taddart
mubawab.ma:native:8122822,probable_error,price_per_m2_above_reference_p99|suspicious_batch_high_price_per_m2,recovery_misplaced_notebook,appartement,Casablanca,80.0,8760000.0,109500.0,2.0,1.0,,,https://www.mubawab.ma/fr/a/8122822/superbe-appartement-a-hay-adil-enti%C3%A8rement-r%C3%A9nov%C3%A9
mubawab.ma:native:8133994,uncertain,bathrooms_above_8,recovery_misplaced_notebook,appartement,Casablanca,236.0,2900000.0,12288.14,6.0,9.0,,,https://www.mubawab.ma/fr/a/8133994/appartement-%C3%A0-vendre-de-236-0-m%C2%B2-%C3%A0-casablanca-lissasfa
mubawab.ma:native:8135484,probable_error,price_per_m2_above_reference_p99|suspicious_batch_high_price_per_m2,recovery_misplaced_notebook,appartement,El Jadida,105.0,10650000.0,101428.57,2.0,1.0,,,https://www.mubawab.ma/fr/a/8135484/appartement-de-105-m%C2%B2-en-centre-ville
mubawab.ma:native:8138091,uncertain,price_above_p99|price_per_m2_above_reference_p99,recovery_misplaced_notebook,appartement,Marrakech,300.0,17980000.0,59933.33,2.0,2.0,,,https://www.mubawab.ma/fr/a/8138091/appartement-rez-de-jardin-avec-300m2-jardin-priv%C3%A9
mubawab.ma:native:8138511,probable_error,price_per_m2_above_reference_p99|suspicious_batch_high_price_per_m2,recovery_misplaced_notebook,appartement,El Jadida,110.0,10880000.0,98909.09,3.0,3.0,,,https://www.mubawab.ma/fr/a/8138511/appartement-centre-el-jadida-%C3%A0-5-min-de-la-plage
mubawab.ma:native:8149102,probable_error,price_per_m2_above_reference_p99|suspicious_batch_high_price_per_m2,recovery_misplaced_notebook,appartement,Marrakech,63.0,7720000.0,122539.68,3.0,2.0,,,https://www.mubawab.ma/fr/a/8149102/appartement-3-chambres-%C3%A0-vendre-%C3%A0-targa-%E2%80%93-63-m%C2%B2
mubawab.ma:native:8158802,uncertain,surface_extreme,recovery_misplaced_notebook,appartement,Bouskoura,784.0,5200000.0,6632.65,3.0,2.0,,,https://www.mubawab.ma/fr/a/8158802/vente-appartement-rez-de-jardin-784m2-%C3%A0-la-palmeraie-bouskoura-ville-verte
mubawab.ma:native:8160308,probable_error,price_per_m2_above_reference_p99|suspicious_batch_high_price_per_m2,recovery_misplaced_notebook,unknown,Agadir,60.0,6850000.0,114166.67,2.0,1.0,,,https://www.mubawab.ma/fr/a/8160308/t3-titr%C3%A9-quartier-hay-mohammadi
mubawab.ma:native:8162170,uncertain,price_per_m2_above_reference_p99,recovery_misplaced_notebook,appartement,Marrakech,31.0,1747500.0,56370.97,2.0,1.0,,,https://www.mubawab.ma/fr/a/8162170/appartements-%C3%A0-vendre-sur-gu%C3%A9liz-marrakech
mubawab.ma:native:8162458,uncertain,price_per_m2_above_reference_p99,recovery_misplaced_notebook,appartement,Berrechid,120.0,8480000.0,70666.67,4.0,2.0,,,https://www.mubawab.ma/fr/a/8162458/appartement-%C3%A0-vendre-120-m%C2%B2-%C3%A0-berrechid
mubawab.ma:native:8167746,uncertain,surface_extreme,recovery_misplaced_notebook,appartement,Casablanca,538.0,6300000.0,11710.04,6.0,4.0,,,https://www.mubawab.ma/fr/a/8167746/appartement-%C3%A0-vendre-de-538-0-m%C2%B2-%C3%A0-casablanca-racine
mubawab.ma:native:8168242,uncertain,surface_extreme,recovery_misplaced_notebook,appartement,Casablanca,553.0,7300000.0,13200.72,5.0,4.0,,,https://www.mubawab.ma/fr/a/8168242/vente-appartement-%C3%A0-racine
mubawab.ma:native:8177373,probable_error,price_above_p99|price_per_m2_above_reference_p99|suspicious_batch_high_price_per_m2,recovery_misplaced_notebook,appartement,Berrechid,91.0,12510000.0,137472.53,3.0,1.0,,,https://www.mubawab.ma/fr/a/8177373/appartement-spacieux
mubawab.ma:native:8178957,probable_error,price_per_m2_above_reference_p99|suspicious_batch_high_price_per_m2,recovery_misplaced_notebook,appartement,Agadir,54.0,6600000.0,122222.22,3.0,1.0,,,https://www.mubawab.ma/fr/a/8178957/appartement-en-vente-%C3%A0-cit%C3%A9-adrar-3-pi%C3%A8ces-confortables-meubl%C3%A9
mubawab.ma:native:8187848,probable_error,price_above_p99|price_per_m2_above_reference_p99|suspicious_batch_high_price_per_m2,recovery_misplaced_notebook,appartement,Casablanca,100.0,14939800.0,149398.0,2.0,2.0,,,https://www.mubawab.ma/fr/a/8187848/vente-appartement-100m2-roches-noires
mubawab.ma:native:8188319,probable_error,price_above_p99|price_per_m2_above_reference_p99|suspicious_batch_high_price_per_m2,recovery_misplaced_notebook,appartement,El Jadida,125.0,11800000.0,94400.0,3.0,2.0,,,https://www.mubawab.ma/fr/a/8188319/vente-d-un-bel-appartement-%C3%A0-narjiss-3-chambres-four
mubawab.ma:native:8201574,uncertain,surface_extreme,recovery_misplaced_notebook,unknown,Bouskoura,589.0,5000000.0,8488.96,3.0,3.0,,,https://www.mubawab.ma/fr/a/8201574/magnifique-rez-de-jardin-avec-piscine-%C3%A0-vendre-%C3%A0-la-palmeraie-%E2%80%93-bouskoura-ville-verte
mubawab.ma:native:8205264,uncertain,surface_extreme,recovery_misplaced_notebook,unknown,Bouskoura,700.0,5100000.0,7285.71,3.0,3.0,,,https://www.mubawab.ma/fr/a/8205264/beauvrez-de-jardin-%C3%A0-la-ville-verte
mubawab.ma:native:8205696,probable_error,price_per_m2_above_reference_p99|suspicious_batch_high_price_per_m2,recovery_misplaced_notebook,appartement,Berrechid,88.0,10530000.0,119659.09,3.0,2.0,,,https://www.mubawab.ma/fr/a/8205696/appartement-a-vendre-omnia-berrchid-%D8%B4%D9%82%D9%82-%D9%84%D9%84%D8%A8%D9%8A%D8%B9
mubawab.ma:native:8206965,valid_extreme,price_above_p99|price_per_m2_above_reference_p99,recovery_misplaced_notebook,unknown,Casablanca,240.0,15000000.0,62500.0,3.0,4.0,,,https://www.mubawab.ma/fr/a/8206965/penthouse-d%E2%80%99exception-en-vente-%C3%A0-casablanca-marina
mubawab.ma:native:8210135,probable_error,price_per_m2_above_reference_p99|suspicious_batch_high_price_per_m2,recovery_misplaced_notebook,appartement,Agadir,75.0,8000000.0,106666.67,2.0,2.0,,,https://www.mubawab.ma/fr/a/8210135/bel-appartement-%C3%A0-vendre-%C3%A0-hay-salam-2-belles-chambres-terrasse-et-ascenseur
mubawab.ma:native:8210245,probable_error,price_per_m2_above_reference_p99|suspicious_batch_high_price_per_m2,recovery_misplaced_notebook,unknown,Casablanca,50.0,6330000.0,126600.0,2.0,1.0,,,https://www.mubawab.ma/fr/a/8210245/apparemment-%C3%A0-vendre-4eme-etage-azhar-bernoussi
mubawab.ma:native:8210623,uncertain,price_above_p99|price_per_m2_above_reference_p99,recovery_misplaced_notebook,appartement,Casablanca,239.0,14400000.0,60251.05,3.0,2.0,,,https://www.mubawab.ma/fr/a/8210623/sublime-appartement-%C3%A0-vendre-triangle-d-or
mubawab.ma:native:8210768,probable_error,price_above_p99|price_per_m2_above_reference_p99|suspicious_batch_high_price_per_m2,recovery_misplaced_notebook,appartement,El Jadida,89.0,12430000.0,139662.92,2.0,2.0,,,https://www.mubawab.ma/fr/a/8210768/appartement-4-pi%C3%A8ce-el-jadida
mubawab.ma:native:8212748,probable_error,price_per_m2_above_reference_p99|suspicious_batch_high_price_per_m2,recovery_misplaced_notebook,appartement,Casablanca,88.0,8740000.0,99318.18,2.0,1.0,,,https://www.mubawab.ma/fr/a/8212748/vente-d-un-bel-appartement-%C3%A0-hay-chifa-3-grandes-pi%C3%A8ces-porte-blind%C3%A9e-s%C3%A9curit%C3%A9
mubawab.ma:native:8213253,uncertain,price_per_m2_above_reference_p99,recovery_misplaced_notebook,appartement,Berrechid,101.0,4900000.0,48514.85,3.0,2.0,,,https://www.mubawab.ma/fr/a/8213253/superbe-appartement-%C3%A0-vendre-%C3%A0-berrechid-2-pi%C3%A8ces-confortables-antenne-parabolique-et-porte-blind%C3%A9e
mubawab.ma:native:8216978,probable_error,price_above_p99|price_per_m2_above_reference_p99|suspicious_batch_high_price_per_m2,recovery_misplaced_notebook,appartement,Berrechid,112.0,15580000.0,139107.14,3.0,2.0,,,https://www.mubawab.ma/fr/a/8216978/appartement-en-vente-%C3%A0-berrechid-1-pi%C3%A8ce
mubawab.ma:native:8218198,probable_error,price_per_m2_above_reference_p99|suspicious_batch_high_price_per_m2,recovery_misplaced_notebook,appartement,Marrakech,54.0,6760000.0,125185.19,2.0,1.0,,,https://www.mubawab.ma/fr/a/8218198/appart-%C3%A0-vendre54-m%C2%B2-oasis-izdihar-%C3%A0-marrakech
mubawab.ma:native:8221147,probable_error,price_above_p99|price_per_m2_above_reference_p99|suspicious_batch_high_price_per_m2,recovery_misplaced_notebook,appartement,Berrechid,107.0,11560000.0,108037.38,3.0,1.0,,,https://www.mubawab.ma/fr/a/8221147/superbe-appartement-%C3%A0-vendre-%C3%A0-berrechid-4-pi%C3%A8ces-confortables-porte-blind%C3%A9e-s%C3%A9curit%C3%A9
mubawab.ma:native:8223631,uncertain,price_per_m2_above_reference_p99,recovery_misplaced_notebook,appartement,Khouribga,111.0,5750000.0,51801.8,3.0,2.0,,,https://www.mubawab.ma/fr/a/8223631/appartement-%C3%A0-vendre-%C3%A0-khouribga-superficie-111-m%C2%B2-avec-ascenseur-et-terrasse
mubawab.ma:native:8224868,probable_error,price_per_m2_above_reference_p99|suspicious_batch_high_price_per_m2,recovery_misplaced_notebook,appartement,Khouribga,90.0,7540000.0,83777.78,2.0,1.0,,,https://www.mubawab.ma/fr/a/8224868/joli-appartement-au-rdc-90m-%C3%A0-khouribga-2chambres-salon
mubawab.ma:native:8225910,uncertain,price_above_p99|price_per_m2_above_reference_p99,recovery_misplaced_notebook,appartement,Casablanca,163.0,12150000.0,74539.88,3.0,3.0,,,https://www.mubawab.ma/fr/a/8225910/vente-appartement-163m2-%C3%A0-palmier-proche-moli%C3%A8re
mubawab.ma:native:8226043,probable_error,price_per_m2_above_reference_p99|suspicious_batch_high_price_per_m2,recovery_misplaced_notebook,appartement,Berrechid,78.0,7390000.0,94743.59,2.0,1.0,,,https://www.mubawab.ma/fr/a/8226043/bel-appartement-ensoleill%C3%A9-%C3%A0-berrechid
mubawab.ma:native:8227831,uncertain,price_per_m2_above_reference_p99,recovery_misplaced_notebook,appartement,Bouznika,79.0,5750000.0,72784.81,2.0,2.0,,,https://www.mubawab.ma/fr/a/8227831/vente-d-un-bel-appartement-%C3%A0-plage-dahomey-bouznika-mandarona-2-chambres-salon-traditionnel-et-porte-blind%C3%A9e
mubawab.ma:native:8228309,uncertain,surface_extreme,recovery_misplaced_notebook,appartement,Casablanca,570.0,6900000.0,12105.26,4.0,8.0,,,https://www.mubawab.ma/fr/a/8228309/appartement-%C3%A0-vendre-de-570-0-m%C2%B2-%C3%A0-casablanca-maarif-extension
mubawab.ma:native:8229125,probable_error,price_per_m2_above_reference_p99|suspicious_batch_high_price_per_m2,recovery_misplaced_notebook,appartement,Casablanca,55.0,5385000.0,97909.09,2.0,1.0,,,https://www.mubawab.ma/fr/a/8229125/%C3%A0-vendre-%E2%80%93-apt-de-55-m%C2%B2-a-kasbat-amine-lissasfa
mubawab.ma:native:8232462,uncertain,price_per_m2_above_reference_p99,recovery_misplaced_notebook,studio,Casablanca,60.0,2500000.0,41666.67,3.0,1.0,,,https://www.mubawab.ma/fr/a/8232462/beau-studio-casablanca-marina
mubawab.ma:native:8237269,probable_error,price_per_m2_above_reference_p99|suspicious_batch_high_price_per_m2,recovery_misplaced_notebook,appartement,El Jadida,66.0,8550000.0,129545.45,2.0,1.0,,,https://www.mubawab.ma/fr/a/8237269/superbe-appartement-%C3%A0-vendre-%C3%A0-najmat-al-janoub-4-grandes-pi%C3%A8ces
mubawab.ma:native:8237528,probable_error,price_above_p99|price_per_m2_above_reference_p99|suspicious_batch_high_price_per_m2,recovery_misplaced_notebook,appartement,Agadir,80.0,11390000.0,142375.0,2.0,2.0,,,https://www.mubawab.ma/fr/a/8237528/superbe-appartement-%C3%A0-vendre-%C3%A0-anza-surface-de-80-m%C2%B2-avec-ascenseur-et-terrasse
mubawab.ma:native:8239570,uncertain,price_per_m2_above_reference_p99,recovery_misplaced_notebook,appartement,Essaouira,100.0,6950000.0,69500.0,3.0,1.0,,,https://www.mubawab.ma/fr/a/8239570/appartement-%C3%A0-vendre-en-centre-ville-3-pi%C3%A8ces-bien-meubl%C3%A9
mubawab.ma:native:8240289,uncertain,price_per_m2_above_reference_p99,recovery_misplaced_notebook,appartement,Agadir,53.0,2400000.0,45283.02,2.0,1.0,,,https://www.mubawab.ma/fr/a/8240289/appartement-a-hay-attadamoun-jet-sakan-hay-salam
mubawab.ma:native:8240826,probable_error,price_per_m2_above_reference_p99|suspicious_batch_high_price_per_m2,recovery_misplaced_notebook,appartement,El Jadida,122.0,10850000.0,88934.43,3.0,2.0,,,https://www.mubawab.ma/fr/a/8240826/appartement-%C3%A0-vendre-el-jadida
mubawab.ma:native:8242436,probable_error,price_above_p99|price_per_m2_above_reference_p99|suspicious_batch_high_price_per_m2,recovery_misplaced_notebook,appartement,Casablanca,102.0,11770000.0,115392.16,4.0,2.0,,,https://www.mubawab.ma/fr/a/8242436/appartement-en-vente-%C3%A0-ma%C3%A2rif-extension-4-belles-chambres
mubawab.ma:native:8243540,probable_error,price_per_m2_above_reference_p99|suspicious_batch_high_price_per_m2,recovery_misplaced_notebook,appartement,El Jadida,84.0,10780000.0,128333.33,3.0,2.0,,,https://www.mubawab.ma/fr/a/8243540/bel-appartement-%C3%A0-vendre-%C3%A0-ennajd-superficie-84-m%C2%B2-salon-traditionnel-marocain-r%C3%A9sidence-s%C3%A9curis%C3%A9e
mubawab.ma:native:8243587,probable_error,price_per_m2_above_reference_p99|suspicious_batch_high_price_per_m2,recovery_misplaced_notebook,unknown,Agadir,120.0,9500000.0,79166.67,4.0,1.0,,,https://www.mubawab.ma/fr/a/8243587/apptement-a-vendre-%C3%A0-hay-mohammadi
mubawab.ma:native:8245876,probable_error,price_per_m2_above_reference_p99|suspicious_batch_high_price_per_m2,recovery_misplaced_notebook,appartement,Agadir,56.0,6600000.0,117857.14,2.0,1.0,,,https://www.mubawab.ma/fr/a/8245876/appartement-neuf-agadir
mubawab.ma:native:8247539,probable_error,price_per_m2_above_reference_p99|suspicious_batch_high_price_per_m2,recovery_misplaced_notebook,appartement,Casablanca,86.0,8790000.0,102209.3,2.0,1.0,,,https://www.mubawab.ma/fr/a/8247539/appartement-%C3%A0-abouab-al-oulfa
mubawab.ma:native:8249068,probable_error,price_per_m2_above_reference_p99|suspicious_batch_high_price_per_m2,recovery_misplaced_notebook,appartement,Casablanca,96.0,9860000.0,102708.33,3.0,2.0,,,https://www.mubawab.ma/fr/a/8249068/appartement-%C3%A0-hay-el-qods-casablanca
mubawab.ma:native:8249298,probable_error,price_per_m2_above_reference_p99|suspicious_batch_high_price_per_m2,recovery_misplaced_notebook,appartement,Casablanca,87.0,8950000.0,102873.56,4.0,2.0,,,https://www.mubawab.ma/fr/a/8249298/appartement-%C3%A0-vendre-ain-chock-qods
mubawab.ma:native:8249378,probable_error,price_per_m2_above_reference_p99|suspicious_batch_high_price_per_m2,recovery_misplaced_notebook,appartement,Casablanca,54.0,6450000.0,119444.44,1.0,1.0,,,https://www.mubawab.ma/fr/a/8249378/appartement-%C3%A0-l-achat-%C3%A0-hay-lmkansa-1-chambre-salon-marocain-traditionnel
mubawab.ma:native:8250636,uncertain,price_per_m2_above_reference_p99,recovery_misplaced_notebook,appartement,Agadir,65.0,4850000.0,74615.38,2.0,1.0,,,https://www.mubawab.ma/fr/a/8250636/bel-appartement-%C3%A0-vendre-%C3%A0-hay-salam-1-pi%C3%A8ce-ascenseur
mubawab.ma:native:8251920,uncertain,price_per_m2_above_reference_p99,recovery_misplaced_notebook,unknown,Agadir,70.0,4700000.0,67142.86,2.0,2.0,,,https://www.mubawab.ma/fr/a/8251920/apptement-avendre-%C3%A0-hay-mohammadi
mubawab.ma:native:8252532,uncertain,price_per_m2_above_reference_p99,recovery_misplaced_notebook,appartement,Casablanca,82.0,4540000.0,55365.85,2.0,2.0,,,https://www.mubawab.ma/fr/a/8252532/appartements-%C3%A0-anassi-r%C3%A9sidence-souraya-casablanca
mubawab.ma:native:8252816,probable_error,price_per_m2_above_reference_p99|suspicious_batch_high_price_per_m2,recovery_misplaced_notebook,appartement,Casablanca,95.0,7820000.0,82315.79,2.0,1.0,,,https://www.mubawab.ma/fr/a/8252816/appartement-sidi-othmane
mubawab.ma:native:8253285,probable_error,price_per_m2_above_reference_p99|suspicious_batch_high_price_per_m2,recovery_misplaced_notebook,appartement,Larache,96.0,10600000.0,110416.67,3.0,1.0,,,https://www.mubawab.ma/fr/a/8253285/bel-appartement-%C3%A0-vendre-%C3%A0-larache-3-pi%C3%A8ces-confortables-syst%C3%A8me-de-parabole-et-salon-marocain
mubawab.ma:native:8254431,probable_error,price_per_m2_above_reference_p99|suspicious_batch_high_price_per_m2,recovery_misplaced_notebook,appartement,Casablanca,55.0,5330000.0,96909.09,2.0,1.0,,,https://www.mubawab.ma/fr/a/8254431/appartement-%C3%A0-vendre-riad-oulfa
mubawab.ma:native:8255435,uncertain,price_per_m2_above_reference_p99,recovery_misplaced_notebook,appartement,Khouribga,126.0,5580000.0,44285.71,4.0,1.0,,,https://www.mubawab.ma/fr/a/8255435/vend-appartement-%C3%A0-khouribga-surface-de-126-m%C2%B2
mubawab.ma:native:8255495,probable_error,price_per_m2_above_reference_p99|suspicious_batch_high_price_per_m2,recovery_misplaced_notebook,appartement,Casablanca,61.0,8400000.0,137704.92,2.0,2.0,,,https://www.mubawab.ma/fr/a/8255495/bel-appartement-%C3%A0-vendre-dar-essalam-oulfa
mubawab.ma:native:8255639,probable_error,price_above_p99|price_per_m2_above_reference_p99|suspicious_batch_high_price_per_m2,recovery_misplaced_notebook,appartement,Bouskoura,94.0,11980000.0,127446.81,2.0,2.0,,,https://www.mubawab.ma/fr/a/8255639/appartement-neuf-victoria-bouskoura
mubawab.ma:native:8256090,probable_error,price_per_m2_above_reference_p99|suspicious_batch_high_price_per_m2,recovery_misplaced_notebook,appartement,Casablanca,73.0,9510000.0,130273.97,3.0,1.0,,,https://www.mubawab.ma/fr/a/8256090/vente-d-un-bel-appartement-%C3%A0-sidi-moumen-surface-totale-73-m%C2%B2
mubawab.ma:native:8256254,uncertain,price_per_m2_above_reference_p99,recovery_misplaced_notebook,appartement,Casablanca,55.0,3390000.0,61636.36,2.0,1.0,,,https://www.mubawab.ma/fr/a/8256254/vend-appartement-%C3%A0-zone-industrielle-moulay-rachid-surface-de-55-m%C2%B2-grand-balcon
mubawab.ma:native:8256322,probable_error,price_above_p99|price_per_m2_above_reference_p99|suspicious_batch_high_price_per_m2,recovery_misplaced_notebook,appartement,Casablanca,108.0,11700000.0,108333.33,3.0,2.0,,,https://www.mubawab.ma/fr/a/8256322/superbe-appartement-%C3%A0-vendre-%C3%A0-californie-3-grandes-pi%C3%A8ces-avec-ascenseur-et-terrasse
mubawab.ma:native:8256769,uncertain,price_per_m2_above_reference_p99,recovery_misplaced_notebook,appartement,Casablanca,88.0,3950000.0,44886.36,2.0,1.0,,,https://www.mubawab.ma/fr/a/8256769/appartement-%C3%A0-vendre-quartier-chabab-ain-sebaa
mubawab.ma:native:8257157,probable_error,price_above_p99|price_per_m2_above_reference_p99|suspicious_batch_high_price_per_m2,recovery_misplaced_notebook,bureau,Casablanca,98.0,11400000.0,116326.53,,2.0,,,https://www.mubawab.ma/fr/a/8257157/appartement-bureau-%C3%A0-2-mars-avec-balcon-et-parking
mubawab.ma:native:8259830,probable_error,price_per_m2_above_reference_p99|suspicious_batch_high_price_per_m2,recovery_misplaced_notebook,appartement,Casablanca,69.0,7610000.0,110289.86,2.0,1.0,,,https://www.mubawab.ma/fr/a/8259830/appartement-%C3%A0-vendre-%C3%A0-al-hadika-2-pi%C3%A8ces-confortables-meubl%C3%A9
mubawab.ma:native:8259899,valid_extreme,price_above_p99,recovery_misplaced_notebook,immeuble,Casablanca,440.0,13800000.0,31363.64,6.0,3.0,,,https://www.mubawab.ma/fr/a/8259899/immeuble-appartement-%C3%A0-hay-mohammadi
mubawab.ma:native:8260306,uncertain,price_per_m2_above_reference_p99,recovery_misplaced_notebook,appartement,Casablanca,142.0,8932400.0,62904.23,4.0,1.0,,,https://www.mubawab.ma/fr/a/8260306/appartement-%C3%A0-vendre-142-m%C2%B2-4-chambres-roches-noires-casablanca
mubawab.ma:native:8260575,probable_error,price_per_m2_above_reference_p99|suspicious_batch_high_price_per_m2,recovery_misplaced_notebook,studio,Casablanca,106.0,8740000.0,82452.83,2.0,1.0,,,https://www.mubawab.ma/fr/a/8260575/studio-%C3%A0-vendre-106-m%C2%B2-ain-borja-casablanca
mubawab.ma:native:8261095,probable_error,price_above_p99|price_per_m2_above_reference_p99|suspicious_batch_high_price_per_m2,recovery_misplaced_notebook,appartement,Casablanca,91.0,12800000.0,140659.34,3.0,2.0,,,https://www.mubawab.ma/fr/a/8261095/appartement-%C3%A0-vendre-91-m%C2%B2-3-chambres-hay-chrifa-casablanca
mubawab.ma:native:8261298,probable_error,price_above_p99|price_per_m2_above_reference_p99|suspicious_batch_high_price_per_m2,recovery_misplaced_notebook,appartement,Casablanca,93.0,13725400.0,147584.95,3.0,2.0,,,https://www.mubawab.ma/fr/a/8261298/el-wissal-appartement-%C3%A0-vendre-93-m%C2%B2-3-chambres-anassi-casablanca
mubawab.ma:native:8261747,probable_error,price_per_m2_above_reference_p99|suspicious_batch_high_price_per_m2,recovery_misplaced_notebook,appartement,Casablanca,74.0,10785000.0,145743.24,2.0,1.0,,,https://www.mubawab.ma/fr/a/8261747/appartement-%C3%A0-vendre-74-m%C2%B2-2-chambres-ain-borja-casablanca
mubawab.ma:native:8262055,probable_error,price_per_m2_above_reference_p99|suspicious_batch_high_price_per_m2,recovery_misplaced_notebook,appartement,Casablanca,100.0,10900000.0,109000.0,2.0,2.0,,,https://www.mubawab.ma/fr/a/8262055/r%C3%A9sidence-rita-appartement-%C3%A0-vendre-100-m%C2%B2-2-chambres-almaz-casablanca
mubawab.ma:native:8262123,probable_error,price_per_m2_above_reference_p99|suspicious_batch_high_price_per_m2,recovery_misplaced_notebook,studio,El Jadida,65.0,4890000.0,75230.77,3.0,1.0,,,https://www.mubawab.ma/fr/a/8262123/studio-%C3%A0-vendre-65-m%C2%B2-r%C3%A9sidence-olablanca-el-jadida
mubawab.ma:native:8262200,probable_error,price_above_p99|price_per_m2_above_reference_p99|suspicious_batch_high_price_per_m2,recovery_misplaced_notebook,appartement,Casablanca,115.0,14950000.0,130000.0,3.0,1.0,,,https://www.mubawab.ma/fr/a/8262200/appartement-%C3%A0-vendre-115-m%C2%B2-3-chambres-a%C3%AFn-seba%C3%A2-casablanca
mubawab.ma:native:8262308,probable_error,price_above_p99|price_per_m2_above_reference_p99|suspicious_batch_high_price_per_m2,recovery_misplaced_notebook,appartement,Berrechid,81.0,11720000.0,144691.36,2.0,1.0,,,https://www.mubawab.ma/fr/a/8262308/appartement-%C3%A0-vendre-81-m%C2%B2-2-chambres-tamaris-berrechid
mubawab.ma:native:8263141,probable_error,price_per_m2_above_reference_p99|suspicious_batch_high_price_per_m2,recovery_misplaced_notebook,appartement,Agadir,68.0,8900000.0,130882.35,2.0,1.0,,,https://www.mubawab.ma/fr/a/8263141/appartement-%C3%A0-vendre-%C3%A0-tilila-superficie-68-m%C2%B2-avec-ascenseur
mubawab.ma:native:8263533,probable_error,price_per_m2_above_reference_p99|suspicious_batch_high_price_per_m2,recovery_misplaced_notebook,appartement,Agadir,60.0,4720000.0,78666.67,2.0,1.0,,,https://www.mubawab.ma/fr/a/8263533/appartement-avendre-%C3%A0-hay-mohammadi
mubawab.ma:native:8264124,probable_error,price_above_p99|price_per_m2_above_reference_p99|suspicious_batch_high_price_per_m2,recovery_misplaced_notebook,appartement,Casablanca,128.0,16950000.0,132421.88,2.0,1.0,,,https://www.mubawab.ma/fr/a/8264124/appartement-%C3%A0-vendre-128-m%C2%B2-2-chambres-sidi-maarouf-casablanca
mubawab.ma:native:8264790,uncertain,price_per_m2_above_reference_p99,recovery_misplaced_notebook,appartement,Tanger,124.0,6510000.0,52500.0,3.0,2.0,,,https://www.mubawab.ma/fr/a/8264790/appartement-124-m%C2%B2-%E2%80%93-%C3%A9l%C3%A9gance-vue-mer-%C3%A0-malabata-hills
mubawab.ma:native:8266468,probable_error,price_above_p99|price_per_m2_above_reference_p99|suspicious_batch_high_price_per_m2,recovery_misplaced_notebook,appartement,Agadir,106.0,12100000.0,114150.94,2.0,2.0,,,https://www.mubawab.ma/fr/a/8266468/off-market-%E2%80%93-appartement-neuf-jamais-habit%C3%A9
mubawab.ma:native:8266858,uncertain,price_per_m2_above_reference_p99,recovery_misplaced_notebook,appartement,Casablanca,110.0,7900000.0,71818.18,3.0,2.0,,,https://www.mubawab.ma/fr/a/8266858/superbe-appartement-coll%C3%A9-%C3%A0-venezia-ice-belvedere
mubawab.ma:native:8266863,probable_error,price_per_m2_above_reference_p99|suspicious_batch_high_price_per_m2,recovery_misplaced_notebook,appartement,Casablanca,86.0,9910000.0,115232.56,2.0,2.0,,,https://www.mubawab.ma/fr/a/8266863/bel-appartement-de-86m-%C3%A0-ain-sebaa
mubawab.ma:native:8267103,probable_error,price_per_m2_above_reference_p99|suspicious_batch_high_price_per_m2,recovery_misplaced_notebook,appartement,Casablanca,78.0,7820000.0,100256.41,2.0,2.0,,,https://www.mubawab.ma/fr/a/8267103/appartement-%C3%A0-vendre-78-m%C2%B2-2-chambres-hay-chrifa-casablanca
mubawab.ma:native:8268333,probable_error,price_above_p99|price_per_m2_above_reference_p99|suspicious_batch_high_price_per_m2,recovery_misplaced_notebook,appartement,Casablanca,99.0,13890000.0,140303.03,2.0,1.0,,,https://www.mubawab.ma/fr/a/8268333/a-vendre-appartement-%C3%A0-al-qods-2-salons-2-chambres-s%C3%A9curis%C3%A9-24-24
mubawab.ma:native:8268457,probable_error,price_per_m2_above_reference_p99|suspicious_batch_high_price_per_m2,recovery_misplaced_notebook,appartement,Casablanca,73.0,5890000.0,80684.93,2.0,2.0,,,https://www.mubawab.ma/fr/a/8268457/appartement-en-vente-%C3%A0-ain-borja-2-belles-chambres-salon-marocain-s%C3%A9curit%C3%A9
mubawab.ma:native:8268770,valid_extreme,price_per_m2_above_reference_p99,recovery_misplaced_notebook,appartement,Tanger,99.0,4000000.0,40404.04,2.0,2.0,,,https://www.mubawab.ma/fr/a/8268770/appartement-de-haut-standing-malabata-%C3%A0-vendre
mubawab.ma:native:8271526,probable_error,price_above_p99|price_per_m2_above_reference_p99|suspicious_batch_high_price_per_m2,recovery_misplaced_notebook,appartement,El Jadida,110.0,12780000.0,116181.82,2.0,1.0,,,https://www.mubawab.ma/fr/a/8271526/bel-appartement-%C3%A0-vendre-en-centre-ville-3-grandes-pi%C3%A8ces
mubawab.ma:native:8273282,probable_error,price_above_p99|price_per_m2_above_reference_p99|suspicious_batch_high_price_per_m2,recovery_misplaced_notebook,unknown,Casablanca,144.0,16000000.0,111111.11,4.0,2.0,,,https://www.mubawab.ma/fr/a/8273282/urgent-a-vendre-a-ain-sebaa
mubawab.ma:native:8273503,uncertain,price_above_p99,recovery_misplaced_notebook,appartement,Casablanca,430.0,12900000.0,30000.0,3.0,1.0,,,https://www.mubawab.ma/fr/a/8273503/vente-d-un-bel-appartement-%C3%A0-val-fleury-surface-de-430-m%C2%B2
mubawab.ma:native:8273513,probable_error,price_per_m2_above_reference_p99|suspicious_batch_high_price_per_m2,recovery_misplaced_notebook,appartement,Berrechid,110.0,10790000.0,98090.91,3.0,1.0,,,https://www.mubawab.ma/fr/a/8273513/grand-appartement-110-m%C2%B2-%E2%80%93-meubl%C3%A9-et-r%C3%A9nov%C3%A9-%E2%80%93-berrechid
mubawab.ma:native:8273705,uncertain,price_above_p99|price_per_m2_above_reference_p99,recovery_misplaced_notebook,appartement,Casablanca,240.0,13500000.0,56250.0,4.0,3.0,,,https://www.mubawab.ma/fr/a/8273705/vente-d-un-bel-appartement-%C3%A0-les-h%C3%B4pitaux-surface-de-240-m%C2%B2-terrasse-et-ascenseur
mubawab.ma:native:8273748,uncertain,price_per_m2_above_reference_p99,recovery_misplaced_notebook,appartement,Berrechid,145.0,10670000.0,73586.21,3.0,2.0,,,https://www.mubawab.ma/fr/a/8273748/spacieux-appartement-145m%C2%B2-%C3%A0-berrechid
mubawab.ma:native:8274775,probable_error,price_per_m2_above_reference_p99|suspicious_batch_high_price_per_m2,recovery_misplaced_notebook,appartement,Agadir,81.0,6840000.0,84444.44,2.0,1.0,,,https://www.mubawab.ma/fr/a/8274775/appartement-%C3%A0-vendre-%C3%A0-hay-salam-surface-de-81-m%C2%B2-meubl%C3%A9
mubawab.ma:native:8275773,uncertain,price_above_p99|price_per_m2_above_reference_p99,recovery_misplaced_notebook,appartement,Casablanca,300.0,14200000.0,47333.33,5.0,3.0,,,https://www.mubawab.ma/fr/a/8275773/ain-diab-%E2%80%93-appartement-%C3%A0-la-vente-%E2%80%93
mubawab.ma:native:8275903,probable_error,price_per_m2_above_reference_p99|suspicious_batch_high_price_per_m2,recovery_misplaced_notebook,appartement,Casablanca,84.0,7850000.0,93452.38,2.0,1.0,,,https://www.mubawab.ma/fr/a/8275903/appartement-%C3%A0-vendre-84-m%C2%B2-2-chambres-a%C3%AFn-seba%C3%A2-casablanca
mubawab.ma:native:8276877,probable_error,price_above_p99|price_per_m2_above_reference_p99|suspicious_batch_high_price_per_m2,recovery_misplaced_notebook,appartement,Agadir,104.0,12000000.0,115384.62,2.0,2.0,,,https://www.mubawab.ma/fr/a/8276877/appartement-meubl%C3%A9-a-vendre-%C3%A0-hay-houda
mubawab.ma:native:8277650,uncertain,price_per_m2_above_reference_p99,recovery_misplaced_notebook,appartement,Casablanca,90.0,5910000.0,65666.67,2.0,1.0,,,https://www.mubawab.ma/fr/a/8277650/appartement-90-m%C2%B2-%C3%A0-vendre-%E2%80%93-ain-borja-casablanca
mubawab.ma:native:8277795,probable_error,price_per_m2_above_reference_p99|suspicious_batch_high_price_per_m2,recovery_misplaced_notebook,appartement,Berrechid,57.0,8300000.0,145614.04,3.0,2.0,,,https://www.mubawab.ma/fr/a/8277795/vend-appartement-%C3%A0-deroua-berrechid-superficie-57-m%C2%B2-s%C3%A9curit%C3%A9
mubawab.ma:native:8278139,probable_error,price_per_m2_above_reference_p99|suspicious_batch_high_price_per_m2,recovery_misplaced_notebook,studio,Casablanca,69.0,7920000.0,114782.61,1.0,1.0,,,https://www.mubawab.ma/fr/a/8278139/24-studios-%E2%80%93-riviera-proche-cfc
mubawab.ma:native:8279142,probable_error,price_per_m2_above_reference_p99|suspicious_batch_high_price_per_m2,recovery_misplaced_notebook,appartement,Casablanca,55.0,5340000.0,97090.91,2.0,1.0,,,https://www.mubawab.ma/fr/a/8279142/appartement-oulfa-55m2-r%C3%A9sidence-essaada
mubawab.ma:native:8283327,probable_error,price_above_p99|price_per_m2_above_reference_p99|suspicious_batch_high_price_per_m2,recovery_misplaced_notebook,appartement,El Jadida,94.0,11560000.0,122978.72,2.0,1.0,,,https://www.mubawab.ma/fr/a/8283327/appartement-94-m2-centre-ville
mubawab.ma:native:8283943,probable_error,price_per_m2_above_reference_p99|suspicious_batch_high_price_per_m2,recovery_misplaced_notebook,appartement,Casablanca,65.0,6360000.0,97846.15,2.0,1.0,,,https://www.mubawab.ma/fr/a/8283943/appartement-%C3%A0-l-achat-%C3%A0-al-azhar-5-grandes-pi%C3%A8ces
mubawab.ma:native:8284017,probable_error,price_per_m2_above_reference_p99|suspicious_batch_high_price_per_m2,recovery_misplaced_notebook,appartement,Casablanca,72.0,7950000.0,110416.67,2.0,1.0,,,https://www.mubawab.ma/fr/a/8284017/appartement-spacieux-et-ensoleill%C3%A9-%C3%A0-maarif
mubawab.ma:native:8285067,probable_error,price_per_m2_above_reference_p99|suspicious_batch_high_price_per_m2,recovery_misplaced_notebook,studio,Casablanca,48.0,5820000.0,121250.0,1.0,1.0,,,https://www.mubawab.ma/fr/a/8285067/studio-a-vendre-aux-roches-noires-r%C3%A9sidence-ferm%C3%A9e
mubawab.ma:native:8285305,probable_error,price_above_p99|price_per_m2_above_reference_p99|suspicious_batch_high_price_per_m2,recovery_misplaced_notebook,appartement,El Jadida,93.0,13680000.0,147096.77,2.0,1.0,,,https://www.mubawab.ma/fr/a/8285305/%C3%A0-la-vente-%E2%80%93-appartement-de-standing-el-jadida
mubawab.ma:native:8285907,probable_error,price_per_m2_above_reference_p99|suspicious_batch_high_price_per_m2,recovery_misplaced_notebook,appartement,Tanger,91.0,8910000.0,97912.09,2.0,2.0,,,https://www.mubawab.ma/fr/a/8285907/appartement-%C3%A0-vendre-91-m%C2%B2-2-chambres-castilla-tanger
mubawab.ma:native:8286236,probable_error,price_above_p99|price_per_m2_above_reference_p99|suspicious_batch_high_price_per_m2,recovery_misplaced_notebook,appartement,Agadir,120.0,11450000.0,95416.67,3.0,4.0,,,https://www.mubawab.ma/fr/a/8286236/appartement-%C3%A0-vendre-%C3%A0-al-wifaq-3-pi%C3%A8ces-bien-meubl%C3%A9-
mubawab.ma:native:8287897,uncertain,price_per_m2_above_reference_p99,recovery_misplaced_notebook,appartement,Casablanca,55.0,2380000.0,43272.73,2.0,1.0,,,https://www.mubawab.ma/fr/a/8287897/superbe-appartement-%C3%A0-vendre-%C3%A0-hay-zobir-2-belles-chambres-meubl%C3%A9
mubawab.ma:native:8288284,probable_error,price_per_m2_above_reference_p99|suspicious_batch_high_price_per_m2,recovery_misplaced_notebook,appartement,Casablanca,69.0,8800000.0,127536.23,2.0,1.0,,,https://www.mubawab.ma/fr/a/8288284/appartement-en-vente-%C3%A0-a%C3%AFn-seba%C3%A2-2-chambres-agr%C3%A9ables-ascenseur-et-terrasse
mubawab.ma:native:8288618,probable_error,price_per_m2_above_reference_p99|suspicious_batch_high_price_per_m2,recovery_misplaced_notebook,appartement,Casablanca,50.0,5340000.0,106800.0,2.0,1.0,,,https://www.mubawab.ma/fr/a/8288618/superbe-appartement-%C3%A0-vendre-%C3%A0-sidi-moumen-2-chambres-agr%C3%A9ables
mubawab.ma:native:8289231,probable_error,price_above_p99|price_per_m2_above_reference_p99|suspicious_batch_high_price_per_m2,recovery_misplaced_notebook,appartement,Marrakech,125.0,14500000.0,116000.0,3.0,2.0,,,https://www.mubawab.ma/fr/a/8289231/appartement-%C3%A0-vendre-125-m%C2%B2-sidi-abbad-marrakech
mubawab.ma:native:8290353,probable_error,price_per_m2_above_reference_p99|suspicious_batch_high_price_per_m2,recovery_misplaced_notebook,appartement,Casablanca,60.0,6430000.0,107166.67,2.0,1.0,,,https://www.mubawab.ma/fr/a/8290353/appartement-%C3%A0-vendre-%C3%A0-oulfa-casablanca
mubawab.ma:native:8290800,probable_error,price_per_m2_above_reference_p99|suspicious_batch_high_price_per_m2,recovery_misplaced_notebook,studio,Casablanca,46.0,5700000.0,123913.04,1.0,1.0,,,https://www.mubawab.ma/fr/a/8290800/vente-studios-de-standing-belvedere
mubawab.ma:native:8291021,probable_error,price_above_p99|price_per_m2_above_reference_p99|suspicious_batch_high_price_per_m2,recovery_misplaced_notebook,appartement,Casablanca,118.0,10980000.0,93050.85,3.0,2.0,,,https://www.mubawab.ma/fr/a/8291021/appartement-%C3%A0-vendre-%C3%A0-ain-chock-3-chambres-agr%C3%A9ables
mubawab.ma:native:8291223,probable_error,price_per_m2_above_reference_p99|suspicious_batch_high_price_per_m2,recovery_misplaced_notebook,appartement,Casablanca,70.0,6530000.0,93285.71,2.0,1.0,,,https://www.mubawab.ma/fr/a/8291223/appartement-%C3%A0-riad-alhadika-casablanca
mubawab.ma:native:8291350,probable_error,price_per_m2_above_reference_p99|suspicious_batch_high_price_per_m2,recovery_misplaced_notebook,appartement,Casablanca,64.0,5380000.0,84062.5,2.0,1.0,,,https://www.mubawab.ma/fr/a/8291350/appartement-a-anassi
mubawab.ma:native:8292266,probable_error,price_per_m2_above_reference_p99|suspicious_batch_high_price_per_m2,recovery_misplaced_notebook,appartement,Essaouira,70.0,8630000.0,123285.71,2.0,1.0,,,https://www.mubawab.ma/fr/a/8292266/appartement-r%C3%A9nov%C3%A9-avec-terrasse-%C3%A0-essaouira
mubawab.ma:native:8292790,probable_error,price_above_p99|price_per_m2_above_reference_p99|suspicious_batch_high_price_per_m2,recovery_misplaced_notebook,appartement,Agadir,116.0,13800000.0,118965.52,2.0,2.0,,,https://www.mubawab.ma/fr/a/8292790/appartement-avendre-%C3%A0-hay-mohammadi
mubawab.ma:native:8293940,probable_error,price_above_p99|price_per_m2_above_reference_p99|suspicious_batch_high_price_per_m2,recovery_misplaced_notebook,appartement,Casablanca,120.0,12000000.0,100000.0,3.0,2.0,,,https://www.mubawab.ma/fr/a/8293940/appartement-%C3%A0-vendre-%C3%A0-bourgogne-ouest-6-pi%C3%A8ces-confortables
mubawab.ma:native:8294831,probable_error,price_above_p99|price_per_m2_above_reference_p99|suspicious_batch_high_price_per_m2,recovery_misplaced_notebook,appartement,Casablanca,116.0,16950000.0,146120.69,3.0,2.0,,,https://www.mubawab.ma/fr/a/8294831/appartement-%C3%A0-vendre-116-m%C2%B2-3-chambres-almaz-casablanca
mubawab.ma:native:8295215,probable_error,price_above_p99|price_per_m2_above_reference_p99|suspicious_batch_high_price_per_m2,recovery_misplaced_notebook,appartement,Casablanca,92.0,12900000.0,140217.39,2.0,1.0,,,https://www.mubawab.ma/fr/a/8295215/appartement-en-vente-%C3%A0-hay-moulay-rachid-1-1-pi%C3%A8ce-ascenseur-et-places-de-parking
mubawab.ma:native:8296121,probable_error,price_per_m2_above_reference_p99|suspicious_batch_high_price_per_m2,recovery_misplaced_notebook,appartement,Agadir,60.0,4640000.0,77333.33,2.0,1.0,,,https://www.mubawab.ma/fr/a/8296121/appartement-taddart-anza
mubawab.ma:native:8296254,uncertain,surface_extreme,recovery_misplaced_notebook,appartement,Casablanca,729.0,8700000.0,11934.16,5.0,4.0,,,https://www.mubawab.ma/fr/a/8296254/bel-appartement-%C3%A0-vendre-%C3%A0-racine-5-chambres-agr%C3%A9ables-fen%C3%AAtres-double-vitrage-et-chauffage-central
mubawab.ma:native:8296501,probable_error,price_per_m2_above_reference_p99|suspicious_batch_high_price_per_m2,recovery_misplaced_notebook,appartement,Berrechid,101.0,9671000.0,95752.48,2.0,1.0,,,https://www.mubawab.ma/fr/a/8296501/vente-appartement-%C3%A0-berrechid
mubawab.ma:native:8297316,uncertain,price_per_m2_above_reference_p99,recovery_misplaced_notebook,appartement,Casablanca,64.0,3380000.0,52812.5,2.0,1.0,,,https://www.mubawab.ma/fr/a/8297316/vend-appartement-%C3%A0-anassi-surface-totale-64-m%C2%B2
mubawab.ma:native:8297374,probable_error,price_per_m2_above_reference_p99|suspicious_batch_high_price_per_m2,recovery_misplaced_notebook,appartement,Bouskoura,80.0,10755000.0,134437.5,3.0,2.0,,,https://www.mubawab.ma/fr/a/8297374/appartement-neuf-%C3%A0-bassatine-bouskoura
mubawab.ma:native:8298481,probable_error,price_per_m2_above_reference_p99|suspicious_batch_high_price_per_m2,recovery_misplaced_notebook,appartement,Casablanca,75.0,8440000.0,112533.33,2.0,1.0,,,https://www.mubawab.ma/fr/a/8298481/vente-d-un-bel-appartement-%C3%A0-al-azhar-2-chambres-agr%C3%A9ables-porte-blind%C3%A9e
mubawab.ma:native:8298667,probable_error,price_per_m2_above_reference_p99|suspicious_batch_high_price_per_m2,recovery_misplaced_notebook,appartement,Casablanca,50.0,4450000.0,89000.0,3.0,1.0,,,https://www.mubawab.ma/fr/a/8298667/vente-d-un-bel-appartement-%C3%A0-al-farah-dar-essalam-2-pi%C3%A8ces-s%C3%A9curis%C3%A9-24-24
mubawab.ma:native:8298787,probable_error,price_per_m2_above_reference_p99|suspicious_batch_high_price_per_m2,recovery_misplaced_notebook,unknown,Casablanca,54.0,5330000.0,98703.7,2.0,1.0,,,https://www.mubawab.ma/fr/a/8298787/la-mis%C3%A9ricorde-est-le-bonheur-1-pr%C3%A8s-du-bus-%C3%A0-casablanca
mubawab.ma:native:8299157,probable_error,price_per_m2_above_reference_p99|suspicious_batch_high_price_per_m2,recovery_misplaced_notebook,studio,Agadir,44.0,4780000.0,108636.36,2.0,1.0,,,https://www.mubawab.ma/fr/a/8299157/studio-avendr-%C3%A0-islan-%C3%A0-hay-mohammadi
mubawab.ma:native:8299243,probable_error,price_above_p99|price_per_m2_above_reference_p99|suspicious_batch_high_price_per_m2,recovery_misplaced_notebook,appartement,Casablanca,100.0,11950000.0,119500.0,2.0,1.0,,,https://www.mubawab.ma/fr/a/8299243/superbe-appartement-neuf-100m%C2%B2-a-casa-ain-borja
mubawab.ma:native:8299767,probable_error,price_per_m2_above_reference_p99|suspicious_batch_high_price_per_m2,recovery_misplaced_notebook,appartement,Casablanca,59.0,8568000.0,145220.34,2.0,1.0,,,https://www.mubawab.ma/fr/a/8299767/appartement-ensoleill%C3%A9-%C3%A0-ain-sebaa-vue-d%C3%A9gag%C3%A9e
mubawab.ma:native:8300036,probable_error,price_per_m2_above_reference_p99|suspicious_batch_high_price_per_m2,recovery_misplaced_notebook,appartement,Casablanca,76.0,9900000.0,130263.16,2.0,2.0,,,https://www.mubawab.ma/fr/a/8300036/appartement-76m%C2%B2-ain-seba%C3%A2-%C3%A0-vendre
mubawab.ma:native:8302577,uncertain,price_per_m2_above_reference_p99,recovery_misplaced_notebook,appartement,Casablanca,90.0,5900000.0,65555.56,3.0,1.0,,,https://www.mubawab.ma/fr/a/8302577/appartement-moderne-90m-%C3%A0-ain-sebaa
mubawab.ma:native:8302754,uncertain,surface_extreme,recovery_misplaced_notebook,duplex,Casablanca,538.0,6500000.0,12081.78,5.0,3.0,,,https://www.mubawab.ma/fr/a/8302754/somptueux-duplex-avec-terrasses-%C3%A0-vendre-racine
mubawab.ma:native:8303245,valid_extreme,price_per_m2_above_reference_p99,recovery_misplaced_notebook,appartement,Agadir,100.0,4800000.0,48000.0,3.0,2.0,,,https://www.mubawab.ma/fr/a/8303245/l-opportunit%C3%A9-d-une-vie-%C3%A0-agadir-appartements-de-luxe-%C3%A0-vendre-dans-un-emplacement
mubawab.ma:native:8303554,valid_extreme,price_above_p99|price_per_m2_above_reference_p99,recovery_misplaced_notebook,immeuble,Casablanca,300.0,20000000.0,66666.67,3.0,1.0,,,https://www.mubawab.ma/fr/a/8303554/immeuble-r5-au-maarif-14appartements-6magasins
mubawab.ma:native:8304346,uncertain,price_per_m2_above_reference_p99,recovery_misplaced_notebook,unknown,Casablanca,83.0,4150000.0,50000.0,2.0,3.0,,,https://www.mubawab.ma/fr/a/8304346/porte-d%E2%80%99anfa-%E2%80%93-83-m%C2%B2-de-terrasse
mubawab.ma:native:8304578,uncertain,price_per_m2_above_reference_p99,recovery_misplaced_notebook,appartement,Marrakech,67.0,4690000.0,70000.0,2.0,1.0,,,https://www.mubawab.ma/fr/a/8304578/superbe-opportunit%C3%A9-d%E2%80%99acquisition-%E2%80%94-appartement-avec-terrasse-%C3%A0-5-minutes-de-victor-hugo-gu%C3%A9liz
mubawab.ma:native:8305040,probable_error,price_per_m2_above_reference_p99|suspicious_batch_high_price_per_m2,recovery_misplaced_notebook,unknown,Casablanca,88.0,9750000.0,110795.45,3.0,2.0,,,https://www.mubawab.ma/fr/a/8305040/apprt-ain-borja
mubawab.ma:native:8306414,probable_error,price_per_m2_above_reference_p99|suspicious_batch_high_price_per_m2,recovery_misplaced_notebook,appartement,Casablanca,64.0,8850000.0,138281.25,2.0,1.0,,,https://www.mubawab.ma/fr/a/8306414/vente-appartement-%C3%A0-ain-sebaa
mubawab.ma:native:8306968,probable_error,price_per_m2_above_reference_p99|suspicious_batch_high_price_per_m2,recovery_misplaced_notebook,appartement,Agadir,86.0,10895000.0,126686.05,3.0,1.0,,,https://www.mubawab.ma/fr/a/8306968/appartement-3-chambres-spacieux-hay-salam
mubawab.ma:native:8307269,probable_error,price_per_m2_above_reference_p99|suspicious_batch_high_price_per_m2,recovery_misplaced_notebook,appartement,Larache,73.0,10480000.0,143561.64,2.0,2.0,,,https://www.mubawab.ma/fr/a/8307269/superbe-appartement-%C3%A0-vendre-avec-aide-au-logement-%C3%A0-larache-2-excellentes-chambres-ascenseur-et-balcon
mubawab.ma:native:8307270,probable_error,price_above_p99|price_per_m2_above_reference_p99|suspicious_batch_high_price_per_m2,recovery_misplaced_notebook,appartement,Larache,90.0,11750000.0,130555.56,3.0,2.0,,,https://www.mubawab.ma/fr/a/8307270/vente-d-appartement-avec-soutien-au-logement-%C3%A0-larache-3-chambres-excellentes-fen%C3%AAtres-avec-double-vitrage-et-porte-s%C3%A9curis%C3%A9e-
mubawab.ma:native:8307391,probable_error,price_per_m2_above_reference_p99|suspicious_batch_high_price_per_m2,recovery_misplaced_notebook,appartement,Berrechid,74.0,6520000.0,88108.11,2.0,1.0,,,https://www.mubawab.ma/fr/a/8307391/superbe-appartement-%C3%A0-vendre-%C3%A0-berrechid-superficie-74-m%C2%B2-cuisini%C3%A8re-avec-four
mubawab.ma:native:8307667,probable_error,price_per_m2_above_reference_p99|suspicious_batch_high_price_per_m2,recovery_misplaced_notebook,studio,Casablanca,51.0,5900000.0,115686.27,2.0,1.0,,,https://www.mubawab.ma/fr/a/8307667/joli-studio-51-m%C2%B2-mers-sultan
mubawab.ma:native:8308702,uncertain,price_per_m2_above_reference_p99,recovery_misplaced_notebook,appartement,Agadir,56.0,2540000.0,45357.14,2.0,2.0,,,https://www.mubawab.ma/fr/a/8308702/vente-d-un-bel-appartement-%C3%A0-hay-salam-2-grandes-pi%C3%A8ces-antenne-parabolique-et-s%C3%A9curit%C3%A9
mubawab.ma:native:8309879,probable_error,price_per_m2_above_reference_p99|suspicious_batch_high_price_per_m2,recovery_misplaced_notebook,appartement,El Jadida,82.0,6705000.0,81768.29,2.0,2.0,,,https://www.mubawab.ma/fr/a/8309879/vente-d-un-bel-appartement-%C3%A0-quartier-a%C3%A9rodrome-2-pi%C3%A8ces-confortables-salon-typique-marocain-r%C3%A9sidence-s%C3%A9curis%C3%A9e
mubawab.ma:native:8310002,probable_error,price_above_p99|price_per_m2_above_reference_p99|suspicious_batch_high_price_per_m2,recovery_misplaced_notebook,appartement,Marrakech,126.0,14820000.0,117619.05,2.0,2.0,,,https://www.mubawab.ma/fr/a/8310002/grand-appartement-mhamid-avenue-nakhil
mubawab.ma:native:8310887,uncertain,price_per_m2_above_reference_p99,recovery_misplaced_notebook,appartement,Larache,87.0,5670000.0,65172.41,3.0,2.0,,,https://www.mubawab.ma/fr/a/8310887/vente-d-un-bel-appartement-%C3%A0-larache-surface-de-87-m%C2%B2-meubl%C3%A9
mubawab.ma:native:8311075,probable_error,price_per_m2_above_reference_p99|suspicious_batch_high_price_per_m2,recovery_misplaced_notebook,appartement,Casablanca,55.0,6390000.0,116181.82,2.0,1.0,,,https://www.mubawab.ma/fr/a/8311075/appartement-%C3%A0-vendre-ain-sebaa-cot%C3%A9-encg-et-marjan
mubawab.ma:native:8311816,probable_error,price_above_p99|price_per_m2_above_reference_p99|suspicious_batch_high_price_per_m2,recovery_misplaced_notebook,appartement,El Jadida,96.0,13918000.0,144979.17,2.0,1.0,,,https://www.mubawab.ma/fr/a/8311816/superbe-appartement-el-jadida
mubawab.ma:native:8312826,probable_error,price_per_m2_above_reference_p99|suspicious_batch_high_price_per_m2,recovery_misplaced_notebook,appartement,El Jadida,72.0,9650000.0,134027.78,2.0,1.0,,,https://www.mubawab.ma/fr/a/8312826/%C3%A0-vendre-appartement-72m2-2-chambres-el-jadida
mubawab.ma:native:8313016,probable_error,price_per_m2_above_reference_p99|suspicious_batch_high_price_per_m2,recovery_misplaced_notebook,appartement,Casablanca,68.0,9480000.0,139411.76,3.0,1.0,,,https://www.mubawab.ma/fr/a/8313016/appartement-%C3%A0-vendre-%C3%A0-riyad-al-oulfa-%E2%80%93-casablanca
mubawab.ma:native:8313386,probable_error,price_per_m2_above_reference_p99|suspicious_batch_high_price_per_m2,recovery_misplaced_notebook,appartement,Casablanca,98.0,8880000.0,90612.24,3.0,1.0,,,https://www.mubawab.ma/fr/a/8313386/appartement-%C3%A0-vendre-98-m%C2%B2-3-chambres-sidi-moumen-casablanca
mubawab.ma:native:8314617,probable_error,price_above_p99|price_per_m2_above_reference_p99|suspicious_batch_high_price_per_m2,recovery_misplaced_notebook,appartement,Casablanca,115.0,11500000.0,100000.0,2.0,1.0,,,https://www.mubawab.ma/fr/a/8314617/appartement-la-gironde
mubawab.ma:native:8314947,probable_error,price_per_m2_above_reference_p99|suspicious_batch_high_price_per_m2,recovery_misplaced_notebook,appartement,Bouskoura,95.0,8850000.0,93157.89,3.0,3.0,,,https://www.mubawab.ma/fr/a/8314947/appartements-%C3%A0-vendre-%C3%A0-bouskoura-victoria
mubawab.ma:native:8315156,probable_error,price_above_p99|price_per_m2_above_reference_p99|suspicious_batch_high_price_per_m2,recovery_misplaced_notebook,appartement,Casablanca,90.0,11840000.0,131555.56,2.0,1.0,,,https://www.mubawab.ma/fr/a/8315156/vente-d-un-bel-appartement-%C3%A0-ain-borja-surface-de-90-m%C2%B2-salon-traditionnel-et-syst%C3%A8me-d-antenne-parabolique
mubawab.ma:native:8315546,probable_error,price_per_m2_above_reference_p99|suspicious_batch_high_price_per_m2,recovery_misplaced_notebook,appartement,Larache,97.0,7770000.0,80103.09,3.0,1.0,,,https://www.mubawab.ma/fr/a/8315546/bel-appartement-%C3%A0-vendre-%C3%A0-larache-surface-totale-97-m%C2%B2-avec-ascenseur-et-terrasse
mubawab.ma:native:8315872,probable_error,price_per_m2_above_reference_p99|suspicious_batch_high_price_per_m2,recovery_misplaced_notebook,studio,Casablanca,61.0,7976000.0,130754.1,3.0,1.0,,,https://www.mubawab.ma/fr/a/8315872/studio-de-61-m%C2%B2-%C3%A0-vendre-%C3%A0-mers-sultan
mubawab.ma:native:8316546,probable_error,price_per_m2_above_reference_p99|suspicious_batch_high_price_per_m2,recovery_misplaced_notebook,appartement,Bouskoura,77.0,9630000.0,125064.94,2.0,2.0,,,https://www.mubawab.ma/fr/a/8316546/appartement-neuf-%C3%A0-vendre-%C3%A0-victoria
mubawab.ma:native:8316786,probable_error,price_per_m2_above_reference_p99|suspicious_batch_high_price_per_m2,recovery_misplaced_notebook,appartement,Marrakech,90.0,7780000.0,86444.44,2.0,1.0,,,https://www.mubawab.ma/fr/a/8316786/vente-appartement-%C3%A0-azzouzia
mubawab.ma:native:8317554,probable_error,price_per_m2_above_reference_p99|suspicious_batch_high_price_per_m2,recovery_misplaced_notebook,appartement,Casablanca,81.0,6920000.0,85432.1,2.0,2.0,,,https://www.mubawab.ma/fr/a/8317554/appartement-a-vendre-roches-noires
mubawab.ma:native:8317771,probable_error,price_above_p99|price_per_m2_above_reference_p99|suspicious_batch_high_price_per_m2,recovery_misplaced_notebook,unknown,Agadir,121.0,13500000.0,111570.25,3.0,2.0,,,https://www.mubawab.ma/fr/a/8317771/agadir-bay-unit%C3%A9-d-angle-premium-3-chambres
mubawab.ma:native:8317787,probable_error,price_per_m2_above_reference_p99|suspicious_batch_high_price_per_m2,recovery_misplaced_notebook,appartement,Casablanca,69.0,5600000.0,81159.42,3.0,1.0,,,https://www.mubawab.ma/fr/a/8317787/appartement-centre-benjdia
mubawab.ma:native:8318270,probable_error,price_per_m2_above_reference_p99|suspicious_batch_high_price_per_m2,recovery_misplaced_notebook,appartement,Casablanca,60.0,5690000.0,94833.33,1.0,1.0,,,https://www.mubawab.ma/fr/a/8318270/appartement-%C3%A0-vendre-ou-%C3%A0-louer-60m%C2%B2-%C3%A0-ain-sebaa
mubawab.ma:native:8318411,probable_error,price_above_p99|price_per_m2_above_reference_p99|suspicious_batch_high_price_per_m2,recovery_misplaced_notebook,appartement,Casablanca,91.0,12750000.0,140109.89,2.0,1.0,,,https://www.mubawab.ma/fr/a/8318411/appartement-%C3%A0-vendre-91-m%C2%B2-2-chambres-oulfa-casablanca
mubawab.ma:native:8319090,probable_error,price_per_m2_above_reference_p99|suspicious_batch_high_price_per_m2,recovery_misplaced_notebook,appartement,Casablanca,62.0,6530000.0,105322.58,2.0,1.0,,,https://www.mubawab.ma/fr/a/8319090/appartement-%C3%A0-vendre-62-m%C2%B2-2-chambres-a%C3%AFn-seba%C3%A2-casablanca
mubawab.ma:native:8319511,probable_error,price_per_m2_above_reference_p99|suspicious_batch_high_price_per_m2,recovery_misplaced_notebook,appartement,Casablanca,88.0,10750000.0,122159.09,2.0,1.0,,,https://www.mubawab.ma/fr/a/8319511/appartement-%C3%A0-vendre-88-m%C2%B2-2-chambres-al-qods-casablanca
mubawab.ma:native:8319598,probable_error,price_per_m2_above_reference_p99|suspicious_batch_high_price_per_m2,recovery_misplaced_notebook,studio,Marrakech,38.0,4670000.0,122894.74,2.0,1.0,,,https://www.mubawab.ma/fr/a/8319598/jolie-studio-meubl%C3%A9-%C3%A0-vendre-%C3%A0-hivernage
mubawab.ma:native:8319893,probable_error,price_per_m2_above_reference_p99|suspicious_batch_high_price_per_m2,recovery_misplaced_notebook,appartement,Casablanca,74.0,9610000.0,129864.86,3.0,2.0,,,https://www.mubawab.ma/fr/a/8319893/appartement-propre-%C3%A0-vendre-hay-al-qods
mubawab.ma:native:8319974,probable_error,price_per_m2_above_reference_p99|suspicious_batch_high_price_per_m2,recovery_misplaced_notebook,appartement,Agadir,60.0,7800000.0,130000.0,2.0,1.0,,,https://www.mubawab.ma/fr/a/8319974/%E2%80%8Bappartement-%C3%A0-vendre-hay-mohammadi
mubawab.ma:native:8320578,uncertain,price_per_m2_above_reference_p99,recovery_misplaced_notebook,appartement,Bouskoura,98.0,6990000.0,71326.53,2.0,2.0,,,https://www.mubawab.ma/fr/a/8320578/bel-appartement-%C3%A0-vendre-sur-victoria
mubawab.ma:native:8321056,uncertain,price_above_p99|price_per_m2_above_reference_p99,recovery_misplaced_notebook,appartement,Casablanca,250.0,14500000.0,58000.0,3.0,4.0,,,https://www.mubawab.ma/fr/a/8321056/appartement-d%E2%80%99exception-vue-mer-%C3%A0-vendre-%C3%A0-ain-diab
mubawab.ma:native:8323199,probable_error,price_above_p99|price_per_m2_above_reference_p99|suspicious_batch_high_price_per_m2,recovery_misplaced_notebook,appartement,Casablanca,111.0,12180000.0,109729.73,2.0,3.0,,,https://www.mubawab.ma/fr/a/8323199/superbe-appartement-%C3%A0-vendre-%C3%A0-ma%C3%A2rif-extension-2-belles-chambres-meubl%C3%A9
mubawab.ma:native:8324479,probable_error,price_per_m2_above_reference_p99|suspicious_batch_high_price_per_m2,recovery_misplaced_notebook,appartement,Essaouira,38.0,4380000.0,115263.16,1.0,1.0,,,https://www.mubawab.ma/fr/a/8324479/appartement-en-vente-%C3%A0-ghazoua-2-pi%C3%A8ces
mubawab.ma:native:8324824,uncertain,price_per_m2_above_reference_p99,recovery_misplaced_notebook,studio,Casablanca,64.0,2700000.0,42187.5,3.0,2.0,,,https://www.mubawab.ma/fr/a/8324824/a-vendre-superbe-studio-meubl%C3%A9-avec-vue-d%C3%A9gag%C3%A9e-%C3%A0-ain-diab-anfa-sup
mubawab.ma:native:8325640,valid_extreme,price_per_m2_above_reference_p99,recovery_misplaced_notebook,unknown,Marrakech,60.0,3390000.0,56500.0,3.0,1.0,,,https://www.mubawab.ma/fr/a/8325640/pied-%C3%A0-terre-de-luxe-%C3%A0-l-hivernage-marrakech
mubawab.ma:native:8326154,probable_error,price_per_m2_above_reference_p99|suspicious_batch_high_price_per_m2,recovery_misplaced_notebook,appartement,Agadir,62.0,5800000.0,93548.39,2.0,1.0,,,https://www.mubawab.ma/fr/a/8326154/appartement-%C3%A0-vendre-%C3%A0-anza-vue-sur-mer
mubawab.ma:native:8327607,probable_error,price_per_m2_above_reference_p99|suspicious_batch_high_price_per_m2,recovery_misplaced_notebook,appartement,Casablanca,56.0,7380000.0,131785.71,2.0,1.0,,,https://www.mubawab.ma/fr/a/8327607/appartement-%C3%A0-vendre-56-m%C2%B2-2-chambres-oulfa-casablanca
mubawab.ma:native:8327844,probable_error,price_per_m2_above_reference_p99|suspicious_batch_high_price_per_m2,recovery_misplaced_notebook,unknown,Casablanca,90.0,8920000.0,99111.11,2.0,2.0,,,https://www.mubawab.ma/fr/a/8327844/les-roches-noires
mubawab.ma:native:8328291,uncertain,price_per_m2_above_reference_p99,recovery_misplaced_notebook,appartement,Casablanca,150.0,6300000.0,42000.0,2.0,3.0,,,https://www.mubawab.ma/fr/a/8328291/appartement-d%E2%80%99exception-%C3%A0-la-vente-%E2%80%93-casablanca-marina
mubawab.ma:native:8328481,probable_error,price_per_m2_above_reference_p99|suspicious_batch_high_price_per_m2,recovery_misplaced_notebook,appartement,Casablanca,76.0,8800000.0,115789.47,2.0,1.0,,,https://www.mubawab.ma/fr/a/8328481/appartement-%C3%A0-vendre-oulfa
mubawab.ma:native:8329157,probable_error,price_per_m2_above_reference_p99|suspicious_batch_high_price_per_m2,recovery_misplaced_notebook,appartement,El Jadida,92.0,7660000.0,83260.87,2.0,1.0,,,https://www.mubawab.ma/fr/a/8329157/appartement-en-vente-%C3%A0-quartier-a%C3%A9rodrome-3-grandes-pi%C3%A8ces-salon-marocain-s%C3%A9curit%C3%A9
mubawab.ma:native:8329360,probable_error,price_per_m2_above_reference_p99|suspicious_batch_high_price_per_m2,recovery_misplaced_notebook,appartement,Casablanca,78.0,7500000.0,96153.85,2.0,2.0,,,https://www.mubawab.ma/fr/a/8329360/appartement-%C3%A0-l-achat-%C3%A0-oulfa-2-grandes-pi%C3%A8ces-places-de-parking-et-beau-jardin
mubawab.ma:native:8329860,uncertain,price_per_m2_above_reference_p99,recovery_misplaced_notebook,unknown,Marrakech,180.0,10590000.0,58833.33,2.0,2.0,,,https://www.mubawab.ma/fr/a/8329860/four-seasons-private-residences-marrakech
mubawab.ma:native:8330414,probable_error,price_above_p99|price_per_m2_above_reference_p99|suspicious_batch_high_price_per_m2,recovery_misplaced_notebook,appartement,Casablanca,89.0,10979000.0,123359.55,3.0,2.0,,,https://www.mubawab.ma/fr/a/8330414/bel-appartement-%C3%A0-vendre-%C3%A0-a%C3%AFn-seba%C3%A2
mubawab.ma:native:8330843,probable_error,price_per_m2_above_reference_p99|suspicious_batch_high_price_per_m2,recovery_misplaced_notebook,appartement,Casablanca,75.0,7750000.0,103333.33,2.0,1.0,,,https://www.mubawab.ma/fr/a/8330843/vente-appartement-75m%C2%B2-%E2%80%93-quartier-a%C3%AFn-seba%C3%A2
mubawab.ma:native:8331652,probable_error,price_per_m2_above_reference_p99|suspicious_batch_high_price_per_m2,recovery_misplaced_notebook,appartement,Casablanca,57.0,5000000.0,87719.3,2.0,1.0,,,https://www.mubawab.ma/fr/a/8331652/vend-appartement-%C3%A0-hay-hassani-2-chambres-agr%C3%A9ables
mubawab.ma:native:8332087,probable_error,price_above_p99|price_per_m2_above_reference_p99|suspicious_batch_high_price_per_m2,recovery_misplaced_notebook,appartement,Essaouira,100.0,11880000.0,118800.0,2.0,2.0,,,https://www.mubawab.ma/fr/a/8332087/appartement-%C3%A0-vendre-en-centre-ville-2-grandes-pi%C3%A8ces-garage-et-terrasse
mubawab.ma:native:8332845,probable_error,price_per_m2_above_reference_p99|suspicious_batch_high_price_per_m2,recovery_misplaced_notebook,appartement,Casablanca,77.0,7850000.0,101948.05,2.0,1.0,,,https://www.mubawab.ma/fr/a/8332845/a-vendre-appartement-de-77m%C2%B2-maarif-extension
mubawab.ma:native:8332992,probable_error,price_per_m2_above_reference_p99|suspicious_batch_high_price_per_m2,recovery_misplaced_notebook,appartement,Agadir,56.0,5750000.0,102678.57,2.0,1.0,,,https://www.mubawab.ma/fr/a/8332992/appartement-hay-mohammadi-agadir
mubawab.ma:native:8333284,valid_extreme,surface_extreme|price_above_p99,recovery_misplaced_notebook,immeuble,Marrakech,1263.0,13500000.0,10688.84,2.0,1.0,,,https://www.mubawab.ma/fr/a/8333284/a-ne-pas-rater-immeuble-semi-fini-%C3%A0-gueliz
mubawab.ma:native:8333718,probable_error,price_per_m2_above_reference_p99|suspicious_batch_high_price_per_m2,recovery_misplaced_notebook,appartement,Berrechid,126.0,9560000.0,75873.02,2.0,2.0,,,https://www.mubawab.ma/fr/a/8333718/appartement-spacieux-de-126-m%C2%B2-%E2%80%93-3%C3%A8me-%C3%A9tage-%E2%80%93-quartier-al-izdihar-berrechid
mubawab.ma:native:8334001,probable_error,price_per_m2_above_reference_p99|suspicious_batch_high_price_per_m2,recovery_misplaced_notebook,unknown,Berrechid,64.0,8400000.0,131250.0,3.0,1.0,,,https://www.mubawab.ma/fr/a/8334001/r%C3%A9sidence-de-la-lumi%C3%A8re-pr%C3%A8s-de-la-promesse-du-printemps-%C3%A0-berrechid
mubawab.ma:native:8334716,probable_error,price_per_m2_above_reference_p99|suspicious_batch_high_price_per_m2,recovery_misplaced_notebook,appartement,El Jadida,67.0,7400000.0,110447.76,2.0,1.0,,,https://www.mubawab.ma/fr/a/8334716/appartement-en-vente-%C3%A0-najmat-al-janoub-2-chambres
mubawab.ma:native:8335085,probable_error,price_above_p99|price_per_m2_above_reference_p99|suspicious_batch_high_price_per_m2,recovery_misplaced_notebook,appartement,Agadir,112.0,11450000.0,102232.14,3.0,2.0,,,https://www.mubawab.ma/fr/a/8335085/vend-appartement-%C3%A0-hay-houda-3-belles-chambres-parking-et-ascenseur
mubawab.ma:native:8335773,probable_error,price_per_m2_above_reference_p99|suspicious_batch_high_price_per_m2,recovery_misplaced_notebook,appartement,Bouskoura,102.0,7836000.0,76823.53,2.0,2.0,,,https://www.mubawab.ma/fr/a/8335773/appartement-neuf-%C3%A0-vendre-%C3%A0-bouskoura-victoria
mubawab.ma:native:8337291,uncertain,price_per_m2_above_reference_p99,recovery_misplaced_notebook,maison,Casablanca,99.0,4500000.0,45454.55,6.0,5.0,,,https://www.mubawab.ma/fr/a/8337291/maison-oulfa-sur-boulevard-commercial
mubawab.ma:native:8338108,probable_error,price_above_p99|price_per_m2_above_reference_p99|suspicious_batch_high_price_per_m2,recovery_misplaced_notebook,appartement,Casablanca,130.0,11850000.0,91153.85,3.0,2.0,,,https://www.mubawab.ma/fr/a/8338108/appartement-%C3%A0-vendre-%C3%A0-californie-3-belles-chambres
mubawab.ma:native:8339117,uncertain,price_above_p99|price_per_m2_above_reference_p99,recovery_misplaced_notebook,appartement,Bouskoura,243.0,14800000.0,60905.35,3.0,2.0,,,https://www.mubawab.ma/fr/a/8339117/appartement-%C3%A0-l-achat-%C3%A0-ville-verte-4-pi%C3%A8ces
mubawab.ma:native:8339121,uncertain,price_above_p99|price_per_m2_above_reference_p99,recovery_misplaced_notebook,appartement,Casablanca,343.0,17800000.0,51895.04,4.0,4.0,,,https://www.mubawab.ma/fr/a/8339121/vente-d-un-bel-appartement-%C3%A0-triangle-d-or-5-pi%C3%A8ces
mubawab.ma:native:8339791,uncertain,price_per_m2_above_reference_p99,recovery_misplaced_notebook,appartement,Casablanca,62.0,3400000.0,54838.71,3.0,1.0,,,https://www.mubawab.ma/fr/a/8339791/bel-appartement-%C3%A0-vendre-%C3%A0-bernoussi-surface-de-62-m%C2%B2
mubawab.ma:native:8342125,probable_error,price_per_m2_above_reference_p99|suspicious_batch_high_price_per_m2,recovery_misplaced_notebook,appartement,Casablanca,75.0,6520000.0,86933.33,3.0,1.0,,,https://www.mubawab.ma/fr/a/8342125/appartement-a-vendre-a-anassi-1er-etage
mubawab.ma:native:8342322,probable_error,price_above_p99|price_per_m2_above_reference_p99|suspicious_batch_high_price_per_m2,recovery_misplaced_notebook,appartement,Agadir,114.0,11200000.0,98245.61,3.0,2.0,,,https://www.mubawab.ma/fr/a/8342322/appartement-a-vendre-a-hay-salam-imm-priv%C3%A9
mubawab.ma:native:8342416,probable_error,price_above_p99|price_per_m2_above_reference_p99|suspicious_batch_high_price_per_m2,recovery_misplaced_notebook,appartement,Casablanca,104.0,12936000.0,124384.62,3.0,2.0,,,https://www.mubawab.ma/fr/a/8342416/appartement-%C3%A0-2-mars
mubawab.ma:native:8343672,probable_error,price_above_p99|price_per_m2_above_reference_p99|suspicious_batch_high_price_per_m2,recovery_misplaced_notebook,appartement,El Jadida,155.0,16660000.0,107483.87,2.0,2.0,,,https://www.mubawab.ma/fr/a/8343672/appartement-2-chambres-%C3%A0-autre-secteur-el-jadida
mubawab.ma:native:8344410,uncertain,price_per_m2_above_reference_p99,recovery_misplaced_notebook,appartement,Agadir,74.0,4780000.0,64594.59,2.0,2.0,,,https://www.mubawab.ma/fr/a/8344410/appartement-%E2%80%93-hay-al-farah-agadir
mubawab.ma:native:8346040,probable_error,price_above_p99|price_per_m2_above_reference_p99|suspicious_batch_high_price_per_m2,recovery_misplaced_notebook,appartement,Casablanca,108.0,11100000.0,102777.78,3.0,2.0,,,https://www.mubawab.ma/fr/a/8346040/appartement-%C3%A0-l-achat-%C3%A0-mers-sultan-surface-de-108-m%C2%B2-meubl%C3%A9
mubawab.ma:native:8346754,probable_error,price_per_m2_above_reference_p99|suspicious_batch_high_price_per_m2,recovery_misplaced_notebook,appartement,Casablanca,60.0,6450000.0,107500.0,2.0,1.0,,,https://www.mubawab.ma/fr/a/8346754/appartement-%C3%A0-vendre-60m2-%C3%A0-casa-sidi-moumen
mubawab.ma:native:8346772,probable_error,price_per_m2_above_reference_p99|suspicious_batch_high_price_per_m2,recovery_misplaced_notebook,appartement,Casablanca,71.0,10530000.0,148309.86,2.0,1.0,,,https://www.mubawab.ma/fr/a/8346772/vente-d-un-bel-appartement-%C3%A0-sidi-moumen-1-pi%C3%A8ce-cuisine-enti%C3%A8rement-%C3%A9quip%C3%A9e
mubawab.ma:native:8348103,probable_error,price_above_p99|price_per_m2_above_reference_p99|suspicious_batch_high_price_per_m2,recovery_misplaced_notebook,appartement,Casablanca,90.0,12980000.0,144222.22,2.0,2.0,,,https://www.mubawab.ma/fr/a/8348103/appartement-en-vente-%C3%A0-belv%C3%A9d%C3%A8re-2-belles-chambres
mubawab.ma:native:8348350,uncertain,price_per_m2_above_reference_p99,recovery_misplaced_notebook,appartement,Agadir,58.0,2800000.0,48275.86,3.0,1.0,,,https://www.mubawab.ma/fr/a/8348350/appartement-%C3%A0-vendre
mubawab.ma:native:8348726,probable_error,price_per_m2_above_reference_p99|suspicious_batch_high_price_per_m2,recovery_misplaced_notebook,appartement,Berrechid,90.0,8480000.0,94222.22,3.0,1.0,,,https://www.mubawab.ma/fr/a/8348726/appartement-%C3%A0-vendre-%C3%A0-berrechid-3-grandes-pi%C3%A8ces-salon-traditionnel
mubawab.ma:native:8349337,uncertain,price_above_p99|price_per_m2_above_reference_p99,recovery_misplaced_notebook,appartement,Bouskoura,307.0,15550000.0,50651.47,3.0,3.0,,,https://www.mubawab.ma/fr/a/8349337/appartement-rez-de-jardin-%C3%A0-bouskoura-ville-verte
mubawab.ma:native:8350508,probable_error,price_per_m2_above_reference_p99|suspicious_batch_high_price_per_m2,recovery_misplaced_notebook,appartement,Casablanca,70.0,8460000.0,120857.14,2.0,1.0,,,https://www.mubawab.ma/fr/a/8350508/appartement-ensoleill%C3%A9-%C3%A0-sidi-moumen
mubawab.ma:native:8350848,probable_error,price_above_p99|price_per_m2_above_reference_p99|suspicious_batch_high_price_per_m2,recovery_misplaced_notebook,duplex,Marrakech,120.0,12650000.0,105416.67,2.0,2.0,,,https://www.mubawab.ma/fr/a/8350848/duplex-d%E2%80%99exception-avec-piscine-priv%C3%A9e-au-c%C5%93ur-de-gu%C3%A9liz-%E2%80%93-marrakech
mubawab.ma:native:8350855,uncertain,price_above_p99|price_per_m2_above_reference_p99,recovery_misplaced_notebook,appartement,Casablanca,200.0,13500000.0,67500.0,3.0,2.0,,,https://www.mubawab.ma/fr/a/8350855/apt-neuf-grande-terrasse-%C3%A1-vendre-oasis
mubawab.ma:native:8350857,uncertain,price_per_m2_above_reference_p99,recovery_misplaced_notebook,studio,Casablanca,42.0,1980000.0,47142.86,1.0,1.0,,,https://www.mubawab.ma/fr/a/8350857/studio-a-vendre-quartier-les-princesses
mubawab.ma:native:8351442,probable_error,price_per_m2_above_reference_p99|suspicious_batch_high_price_per_m2,recovery_misplaced_notebook,appartement,Agadir,77.0,5900000.0,76623.38,2.0,1.0,,,https://www.mubawab.ma/fr/a/8351442/appartement-proximit%C3%A9-souk-el-had
mubawab.ma:native:8352270,probable_error,price_above_p99|price_per_m2_above_reference_p99|suspicious_batch_high_price_per_m2,recovery_misplaced_notebook,appartement,Casablanca,100.0,11400000.0,114000.0,3.0,2.0,,,https://www.mubawab.ma/fr/a/8352270/bel-appartement-a-gauthier
mubawab.ma:native:8352495,valid_extreme,price_per_m2_above_reference_p99,recovery_misplaced_notebook,studio,Tanger,66.0,3000000.0,45454.55,3.0,1.0,,,https://www.mubawab.ma/fr/a/8352495/luxueux-studios-tr%C3%A8s-confortable-plein-centre
mubawab.ma:native:8352848,probable_error,price_per_m2_above_reference_p99|suspicious_batch_high_price_per_m2,recovery_misplaced_notebook,appartement,Larache,77.0,6650000.0,86363.64,2.0,1.0,,,https://www.mubawab.ma/fr/a/8352848/appartement-%C3%A0-vendre-2-belles-chambres-antenne-satellite
mubawab.ma:native:8353505,probable_error,price_per_m2_above_reference_p99|suspicious_batch_high_price_per_m2,recovery_misplaced_notebook,appartement,Tanger,99.0,9980000.0,100808.08,3.0,1.0,,,https://www.mubawab.ma/fr/a/8353505/appartement-tres-propre-quartier-drissia
mubawab.ma:native:8353978,probable_error,price_per_m2_above_reference_p99|suspicious_batch_high_price_per_m2,recovery_misplaced_notebook,appartement,Casablanca,63.0,5460000.0,86666.67,2.0,1.0,,,https://www.mubawab.ma/fr/a/8353978/appartement-a-vendre-hay-hassani
mubawab.ma:native:8354281,probable_error,price_per_m2_above_reference_p99|suspicious_batch_high_price_per_m2,recovery_misplaced_notebook,unknown,Bouskoura,98.0,10950000.0,111734.69,3.0,3.0,,,https://www.mubawab.ma/fr/a/8354281/superbe-appartment-avec-jardin-privatif-victoria
mubawab.ma:native:8354723,valid_extreme,surface_extreme|price_above_p99,recovery_misplaced_notebook,immeuble,Casablanca,2200.0,16000000.0,7272.73,1.0,1.0,,,https://www.mubawab.ma/fr/a/8354723/vente-immeuble-belv%C3%A9d%C3%A8re
mubawab.ma:native:8356374,uncertain,price_per_m2_above_reference_p99,recovery_misplaced_notebook,studio,Casablanca,55.0,2300000.0,41818.18,2.0,1.0,,,https://www.mubawab.ma/fr/a/8356374/studio-%C3%A0-vendre-%C3%A0-anfa-place
mubawab.ma:native:8357703,probable_error,price_per_m2_above_reference_p99|suspicious_batch_high_price_per_m2,recovery_misplaced_notebook,appartement,Casablanca,84.0,7900000.0,94047.62,2.0,2.0,,,https://www.mubawab.ma/fr/a/8357703/appart-84m-%C3%A0-sidi-maarouf-2fa%C3%A7ades-tres-ensoleill%C3%A9
mubawab.ma:native:8357723,probable_error,price_above_p99|price_per_m2_above_reference_p99|suspicious_batch_high_price_per_m2,recovery_misplaced_notebook,appartement,Bouskoura,127.0,15950000.0,125590.55,3.0,2.0,,,https://www.mubawab.ma/fr/a/8357723/appartement-avec-jardin-%C3%A0vendre-bouskoura-victoria
mubawab.ma:native:8358686,probable_error,price_above_p99|price_per_m2_above_reference_p99|suspicious_batch_high_price_per_m2,recovery_misplaced_notebook,appartement,Agadir,78.0,11700000.0,150000.0,2.0,1.0,,,https://www.mubawab.ma/fr/a/8358686/vente-d-un-bel-appartement-%C3%A0-salam-1-pi%C3%A8ce-meubl%C3%A9
mubawab.ma:native:8358828,probable_error,price_per_m2_above_reference_p99|suspicious_batch_high_price_per_m2,recovery_misplaced_notebook,unknown,Marrakech,55.0,4900000.0,89090.91,1.0,1.0,,,https://www.mubawab.ma/fr/a/8358828/nouveau-d%C3%A9veloppement-r%C3%A9sidentiel-en-pr%C3%A9vente-%C3%A0-gueliz-%C3%A0-seulement-5-minutes-de-carr%C3%A9-eden
mubawab.ma:native:8359255,probable_error,price_per_m2_above_reference_p99|suspicious_batch_high_price_per_m2,recovery_misplaced_notebook,appartement,Berrechid,96.0,10730000.0,111770.83,2.0,2.0,,,https://www.mubawab.ma/fr/a/8359255/appartement-%C3%A0-vendre-96-m%C2%B2-2-chambres-sidi-rahal-chatai-berrechid
mubawab.ma:native:8359338,probable_error,price_per_m2_above_reference_p99|suspicious_batch_high_price_per_m2,recovery_misplaced_notebook,appartement,Casablanca,85.0,8815000.0,103705.88,2.0,2.0,,,https://www.mubawab.ma/fr/a/8359338/appartement-%C3%A0-vendre-85-m%C2%B2-%C3%A0-ain-sebaa
mubawab.ma:native:8359858,probable_error,price_per_m2_above_reference_p99|suspicious_batch_high_price_per_m2,recovery_misplaced_notebook,appartement,Agadir,95.0,7600000.0,80000.0,3.0,1.0,,,https://www.mubawab.ma/fr/a/8359858/appartement-gros-%C5%93uvres-taddart-anza-95m2
mubawab.ma:native:8360927,uncertain,surface_extreme,recovery_misplaced_notebook,duplex,Casablanca,538.0,6300000.0,11710.04,6.0,3.0,,,https://www.mubawab.ma/fr/a/8360927/a-vendre-duplex-538m2-racine
mubawab.ma:native:8360937,probable_error,price_per_m2_above_reference_p99|suspicious_batch_high_price_per_m2,recovery_misplaced_notebook,appartement,Agadir,58.0,7600000.0,131034.48,2.0,1.0,,,https://www.mubawab.ma/fr/a/8360937/appartement-de-58-m%C2%B2-%C3%A0-vendre-%C3%A0-hay-adrar-%E2%80%93-agadir
mubawab.ma:native:8361848,probable_error,price_above_p99|price_per_m2_above_reference_p99|suspicious_batch_high_price_per_m2,recovery_misplaced_notebook,appartement,Agadir,124.0,11860000.0,95645.16,2.0,1.0,,,https://www.mubawab.ma/fr/a/8361848/vente-d-un-bel-appartement-%C3%A0-tilila-1-pi%C3%A8ce
mubawab.ma:native:8362336,probable_error,price_above_p99|price_per_m2_above_reference_p99|suspicious_batch_high_price_per_m2,recovery_misplaced_notebook,appartement,Casablanca,114.0,10969000.0,96219.3,2.0,2.0,,,https://www.mubawab.ma/fr/a/8362336/appartement-%C3%A0-vendre-114-m%C2%B2-%C3%A0-casablanca-bernoussi
mubawab.ma:native:8362659,probable_error,price_per_m2_above_reference_p99|suspicious_batch_high_price_per_m2,recovery_misplaced_notebook,appartement,Casablanca,78.0,7820000.0,100256.41,3.0,1.0,,,https://www.mubawab.ma/fr/a/8362659/vendre-un-appartement-%C3%A0-hay-idrissia-superficie-78-m%C2%B2-syst%C3%A8me-de-t%C3%A9l%C3%A9vision-par-satellite
mubawab.ma:native:8362698,valid_extreme,price_above_p99|price_per_m2_above_reference_p99,recovery_misplaced_notebook,appartement,Bouskoura,156.0,11300000.0,72435.9,3.0,3.0,,,https://www.mubawab.ma/fr/a/8362698/appartement-haut-standing-%C3%A0-victoria-city
mubawab.ma:native:8362813,probable_error,price_per_m2_above_reference_p99|suspicious_batch_high_price_per_m2,recovery_misplaced_notebook,appartement,Casablanca,90.0,10000000.0,111111.11,2.0,2.0,,,https://www.mubawab.ma/fr/a/8362813/vend-appartement-%C3%A0-bernoussi-1-pi%C3%A8ce-meubl%C3%A9
mubawab.ma:native:8363115,probable_error,price_per_m2_above_reference_p99|suspicious_batch_high_price_per_m2,recovery_misplaced_notebook,appartement,Casablanca,63.0,7440000.0,118095.24,2.0,1.0,,,https://www.mubawab.ma/fr/a/8363115/appartement-%C3%A9l%C3%A9gant-%C3%A0-vendre-%C3%A0-anassi-15-%E2%80%93-emplace
mubawab.ma:native:8363132,probable_error,price_above_p99|price_per_m2_above_reference_p99|suspicious_batch_high_price_per_m2,recovery_misplaced_notebook,appartement,Casablanca,103.0,12980000.0,126019.42,2.0,2.0,,,https://www.mubawab.ma/fr/a/8363132/appartement-%C3%A0-vendre-103-m%C2%B2-2-chambres-oulfa-casablanca
mubawab.ma:native:8363191,uncertain,price_per_m2_above_reference_p99,recovery_misplaced_notebook,appartement,Casablanca,118.0,6890000.0,58389.83,3.0,1.0,,,https://www.mubawab.ma/fr/a/8363191/appartement-118-m%C2%B2-%C3%A0-vendre-%C3%A0-ain-borja
mubawab.ma:native:8363351,probable_error,price_per_m2_above_reference_p99|suspicious_batch_high_price_per_m2,recovery_misplaced_notebook,appartement,Casablanca,60.0,6620000.0,110333.33,2.0,1.0,,,https://www.mubawab.ma/fr/a/8363351/appartement-%C3%A0-vendre-%E2%80%93-sidi-ma%C3%A2rouf-chaimaa
mubawab.ma:native:8363605,uncertain,price_above_p99|price_per_m2_above_reference_p99,recovery_misplaced_notebook,appartement,Casablanca,220.0,15500000.0,70454.55,3.0,3.0,,,https://www.mubawab.ma/fr/a/8363605/a-vendre-appartement-vue-mer-ain-diab
mubawab.ma:native:8363666,probable_error,price_per_m2_above_reference_p99|suspicious_batch_high_price_per_m2,recovery_misplaced_notebook,maison,Chefchaouen,100.0,7780000.0,77800.0,3.0,3.0,,,https://www.mubawab.ma/fr/a/8363666/maison-%C3%A0-vendre-%C3%A0-elhaouta-3-chambres-2-terrasses
mubawab.ma:native:8363682,probable_error,price_per_m2_above_reference_p99|suspicious_batch_high_price_per_m2,recovery_misplaced_notebook,appartement,Casablanca,76.0,7560000.0,99473.68,2.0,1.0,,,https://www.mubawab.ma/fr/a/8363682/appartement-76m%C2%B2-r%C3%A9sidence-el-farah-hay-hassani
mubawab.ma:native:8363736,probable_error,price_above_p99|price_per_m2_above_reference_p99|suspicious_batch_high_price_per_m2,recovery_misplaced_notebook,appartement,El Jadida,127.0,14720000.0,115905.51,2.0,2.0,,,https://www.mubawab.ma/fr/a/8363736/vente-d-un-bel-appartement-%C3%A0-hay-essalam-surface-totale-127-m%C2%B2-porte-blind%C3%A9e-antenne-parabolique
mubawab.ma:native:8363879,probable_error,price_per_m2_above_reference_p99|suspicious_batch_high_price_per_m2,recovery_misplaced_notebook,appartement,El Jadida,72.0,8400000.0,116666.67,2.0,2.0,,,https://www.mubawab.ma/fr/a/8363879/vend-appartement-%C3%A0-al-boustane-surface-de-72-m%C2%B2
mubawab.ma:native:8364476,uncertain,price_per_m2_above_reference_p99,recovery_misplaced_notebook,appartement,Casablanca,74.0,3650000.0,49324.32,2.0,2.0,,,https://www.mubawab.ma/fr/a/8364476/vente-d-un-bel-appartement-%C3%A0-hay-hassani-2-grandes-pi%C3%A8ces-meubl%C3%A9
mubawab.ma:native:8364588,uncertain,price_per_m2_above_reference_p99,recovery_misplaced_notebook,appartement,Casablanca,94.0,6550000.0,69680.85,3.0,1.0,,,https://www.mubawab.ma/fr/a/8364588/appartement-a-vendre-a-jawhara-sidi-moumen
mubawab.ma:native:8364671,probable_error,price_per_m2_above_reference_p99|suspicious_batch_high_price_per_m2,recovery_misplaced_notebook,appartement,Casablanca,59.0,7708000.0,130644.07,2.0,2.0,,,https://www.mubawab.ma/fr/a/8364671/appartement-%C3%A0-vendre-59-m%C2%B2-%C3%A0-ain-sebaa
mubawab.ma:native:8366845,probable_error,price_per_m2_above_reference_p99|suspicious_batch_high_price_per_m2,recovery_misplaced_notebook,appartement,Agadir,57.0,6560000.0,115087.72,2.0,1.0,,,https://www.mubawab.ma/fr/a/8366845/appartements-neufs-2-chambres-%E2%80%93-haut-anza-agadir
mubawab.ma:native:8367517,probable_error,price_per_m2_above_reference_p99|suspicious_batch_high_price_per_m2,recovery_misplaced_notebook,appartement,Agadir,65.0,6820000.0,104923.08,2.0,1.0,,,https://www.mubawab.ma/fr/a/8367517/appartement-quartier-salam-on-pose-ses-valises
mubawab.ma:native:8367640,uncertain,price_per_m2_above_reference_p99,recovery_misplaced_notebook,studio,Casablanca,42.0,4840000.0,115238.1,1.0,1.0,,,https://www.mubawab.ma/fr/a/8367640/studios-de-prestige-a-vendre-quartier-les-hopitaux
mubawab.ma:native:8368477,uncertain,price_per_m2_above_reference_p99,recovery_misplaced_notebook,studio,Casablanca,41.0,2860000.0,69756.1,2.0,1.0,,,https://www.mubawab.ma/fr/a/8368477/studios-neufs-a-vendre-quartier-les-hopitaux
mubawab.ma:native:8368491,uncertain,price_per_m2_above_reference_p99,recovery_misplaced_notebook,studio,Casablanca,46.0,4980000.0,108260.87,1.0,1.0,,,https://www.mubawab.ma/fr/a/8368491/studios-de-luxe-a-vendre-quartier-les-hopitaux
mubawab.ma:native:8368542,uncertain,price_per_m2_above_reference_p99,recovery_misplaced_notebook,studio,Casablanca,44.0,4850000.0,110227.27,1.0,1.0,,,https://www.mubawab.ma/fr/a/8368542/studios-de-prestige-a-vendre-quartier-les-hopitaux
mubawab.ma:native:8368604,uncertain,price_per_m2_above_reference_p99,recovery_misplaced_notebook,appartement,Agadir,84.0,3950000.0,47023.81,2.0,1.0,,,https://www.mubawab.ma/fr/a/8368604/bel-appartement-%C3%A0-vendre-%C3%A0-al-wifaq-superficie-84-m%C2%B2-meubl%C3%A9
mubawab.ma:native:8368634,probable_error,price_per_m2_above_reference_p99|suspicious_batch_high_price_per_m2,recovery_misplaced_notebook,appartement,Marrakech,43.0,4950000.0,115116.28,1.0,1.0,,,https://www.mubawab.ma/fr/a/8368634/r%C3%A9servez-votre-appartement-d%C3%A8s-maintenant-au-c%C5%93ur-de-gu%C3%A9liz-marrakech
mubawab.ma:native:8369845,probable_error,price_per_m2_above_reference_p99|suspicious_batch_high_price_per_m2,recovery_misplaced_notebook,appartement,Berrechid,55.0,5330000.0,96909.09,2.0,1.0,,,https://www.mubawab.ma/fr/a/8369845/appartement-%C3%A0-vendre-dans-le-quartier-al-qabbaj-berrechid
mubawab.ma:native:8369912,probable_error,price_per_m2_above_reference_p99|suspicious_batch_high_price_per_m2,recovery_misplaced_notebook,appartement,Casablanca,58.0,6690000.0,115344.83,2.0,1.0,,,https://www.mubawab.ma/fr/a/8369912/vend-appartement-%C3%A0-oulfa-superficie-58-m%C2%B2-antenne-parabolique
mubawab.ma:native:8370860,uncertain,surface_extreme,recovery_misplaced_notebook,appartement,Agadir,600.0,8900000.0,14833.33,6.0,4.0,,,https://www.mubawab.ma/fr/a/8370860/appartement-%C3%A0-vendre-%C3%A0-iligh-6-chambres-zones-vertes-et-ascenseur
mubawab.ma:native:8371164,uncertain,price_per_m2_above_reference_p99,recovery_misplaced_notebook,appartement,Marrakech,62.0,4590000.0,74032.26,2.0,1.0,,,https://www.mubawab.ma/fr/a/8371164/vente-appartement-%C3%A0-amerchich
mubawab.ma:native:8372871,probable_error,price_per_m2_above_reference_p99|suspicious_batch_high_price_per_m2,recovery_misplaced_notebook,appartement,Casablanca,45.0,5690000.0,126444.44,1.0,1.0,,,https://www.mubawab.ma/fr/a/8372871/appartement-en-vente-%C3%A0-belv%C3%A9d%C3%A8re-1-pi%C3%A8ce-concierge-et-climatisation
mubawab.ma:native:8372878,probable_error,price_per_m2_above_reference_p99|suspicious_batch_high_price_per_m2,recovery_misplaced_notebook,appartement,Casablanca,65.0,6950000.0,106923.08,2.0,1.0,,,https://www.mubawab.ma/fr/a/8372878/bel-appartement-%C3%A0-vendre-%C3%A0-belv%C3%A9d%C3%A8re-1-pi%C3%A8ce-terrasse-et-ascenseur
mubawab.ma:native:8372895,probable_error,price_above_p99|price_per_m2_above_reference_p99|suspicious_batch_high_price_per_m2,recovery_misplaced_notebook,appartement,Agadir,85.0,11500000.0,135294.12,2.0,2.0,,,https://www.mubawab.ma/fr/a/8372895/appartement-%C3%A0-vendre-%C3%A0-riad-salam-3-grandes-pi%C3%A8ces-bien-meubl%C3%A9
mubawab.ma:native:8373345,probable_error,price_per_m2_above_reference_p99|suspicious_batch_high_price_per_m2,recovery_misplaced_notebook,appartement,Agadir,64.0,7590000.0,118593.75,2.0,1.0,,,https://www.mubawab.ma/fr/a/8373345/appartements-neufs-2-chambres-%E2%80%93-haut-anza-agadir
mubawab.ma:native:8373603,probable_error,price_per_m2_above_reference_p99|suspicious_batch_high_price_per_m2,recovery_misplaced_notebook,appartement,Berrechid,80.0,9260000.0,115750.0,1.0,1.0,,,https://www.mubawab.ma/fr/a/8373603/appartement-%C3%A0-vendre-bloc-pam-berrechid-80m2
mubawab.ma:native:8373797,probable_error,price_per_m2_above_reference_p99|suspicious_batch_high_price_per_m2,recovery_misplaced_notebook,appartement,Marrakech,61.0,6540000.0,107213.11,2.0,1.0,,,https://www.mubawab.ma/fr/a/8373797/vente-appartement-%C3%A0-es-saada
mubawab.ma:native:8374278,probable_error,price_per_m2_above_reference_p99|suspicious_batch_high_price_per_m2,recovery_misplaced_notebook,appartement,Marrakech,80.0,6840000.0,85500.0,3.0,2.0,,,https://www.mubawab.ma/fr/a/8374278/bel-appartement-%C3%A0-vendre-%C3%A0-mhamid-4-grandes-pi%C3%A8ces-porte-blind%C3%A9e-s%C3%A9curit%C3%A9
mubawab.ma:native:8374877,valid_extreme,price_per_m2_above_reference_p99,recovery_misplaced_notebook,appartement,Marrakech,150.0,9500000.0,63333.33,2.0,3.0,,,https://www.mubawab.ma/fr/a/8374877/appartement-de-luxe-%C3%A0-m-avenue-marrakech
mubawab.ma:native:8375586,probable_error,price_above_p99|price_per_m2_above_reference_p99|suspicious_batch_high_price_per_m2,recovery_misplaced_notebook,appartement,Casablanca,95.0,11200000.0,117894.74,2.0,1.0,,,https://www.mubawab.ma/fr/a/8375586/bel-appartement-%C3%A0-vendre-%C3%A0-mers-sultan-surface-totale-95-m%C2%B2
mubawab.ma:native:8375678,uncertain,price_above_p99|price_per_m2_above_reference_p99,recovery_misplaced_notebook,appartement,Casablanca,300.0,14500000.0,48333.33,3.0,3.0,,,https://www.mubawab.ma/fr/a/8375678/anfa-place-vente-appartement-300m%C2%B2-front-de-mer
mubawab.ma:native:8376439,probable_error,price_per_m2_above_reference_p99|suspicious_batch_high_price_per_m2,recovery_misplaced_notebook,appartement,Berrechid,99.0,10650000.0,107575.76,3.0,2.0,,,https://www.mubawab.ma/fr/a/8376439/appartement-en-vente-%C3%A0-berrechid-surface-totale-99-m%C2%B2-salon-traditionnel-marocain-r%C3%A9sidence-s%C3%A9curis%C3%A9e
mubawab.ma:native:8376475,probable_error,price_above_p99|price_per_m2_above_reference_p99|suspicious_batch_high_price_per_m2,recovery_misplaced_notebook,appartement,Marrakech,120.0,15000000.0,125000.0,3.0,2.0,,,https://www.mubawab.ma/fr/a/8376475/a-vendre-superbe-appartement-mohamed-vi-avec-piscine-priv%C3%A9e
mubawab.ma:native:8376947,probable_error,price_above_p99|price_per_m2_above_reference_p99|suspicious_batch_high_price_per_m2,recovery_misplaced_notebook,appartement,Berrechid,121.0,14720000.0,121652.89,3.0,2.0,,,https://www.mubawab.ma/fr/a/8376947/vente-appartement-nassr-allah-berrechid
mubawab.ma:native:8378695,probable_error,price_per_m2_above_reference_p99|suspicious_batch_high_price_per_m2,recovery_misplaced_notebook,appartement,Casablanca,99.0,7850000.0,79292.93,4.0,2.0,,,https://www.mubawab.ma/fr/a/8378695/appartement-%C3%A0-vendre-99-m%C2%B2-4-chambres-oulfa-casablanca
mubawab.ma:native:8378703,uncertain,price_above_p99|price_per_m2_above_reference_p99,recovery_misplaced_notebook,appartement,Bouskoura,101.0,14858500.0,147113.86,2.0,2.0,,,https://www.mubawab.ma/fr/a/8378703/nouaceur-prestige-appartement-%C3%A0-vendre-101-m%C2%B2-2-chambres-victoria-bouskoura
mubawab.ma:native:8379807,uncertain,price_per_m2_above_reference_p99,recovery_misplaced_notebook,appartement,Marrakech,82.0,4640000.0,56585.37,3.0,2.0,,,https://www.mubawab.ma/fr/a/8379807/bel-appartement-%C3%A0-vendre-%C3%A0-les-portes-de-marrakech-3-chambres
mubawab.ma:native:8380501,uncertain,price_per_m2_above_reference_p99,recovery_misplaced_notebook,appartement,Marrakech,87.0,3600000.0,41379.31,5.0,5.0,,,https://www.mubawab.ma/fr/a/8380501/vend-appartement-%C3%A0-ben-saleh-surface-totale-87-m%C2%B2
mubawab.ma:native:8381281,probable_error,price_per_m2_above_reference_p99|suspicious_batch_high_price_per_m2,recovery_misplaced_notebook,appartement,El Jadida,68.0,7520000.0,110588.24,3.0,1.0,,,https://www.mubawab.ma/fr/a/8381281/bel-appartement-%C3%A0-vendre-%C3%A0-al-boustane-2-grandes-pi%C3%A8ces-plat-spatial-et-porte-robuste-et-excellente
mubawab.ma:native:8382078,probable_error,price_per_m2_above_reference_p99|suspicious_batch_high_price_per_m2,recovery_misplaced_notebook,appartement,Casablanca,60.0,6720000.0,112000.0,2.0,1.0,,,https://www.mubawab.ma/fr/a/8382078/appartement-%C3%A0-vendre-%C3%A0-oulfa
mubawab.ma:native:8382608,probable_error,price_per_m2_above_reference_p99|suspicious_batch_high_price_per_m2,recovery_misplaced_notebook,appartement,Marrakech,108.0,9850000.0,91203.7,3.0,2.0,,,https://www.mubawab.ma/fr/a/8382608/vente-appartement-%C3%A0-azzouzia
mubawab.ma:native:8382612,probable_error,price_per_m2_above_reference_p99|suspicious_batch_high_price_per_m2,recovery_misplaced_notebook,appartement,Casablanca,71.0,8710000.0,122676.06,2.0,1.0,,,https://www.mubawab.ma/fr/a/8382612/vente-appartement-%C3%A0-sidi-bernoussi
mubawab.ma:native:8382826,uncertain,price_per_m2_above_reference_p99,recovery_misplaced_notebook,appartement,Bouskoura,119.0,5980000.0,50252.1,2.0,1.0,,,https://www.mubawab.ma/fr/a/8382826/%C3%A0-vendre-%E2%80%93-appartement%E2%80%93-quartier-victoria
mubawab.ma:native:8382992,probable_error,price_per_m2_above_reference_p99|suspicious_batch_high_price_per_m2,recovery_misplaced_notebook,unknown,Marrakech,32.0,3950000.0,123437.5,2.0,1.0,,,https://www.mubawab.ma/fr/a/8382992/programme-neuf-avec-piscine-%C3%A0-gu%C3%A9liz-plein-centre
mubawab.ma:native:8383774,probable_error,price_per_m2_above_reference_p99|suspicious_batch_high_price_per_m2,recovery_misplaced_notebook,appartement,Casablanca,106.0,8820000.0,83207.55,3.0,1.0,,,https://www.mubawab.ma/fr/a/8383774/appartement-%C3%A0-vendre-%C3%A0-al-qods-3-chambres
mubawab.ma:native:8383974,probable_error,price_per_m2_above_reference_p99|suspicious_batch_high_price_per_m2,recovery_misplaced_notebook,appartement,Casablanca,69.0,8900000.0,128985.51,2.0,1.0,,,https://www.mubawab.ma/fr/a/8383974/vente-tr%C3%A8s-bon-appartement-%C3%A0-oulfa
mubawab.ma:native:8384657,probable_error,price_per_m2_above_reference_p99|suspicious_batch_high_price_per_m2,recovery_misplaced_notebook,appartement,El Jadida,68.0,7510000.0,110441.18,3.0,1.0,,,https://www.mubawab.ma/fr/a/8384657/appartements-au-centre-ville-de-68-m%C3%A8tres
mubawab.ma:native:8384684,probable_error,price_per_m2_above_reference_p99|suspicious_batch_high_price_per_m2,recovery_misplaced_notebook,appartement,Agadir,65.0,8700000.0,133846.15,2.0,1.0,,,https://www.mubawab.ma/fr/a/8384684/bel-appartement-%C3%A0-vendre-%C3%A0-hay-mohammadi-3-grandes-pi%C3%A8ces-meubl%C3%A9
mubawab.ma:native:8385033,probable_error,price_above_p99|price_per_m2_above_reference_p99|suspicious_batch_high_price_per_m2,recovery_misplaced_notebook,unknown,Tanger,148.0,12850000.0,86824.32,4.0,2.0,,,https://www.mubawab.ma/fr/a/8385033/vivez-face-%C3%A0-la-mer-%E2%80%94-une-adresse-d%E2%80%99exception-%C3%A0-malabata
mubawab.ma:native:8385382,probable_error,price_per_m2_above_reference_p99|suspicious_batch_high_price_per_m2,recovery_misplaced_notebook,appartement,Casablanca,70.0,9600000.0,137142.86,3.0,1.0,,,https://www.mubawab.ma/fr/a/8385382/appartement-%C3%A0-vendre-70-m%C2%B2-3-chambres-oulfa-casablanca
mubawab.ma:native:8385415,uncertain,price_above_p99|price_per_m2_above_reference_p99,recovery_misplaced_notebook,unknown,El Jadida,256.0,11800000.0,46093.75,6.0,2.0,,,https://www.mubawab.ma/fr/a/8385415/au-centre-ville-pr%C3%A8s-du-club-des-femmes-el-jadida
mubawab.ma:native:8385857,valid_extreme,price_per_m2_above_reference_p99,recovery_misplaced_notebook,appartement,Marrakech,110.0,6200000.0,56363.64,4.0,1.0,,,https://www.mubawab.ma/fr/a/8385857/luxe-appartement-d-une-chambre-%C3%A0-m-avenue
mubawab.ma:native:8386152,probable_error,price_per_m2_above_reference_p99|suspicious_batch_high_price_per_m2,recovery_misplaced_notebook,appartement,Agadir,97.0,10840000.0,111752.58,4.0,2.0,,,https://www.mubawab.ma/fr/a/8386152/vend-appartement-%C3%A0-tilila-surface-de-97-m%C2%B2-jardin-et-terrasse
mubawab.ma:native:8386849,uncertain,price_per_m2_above_reference_p99,recovery_misplaced_notebook,appartement,Marrakech,65.0,4580000.0,70461.54,2.0,1.0,,,https://www.mubawab.ma/fr/a/8386849/appartement-m%E2%80%99hamid
mubawab.ma:native:8386971,probable_error,price_above_p99|price_per_m2_above_reference_p99|suspicious_batch_high_price_per_m2,recovery_misplaced_notebook,duplex,Casablanca,103.0,13800422.0,133984.68,2.0,1.0,,,https://www.mubawab.ma/fr/a/8386971/duplex-%C3%A0-vendre-103-m%C2%B2-2-chambres-beausite-casablanca
mubawab.ma:native:8387265,uncertain,price_per_m2_above_reference_p99,recovery_misplaced_notebook,appartement,Tanger,75.0,3000000.0,40000.0,2.0,2.0,,,https://www.mubawab.ma/fr/a/8387265/appart-meuble-2-chambre-tanger-city-center-vendre
mubawab.ma:native:8387312,probable_error,price_per_m2_above_reference_p99|suspicious_batch_high_price_per_m2,recovery_misplaced_notebook,appartement,Agadir,60.0,8720000.0,145333.33,2.0,1.0,,,https://www.mubawab.ma/fr/a/8387312/appartement-2-chambres-r%C3%A9nov%C3%A9-%C3%A0-hay-mohammadi
mubawab.ma:native:8387783,probable_error,price_per_m2_above_reference_p99|suspicious_batch_high_price_per_m2,recovery_misplaced_notebook,appartement,Casablanca,88.0,6980000.0,79318.18,2.0,2.0,,,https://www.mubawab.ma/fr/a/8387783/vente-appartement-r%C3%A9sidence-al-madina-sidi-maarouf
mubawab.ma:native:8387832,probable_error,price_per_m2_above_reference_p99|suspicious_batch_high_price_per_m2,recovery_misplaced_notebook,appartement,Casablanca,62.0,8495000.0,137016.13,2.0,1.0,,,https://www.mubawab.ma/fr/a/8387832/appartement-2-chambres-ain-sebaa
mubawab.ma:native:8388091,uncertain,surface_extreme,recovery_misplaced_notebook,appartement,Bouskoura,530.0,5000000.0,9433.96,3.0,2.0,,,https://www.mubawab.ma/fr/a/8388091/vente-appartement-rez-de-jardin-530m2-3chambres-avec-piscine-ville-verte-bouskoura
mubawab.ma:native:8388505,probable_error,price_per_m2_above_reference_p99|suspicious_batch_high_price_per_m2,recovery_misplaced_notebook,appartement,Casablanca,73.0,8600000.0,117808.22,3.0,2.0,,,https://www.mubawab.ma/fr/a/8388505/vente-appartement-%C3%A0-hay-hassani
mubawab.ma:native:8388841,probable_error,price_above_p99|price_per_m2_above_reference_p99|suspicious_batch_high_price_per_m2,recovery_misplaced_notebook,appartement,Khouribga,84.0,12450000.0,148214.29,2.0,2.0,,,https://www.mubawab.ma/fr/a/8388841/appartement-neuf-%C3%A0-vendre-%C3%A0-khouribga-
mubawab.ma:native:8389504,valid_extreme,bedrooms_above_8,recovery_misplaced_notebook,riad,Marrakech,200.0,5000000.0,25000.0,10.0,3.0,,,https://www.mubawab.ma/fr/a/8389504/riad-%C3%A0-haut-potentiel-%C3%A0-bab-taghzout
mubawab.ma:native:8389742,probable_error,price_per_m2_above_reference_p99|suspicious_batch_high_price_per_m2,recovery_misplaced_notebook,appartement,Marrakech,77.0,7600000.0,98701.3,3.0,1.0,,,https://www.mubawab.ma/fr/a/8389742/appartement-de-77m%C2%B2-garage-de-17m%C2%B2-situ%C3%A9-%C3%A0-amerchich
mubawab.ma:native:8389954,uncertain,price_per_m2_above_reference_p99,recovery_misplaced_notebook,appartement,Casablanca,58.0,2650000.0,45689.66,3.0,1.0,,,https://www.mubawab.ma/fr/a/8389954/appartement-%C3%A0-oulfa-r%C3%A9s-jawharate-el-oulfa-moyens
mubawab.ma:native:8390017,probable_error,price_per_m2_above_reference_p99|suspicious_batch_high_price_per_m2,recovery_misplaced_notebook,appartement,Casablanca,50.0,4370000.0,87400.0,2.0,1.0,,,https://www.mubawab.ma/fr/a/8390017/appartement-%C3%A0-hay-sadri
mubawab.ma:native:8390058,probable_error,price_above_p99|price_per_m2_above_reference_p99|suspicious_batch_high_price_per_m2,recovery_misplaced_notebook,appartement,Casablanca,92.0,11950000.0,129891.3,2.0,1.0,,,https://www.mubawab.ma/fr/a/8390058/appartement-%C3%A0-vendre-92-m%C2%B2-2-chambres-hay-al-osra-casablanca
mubawab.ma:native:8390497,probable_error,price_per_m2_above_reference_p99|suspicious_batch_high_price_per_m2,recovery_misplaced_notebook,appartement,Casablanca,60.0,8850000.0,147500.0,2.0,1.0,,,https://www.mubawab.ma/fr/a/8390497/appartement-a-vendre-la-gironde-casa
mubawab.ma:native:8390542,uncertain,price_per_m2_above_reference_p99,recovery_misplaced_notebook,unknown,Marrakech,61.0,2612500.0,42827.87,2.0,1.0,,,https://www.mubawab.ma/fr/a/8390542/superbe-f3-meubl%C3%A9-proche-gueliz-avec-piscine
mubawab.ma:native:8390834,probable_error,price_per_m2_above_reference_p99|suspicious_batch_high_price_per_m2,recovery_misplaced_notebook,appartement,Casablanca,68.0,7520000.0,110588.24,3.0,1.0,,,https://www.mubawab.ma/fr/a/8390834/belle-appartement-%C3%A0-vendre-%C3%A0-sidi-moumen
mubawab.ma:native:8390975,probable_error,price_per_m2_above_reference_p99|suspicious_batch_high_price_per_m2,recovery_misplaced_notebook,appartement,Casablanca,80.0,6450000.0,80625.0,1.0,1.0,,,https://www.mubawab.ma/fr/a/8390975/appartement-sarout-renove-mers-sultan
mubawab.ma:native:8391058,uncertain,price_per_m2_above_reference_p99,recovery_misplaced_notebook,appartement,Tanger,105.0,6850000.0,65238.1,3.0,2.0,,,https://www.mubawab.ma/fr/a/8391058/vend-appartement-%C3%A0-hay-hassani-4-grandes-pi%C3%A8ces-r%C3%A9sidence-avec-concierge
mubawab.ma:native:8391153,probable_error,price_per_m2_above_reference_p99|suspicious_batch_high_price_per_m2,recovery_misplaced_notebook,appartement,Marrakech,71.0,6780000.0,95492.96,2.0,1.0,,,https://www.mubawab.ma/fr/a/8391153/appartement-2-chambre-salon-%C3%A0-daoudiat
mubawab.ma:native:8391164,probable_error,price_above_p99|price_per_m2_above_reference_p99|suspicious_batch_high_price_per_m2,recovery_misplaced_notebook,appartement,Essaouira,93.0,11500000.0,123655.91,2.0,1.0,,,https://www.mubawab.ma/fr/a/8391164/appartement-neuf-de-93-m%C2%B2-%C3%A0-essaouira-%E2%80%93-%C3%A0-seulement-5-minutes-de-la-mer
mubawab.ma:native:8391284,uncertain,price_per_m2_above_reference_p99,recovery_misplaced_notebook,appartement,Casablanca,87.0,6200000.0,71264.37,2.0,1.0,,,https://www.mubawab.ma/fr/a/8391284/appartement-%C3%A0-l-achat-%C3%A0-nassim-1-3-grandes-pi%C3%A8ces
mubawab.ma:native:8391349,probable_error,price_above_p99|price_per_m2_above_reference_p99|suspicious_batch_high_price_per_m2,recovery_misplaced_notebook,appartement,El Jadida,86.0,12650000.0,147093.02,2.0,1.0,,,https://www.mubawab.ma/fr/a/8391349/appartement-%C3%A0-vendre-86-m%C2%B2-2-chambres-autre-el-jadida
mubawab.ma:native:8391373,probable_error,price_above_p99|price_per_m2_above_reference_p99|suspicious_batch_high_price_per_m2,recovery_misplaced_notebook,studio,Casablanca,80.0,10982476.0,137280.95,1.0,1.0,,,https://www.mubawab.ma/fr/a/8391373/studio-%C3%A0-vendre-80-m%C2%B2-ancienne-medina-casablanca
mubawab.ma:native:8391687,probable_error,price_per_m2_above_reference_p99|suspicious_batch_high_price_per_m2,recovery_misplaced_notebook,appartement,Marrakech,59.0,5430000.0,92033.9,2.0,1.0,,,https://www.mubawab.ma/fr/a/8391687/trouvez-un-appartement-%C3%A0-acheter-%C3%A0-tamansourt-marrakech-2-belles-chambres-porte-renforc%C3%A9e
mubawab.ma:native:8391722,uncertain,price_above_p99|price_per_m2_above_reference_p99,recovery_misplaced_notebook,appartement,Casablanca,240.0,12000000.0,50000.0,3.0,1.0,,,https://www.mubawab.ma/fr/a/8391722/superbe-appartement-%C3%A0-vendre-%C3%A0-lusitania-5-pi%C3%A8ces-confortables
mubawab.ma:native:8391774,probable_error,price_per_m2_above_reference_p99|suspicious_batch_high_price_per_m2,recovery_misplaced_notebook,appartement,Tanger,60.0,7480000.0,124666.67,3.0,1.0,,,https://www.mubawab.ma/fr/a/8391774/vente-d-un-bel-appartement-%C3%A0-tanja-balia-2-pi%C3%A8ces-confortables-antenne-parabolique-et-s%C3%A9curit%C3%A9
mubawab.ma:native:8392025,uncertain,price_per_m2_above_reference_p99,recovery_misplaced_notebook,unknown,Marrakech,84.0,3900000.0,46428.57,2.0,2.0,,,https://www.mubawab.ma/fr/a/8392025/residence-noria-golf
mubawab.ma:native:8392084,probable_error,price_per_m2_above_reference_p99|suspicious_batch_high_price_per_m2,recovery_misplaced_notebook,appartement,Casablanca,73.0,5750000.0,78767.12,2.0,1.0,,,https://www.mubawab.ma/fr/a/8392084/a-vendre-appartement-73-m%C2%B2-sidi-maarouf
mubawab.ma:native:8392210,probable_error,price_per_m2_above_reference_p99|suspicious_batch_high_price_per_m2,recovery_misplaced_notebook,appartement,Casablanca,64.0,8580000.0,134062.5,2.0,1.0,,,https://www.mubawab.ma/fr/a/8392210/appartement-%C3%A0-vendre-%C3%A0-sidi-moumen-3-pi%C3%A8ces-confortables-cuisini%C3%A8re-avec-four
mubawab.ma:native:8392328,probable_error,price_per_m2_above_reference_p99|suspicious_batch_high_price_per_m2,recovery_misplaced_notebook,unknown,Casablanca,71.0,10520000.0,148169.01,2.0,1.0,,,https://www.mubawab.ma/fr/a/8392328/sidi-bernoussi-j%C3%A9rusalem
mubawab.ma:native:8392663,uncertain,price_per_m2_above_reference_p99,recovery_misplaced_notebook,appartement,Casablanca,89.0,4840000.0,54382.02,2.0,1.0,,,https://www.mubawab.ma/fr/a/8392663/appartement-%C3%A0-hay-hassani
mubawab.ma:native:8392948,probable_error,price_per_m2_above_reference_p99|suspicious_batch_high_price_per_m2,recovery_misplaced_notebook,unknown,Casablanca,60.0,8520000.0,142000.0,2.0,1.0,,,https://www.mubawab.ma/fr/a/8392948/apprtement-60-m-res-ferm%C3%A9e-majorel-qods-bernoussi
mubawab.ma:native:8393827,probable_error,price_per_m2_above_reference_p99|suspicious_batch_high_price_per_m2,recovery_misplaced_notebook,studio,Marrakech,57.0,7970000.0,139824.56,1.0,2.0,,,https://www.mubawab.ma/fr/a/8393827/grands-studios-modernes-r%C3%A9sidence-avec-piscine
mubawab.ma:native:8394193,probable_error,price_per_m2_above_reference_p99|suspicious_batch_high_price_per_m2,recovery_misplaced_notebook,appartement,Marrakech,48.0,6500000.0,135416.67,2.0,1.0,,,https://www.mubawab.ma/fr/a/8394193/appartement-%C3%A0-vendre-%E2%80%93-abwab-gu%C3%A9liz-marrakech
mubawab.ma:native:8394196,probable_error,price_per_m2_above_reference_p99|suspicious_batch_high_price_per_m2,recovery_misplaced_notebook,appartement,Casablanca,85.0,6630000.0,78000.0,2.0,1.0,,,https://www.mubawab.ma/fr/a/8394196/vend-appartement-%C3%A0-sidi-othmane-2-chambres-agr%C3%A9ables-ascenseur-et-terrasse
mubawab.ma:native:8394946,probable_error,price_per_m2_above_reference_p99|suspicious_batch_high_price_per_m2,recovery_misplaced_notebook,appartement,Casablanca,70.0,7680000.0,109714.29,2.0,1.0,,,https://www.mubawab.ma/fr/a/8394946/appartement-%C3%A0-vendre-sidi-maarouf
mubawab.ma:native:8395064,probable_error,price_above_p99|price_per_m2_above_reference_p99|suspicious_batch_high_price_per_m2,recovery_misplaced_notebook,appartement,Casablanca,104.0,11830000.0,113750.0,2.0,2.0,,,https://www.mubawab.ma/fr/a/8395064/appartement-%C3%A0-vendre-%C3%A0-sidi-othmane-casablanca
mubawab.ma:native:8395344,uncertain,price_per_m2_above_reference_p99,recovery_misplaced_notebook,unknown,Khouribga,112.0,6780000.0,60535.71,4.0,1.0,,,https://www.mubawab.ma/fr/a/8395344/av-roudani-quartier-les-c%C3%A9r%C3%A9aliers-khouribga
mubawab.ma:native:8395891,probable_error,price_per_m2_above_reference_p99|suspicious_batch_high_price_per_m2,recovery_misplaced_notebook,appartement,Bouznika,84.0,10550000.0,125595.24,2.0,1.0,,,https://www.mubawab.ma/fr/a/8395891/appartement-%C3%A0-vendre-dans-le-quartier-a%C3%AFda-2-au-centre-de-la-ville-de-bouznika-sans-agent
mubawab.ma:native:8396024,probable_error,price_above_p99|price_per_m2_above_reference_p99|suspicious_batch_high_price_per_m2,recovery_misplaced_notebook,appartement,Casablanca,91.0,12930000.0,142087.91,3.0,2.0,,,https://www.mubawab.ma/fr/a/8396024/appartement-%C3%A0-vendre-91-m%C2%B2-3-chambres-sidi-maarouf-casablanca
mubawab.ma:native:8396059,probable_error,price_per_m2_above_reference_p99|suspicious_batch_high_price_per_m2,recovery_misplaced_notebook,appartement,Casablanca,75.0,9560000.0,127466.67,2.0,2.0,,,https://www.mubawab.ma/fr/a/8396059/appartement-%C3%A0-vendre-%C3%A0-anassi-casablanca
mubawab.ma:native:8396419,probable_error,price_per_m2_above_reference_p99|suspicious_batch_high_price_per_m2,recovery_misplaced_notebook,appartement,Casablanca,76.0,7850000.0,103289.47,2.0,1.0,,,https://www.mubawab.ma/fr/a/8396419/a-vendre-appartement-situ%C3%A9-%C3%A0-maarif-extension
mubawab.ma:native:8396633,probable_error,price_per_m2_above_reference_p99|suspicious_batch_high_price_per_m2,recovery_misplaced_notebook,appartement,Agadir,55.0,4410000.0,80181.82,3.0,1.0,,,https://www.mubawab.ma/fr/a/8396633/superbe-appartement-%C3%A0-vendre-%C3%A0-taddart-anza-surface-de-55-m%C2%B2
mubawab.ma:native:8397229,probable_error,price_per_m2_above_reference_p99|suspicious_batch_high_price_per_m2,recovery_misplaced_notebook,appartement,El Jadida,56.0,7400000.0,132142.86,2.0,1.0,,,https://www.mubawab.ma/fr/a/8397229/superbe-appartement-%C3%A0-vendre-%C3%A0-al-boustane-1-pi%C3%A8ce
mubawab.ma:native:8397376,uncertain,price_per_m2_above_reference_p99,recovery_misplaced_notebook,appartement,Casablanca,80.0,5800000.0,72500.0,2.0,1.0,,,https://www.mubawab.ma/fr/a/8397376/appartement-%C3%A0-l-achat-%C3%A0-bournazil-1-pi%C3%A8ce-antenne-parabolique-r%C3%A9sidence-s%C3%A9curis%C3%A9e
mubawab.ma:native:8397628,probable_error,price_per_m2_above_reference_p99|suspicious_batch_high_price_per_m2,recovery_misplaced_notebook,appartement,Agadir,68.0,9930000.0,146029.41,2.0,1.0,,,https://www.mubawab.ma/fr/a/8397628/appartement-hay-salam-face-encg
mubawab.ma:native:8398126,uncertain,price_per_m2_above_reference_p99,recovery_misplaced_notebook,appartement,Marrakech,58.0,2620000.0,45172.41,2.0,1.0,,,https://www.mubawab.ma/fr/a/8398126/appartement-%C3%A0-vendre-%E2%80%93-quartier-abewab-gu%C3%A9liz
mubawab.ma:native:8398364,probable_error,price_per_m2_above_reference_p99|suspicious_batch_high_price_per_m2,recovery_misplaced_notebook,appartement,El Jadida,108.0,10680000.0,98888.89,2.0,2.0,,,https://www.mubawab.ma/fr/a/8398364/bel-appartement-%C3%A0-vendre-%C3%A0-quartier-a%C3%A9rodrome-2-chambres-porte-blind%C3%A9e-salon-marocain
mubawab.ma:native:8398415,probable_error,price_per_m2_above_reference_p99|suspicious_batch_high_price_per_m2,recovery_misplaced_notebook,appartement,Marrakech,94.0,7780000.0,82765.96,2.0,1.0,,,https://www.mubawab.ma/fr/a/8398415/appartement-%C3%A0-vendre-%C3%A0-mhamid-superficie-94-m%C2%B2-terrasse-et-ascenseur
mubawab.ma:native:8398416,uncertain,price_per_m2_above_reference_p99,recovery_misplaced_notebook,appartement,Agadir,66.0,3750000.0,56818.18,2.0,1.0,,,https://www.mubawab.ma/fr/a/8398416/bel-appartement-%C3%A0-vendre-%C3%A0-hay-houda-3-grandes-pi%C3%A8ces-salon-marocain-traditionnel
mubawab.ma:native:8398532,uncertain,price_per_m2_above_reference_p99,recovery_misplaced_notebook,appartement,Marrakech,68.0,4920000.0,72352.94,1.0,1.0,,,https://www.mubawab.ma/fr/a/8398532/appartement-1-ch-%C3%A0-vendre-5-eme-etage-plein-centre-ville-superficie-68-m%C2%B2
mubawab.ma:native:8398619,probable_error,price_per_m2_above_reference_p99|suspicious_batch_high_price_per_m2,recovery_misplaced_notebook,appartement,Tanger,60.0,7800000.0,130000.0,2.0,1.0,,,https://www.mubawab.ma/fr/a/8398619/appartement-%C3%A0-vendre-%C3%A0-tanja-balia-2-pi%C3%A8ces-r%C3%A9sidence-s%C3%A9curis%C3%A9e
mubawab.ma:native:8398984,uncertain,price_above_p99|price_per_m2_above_reference_p99,recovery_misplaced_notebook,appartement,Agadir,90.0,11300000.0,125555.56,3.0,2.0,,,https://www.mubawab.ma/fr/a/8398984/appartement-haut-standing-9015
mubawab.ma:native:8399676,probable_error,price_above_p99|price_per_m2_above_reference_p99|suspicious_batch_high_price_per_m2,recovery_misplaced_notebook,appartement,Berrechid,120.0,12500000.0,104166.67,6.0,4.0,,,https://www.mubawab.ma/fr/a/8399676/appartement-%C3%A0-vendre-%C3%A0-berrechid-3-pi%C3%A8ces-confortables-meubl%C3%A9
mubawab.ma:native:8399933,uncertain,price_per_m2_above_reference_p99,recovery_misplaced_notebook,appartement,Marrakech,56.0,3470000.0,61964.29,2.0,1.0,,,https://www.mubawab.ma/fr/a/8399933/appartement-%C3%A0-vendre-%C3%A0-ain-mezouar-surface-totale-56-m%C2%B2-salon-marocain-et-antenne-parabolique
mubawab.ma:native:8399960,probable_error,price_above_p99|price_per_m2_above_reference_p99|suspicious_batch_high_price_per_m2,recovery_misplaced_notebook,appartement,Agadir,84.0,11650000.0,138690.48,2.0,2.0,,,https://www.mubawab.ma/fr/a/8399960/appartement-%C3%A0-vendre-%C3%A0-hay-houda-3-pi%C3%A8ces-meubl%C3%A9
mubawab.ma:native:8400069,probable_error,price_per_m2_above_reference_p99|suspicious_batch_high_price_per_m2,recovery_misplaced_notebook,maison,Essaouira,56.0,6400000.0,114285.71,2.0,1.0,,,https://www.mubawab.ma/fr/a/8400069/essaouira-lotissement-5-pr%C3%A8s-de-la-maison-de-la-jeunesse
mubawab.ma:native:8400577,probable_error,price_per_m2_above_reference_p99|suspicious_batch_high_price_per_m2,recovery_misplaced_notebook,appartement,Casablanca,48.0,5530000.0,115208.33,1.0,1.0,,,https://www.mubawab.ma/fr/a/8400577/appartement-%C3%A0-vendre-au-c%C5%93ur-de-haj-fath-oulfa
mubawab.ma:native:8401045,probable_error,price_per_m2_above_reference_p99|suspicious_batch_high_price_per_m2,recovery_misplaced_notebook,appartement,Casablanca,47.0,5950000.0,126595.74,1.0,1.0,,,https://www.mubawab.ma/fr/a/8401045/bel-appartement-neuf-au-oasis
mubawab.ma:native:8401813,probable_error,price_per_m2_above_reference_p99|suspicious_batch_high_price_per_m2,recovery_misplaced_notebook,unknown,Marrakech,70.0,6850000.0,97857.14,2.0,1.0,,,https://www.mubawab.ma/fr/a/8401813/appsrtement-avec-2-balcons-sans-vis-a-vis
mubawab.ma:native:8401892,probable_error,price_per_m2_above_reference_p99|suspicious_batch_high_price_per_m2,recovery_misplaced_notebook,appartement,Marrakech,51.0,7500000.0,147058.82,2.0,1.0,,,https://www.mubawab.ma/fr/a/8401892/appartement-%C3%A0-vendre-51-m%C2%B2-2-chambres-targa-marrakech
mubawab.ma:native:8402109,uncertain,price_above_p99|price_per_m2_above_reference_p99,recovery_misplaced_notebook,duplex,Casablanca,186.0,13100000.0,70430.11,4.0,3.0,,,https://www.mubawab.ma/fr/a/8402109/vente-d-un-beau-duplex-%C3%A0-quartier-bachkou-4-belles-chambres-double-vitrage-et-porte-blind%C3%A9e
mubawab.ma:native:8402324,uncertain,price_per_m2_above_reference_p99,recovery_misplaced_notebook,appartement,Casablanca,146.0,8760000.0,60000.0,2.0,2.0,,,https://www.mubawab.ma/fr/a/8402324/appartement-%C3%A0-vendre-%C3%A0-tacharouk-hay-al-walaa-2-pi%C3%A8ces-terrasse-et-jardin
mubawab.ma:native:8402497,probable_error,price_per_m2_above_reference_p99|suspicious_batch_high_price_per_m2,recovery_misplaced_notebook,appartement,Larache,96.0,9770000.0,101770.83,3.0,1.0,,,https://www.mubawab.ma/fr/a/8402497/vente-d-un-appartement-%C3%A0-larache-4-pi%C3%A8ces-magnifiques-balcon-et-ascenseur
mubawab.ma:native:8402649,uncertain,price_per_m2_above_reference_p99,recovery_misplaced_notebook,appartement,Larache,82.0,5380000.0,65609.76,2.0,1.0,,,https://www.mubawab.ma/fr/a/8402649/appartement-%C3%A0-vendre-82-m%C2%B2-%C3%A0-larache-centre-ville
mubawab.ma:native:8402650,probable_error,price_per_m2_above_reference_p99|suspicious_batch_high_price_per_m2,recovery_misplaced_notebook,appartement,Larache,65.0,6360000.0,97846.15,2.0,1.0,,,https://www.mubawab.ma/fr/a/8402650/appartement-%C3%A0-vendre-65-m%C2%B2-%C3%A0-larache-centre-ville
mubawab.ma:native:8402665,probable_error,price_per_m2_above_reference_p99|suspicious_batch_high_price_per_m2,recovery_misplaced_notebook,appartement,Casablanca,65.0,6380000.0,98153.85,2.0,1.0,,,https://www.mubawab.ma/fr/a/8402665/appartement-%C3%A0-vendre-%C3%A0-bernoussi-al-azhar-%C3%A0-un-prix-raisonnable
mubawab.ma:native:8402914,probable_error,price_above_p99|price_per_m2_above_reference_p99|suspicious_batch_high_price_per_m2,recovery_misplaced_notebook,appartement,Marrakech,115.0,12990000.0,112956.52,2.0,2.0,,,https://www.mubawab.ma/fr/a/8402914/appartement-en-vente-%C3%A0-gueliz
mubawab.ma:native:8403081,probable_error,price_per_m2_above_reference_p99|suspicious_batch_high_price_per_m2,recovery_misplaced_notebook,appartement,Casablanca,99.0,10590000.0,106969.7,3.0,1.0,,,https://www.mubawab.ma/fr/a/8403081/vend-appartement-%C3%A0-hay-sadri-surface-totale-99-m%C2%B2
mubawab.ma:native:8404066,uncertain,price_per_m2_above_reference_p99,recovery_misplaced_notebook,appartement,Marrakech,153.0,10950000.0,71568.63,4.0,1.0,,,https://www.mubawab.ma/fr/a/8404066/vente-d-un-bel-appartement-%C3%A0-belbekkar-4-pi%C3%A8ces-salon-typique-marocain-r%C3%A9sidence-s%C3%A9curis%C3%A9e
mubawab.ma:native:8404069,probable_error,price_above_p99|price_per_m2_above_reference_p99|suspicious_batch_high_price_per_m2,recovery_misplaced_notebook,appartement,Agadir,103.0,11950000.0,116019.42,3.0,2.0,,,https://www.mubawab.ma/fr/a/8404069/a-vendre-appartement-a-talborjt-agadir
mubawab.ma:native:8404384,probable_error,price_per_m2_above_reference_p99|suspicious_batch_high_price_per_m2,recovery_misplaced_notebook,appartement,Agadir,74.0,5860000.0,79189.19,2.0,2.0,,,https://www.mubawab.ma/fr/a/8404384/appartement-meubl%C3%A9-de-74-m%C2%B2-%C3%A0-vendre-haut-anza
mubawab.ma:native:8404655,probable_error,price_per_m2_above_reference_p99|suspicious_batch_high_price_per_m2,recovery_misplaced_notebook,studio,Casablanca,41.0,4280000.0,104390.24,2.0,1.0,,,https://www.mubawab.ma/fr/a/8404655/studio-%C3%A9conomique-41m%C2%B2-%E2%80%93-abraj-al-azhar
mubawab.ma:native:8404719,probable_error,price_per_m2_above_reference_p99|suspicious_batch_high_price_per_m2,recovery_misplaced_notebook,appartement,Agadir,78.0,5880000.0,75384.62,2.0,1.0,,,https://www.mubawab.ma/fr/a/8404719/appartement-a-vendre-tikiouine-agadir-78-m2
mubawab.ma:native:8405034,probable_error,price_per_m2_above_reference_p99|suspicious_batch_high_price_per_m2,recovery_misplaced_notebook,appartement,Casablanca,67.0,9460000.0,141194.03,3.0,1.0,,,https://www.mubawab.ma/fr/a/8405034/appartement-%C3%A0-vendre-%C3%A0-al-azhar-superficie-67-m%C2%B2-salon-traditionnel-marocain-r%C3%A9sidence-s%C3%A9curis%C3%A9e
mubawab.ma:native:8405469,probable_error,price_per_m2_above_reference_p99|suspicious_batch_high_price_per_m2,recovery_misplaced_notebook,appartement,Marrakech,51.0,7500000.0,147058.82,2.0,1.0,,,https://www.mubawab.ma/fr/a/8405469/vente-appartement-%C3%A0-targa
mubawab.ma:native:8405605,probable_error,price_per_m2_above_reference_p99|suspicious_batch_high_price_per_m2,recovery_misplaced_notebook,appartement,Marrakech,57.0,5500000.0,96491.23,2.0,1.0,,,https://www.mubawab.ma/fr/a/8405605/appartement-en-vente-mhamid-2-chambres-et-salon
mubawab.ma:native:8405645,probable_error,price_above_p99|price_per_m2_above_reference_p99|suspicious_batch_high_price_per_m2,recovery_misplaced_notebook,appartement,Casablanca,123.0,11400000.0,92682.93,2.0,2.0,,,https://www.mubawab.ma/fr/a/8405645/appartement-en-vente-%C3%A0-tantonville-superficie-123-m%C2%B2-parking-et-terrasse
mubawab.ma:native:8406125,probable_error,price_per_m2_above_reference_p99|suspicious_batch_high_price_per_m2,recovery_misplaced_notebook,appartement,Casablanca,70.0,10480000.0,149714.29,2.0,1.0,,,https://www.mubawab.ma/fr/a/8406125/appartement-%C3%A0-vendre-mohamed-zefzaf-anassi
mubawab.ma:native:8406133,probable_error,price_per_m2_above_reference_p99|suspicious_batch_high_price_per_m2,recovery_misplaced_notebook,appartement,Casablanca,76.0,9880000.0,130000.0,2.0,1.0,,,https://www.mubawab.ma/fr/a/8406133/bel-appartement-%C3%A0-vendre-en-centre-ville-superficie-76-m%C2%B2-terrasse-et-ascenseur
mubawab.ma:native:8406388,probable_error,price_per_m2_above_reference_p99|suspicious_batch_high_price_per_m2,recovery_misplaced_notebook,appartement,Casablanca,63.0,9320000.0,147936.51,2.0,1.0,,,https://www.mubawab.ma/fr/a/8406388/superbe-appartement-%C3%A0-vendre-%C3%A0-al-azhar-surface-de-63-m%C2%B2
mubawab.ma:native:8406713,probable_error,price_per_m2_above_reference_p99|suspicious_batch_high_price_per_m2,recovery_misplaced_notebook,appartement,Agadir,70.0,9840000.0,140571.43,2.0,1.0,,,https://www.mubawab.ma/fr/a/8406713/vente-d-un-appartement-splendide-%C3%A0-fal-oumlil-hay-mohammadi-2-chambres-%C3%A0-coucher-porte-blind%C3%A9e-et-fen%C3%AAtres-%C3%A0-double-vitrage
mubawab.ma:native:8406919,probable_error,price_per_m2_above_reference_p99|suspicious_batch_high_price_per_m2,recovery_misplaced_notebook,appartement,Casablanca,55.0,6450000.0,117272.73,2.0,2.0,,,https://www.mubawab.ma/fr/a/8406919/appartement-ain-sebaa-enface-du-tramway
mubawab.ma:native:8407364,uncertain,price_above_p99|price_per_m2_above_reference_p99,recovery_misplaced_notebook,appartement,Marrakech,188.0,13500000.0,71808.51,2.0,2.0,,,https://www.mubawab.ma/fr/a/8407364/superbe-appartement-%C3%A0-vendre-%C3%A0-gu%C3%A9liz-surface-de-188-m%C2%B2-terrasse-et-ascenseur
mubawab.ma:native:8407639,probable_error,price_per_m2_above_reference_p99|suspicious_batch_high_price_per_m2,recovery_misplaced_notebook,appartement,Casablanca,60.0,7690000.0,128166.67,2.0,1.0,,,https://www.mubawab.ma/fr/a/8407639/appartement-meubl%C3%A9-%C3%A0-vendre-%E2%80%93-lissasfa-extension
mubawab.ma:native:8407853,probable_error,price_per_m2_above_reference_p99|suspicious_batch_high_price_per_m2,recovery_misplaced_notebook,appartement,El Jadida,57.0,8300000.0,145614.04,2.0,1.0,,,https://www.mubawab.ma/fr/a/8407853/bel-appartement-%C3%A0-vendre-%C3%A0-hay-riad-2-chambres-agr%C3%A9ables
mubawab.ma:native:8408010,probable_error,price_above_p99|price_per_m2_above_reference_p99|suspicious_batch_high_price_per_m2,recovery_misplaced_notebook,appartement,Casablanca,100.0,11700000.0,117000.0,2.0,2.0,,,https://www.mubawab.ma/fr/a/8408010/vend-appartement-%C3%A0-les-princesses-surface-totale-100-m%C2%B2-four
mubawab.ma:url:14a3ffa51b791d76eed77aa8,uncertain,price_per_m2_above_reference_p99,recovery_misplaced_notebook,appartement,Tanger,68.0,3012500.0,44301.47,2.0,1.0,,,https://www.mubawab.ma/fr/pa/8266117/appartement-%C3%A0-l-achat-%C3%A0-beni-touzine-surface-totale-68-m%C2%B2
mubawab.ma:url:1744af06d06e8f524a660d99,uncertain,price_per_m2_above_reference_p99,recovery_misplaced_notebook,appartement,Casablanca,43.0,2941700.0,68411.63,2.0,1.0,,,https://www.mubawab.ma/fr/pa/8234647/appartement-en-vente-%C3%A0-oasis-3-pi%C3%A8ces-ascenseur-et-garage
mubawab.ma:url:20a64f2574fdff6d3dfad288,uncertain,price_per_m2_above_reference_p99,recovery_misplaced_notebook,appartement,Agadir,70.0,4645000.0,66357.14,2.0,1.0,,,https://www.mubawab.ma/fr/pa/8227929/vend-appartement-%C3%A0-haut-anza-surface-totale-70-m%C2%B2-grande-terrasse
mubawab.ma:url:51df1630467d11eb891cc705,uncertain,price_per_m2_above_reference_p99,recovery_misplaced_notebook,appartement,Casablanca,53.0,3941700.0,74371.7,2.0,1.0,,,https://www.mubawab.ma/fr/pa/8234646/vente-d-un-bel-appartement-%C3%A0-oasis-surface-totale-53-m%C2%B2-places-de-parking-et-terrasse
mubawab.ma:url:53b4cfd6afdd58ef2e734928,uncertain,price_per_m2_above_reference_p99,recovery_misplaced_notebook,appartement,Marrakech,40.0,2960000.0,74000.0,1.0,1.0,,,https://www.mubawab.ma/fr/pa/8228518/appartement-%C3%A0-l-achat-%C3%A0-hivernage-superficie-40-m%C2%B2-piscine-et-service-de-conciergerie
mubawab.ma:url:59690d74d0d5821ef342fe2f,probable_error,price_per_m2_above_reference_p99|suspicious_batch_high_price_per_m2,recovery_misplaced_notebook,unknown,Marrakech,68.0,6975600.0,102582.35,2.0,2.0,,,https://www.mubawab.ma/fr/pa/8138791/%C3%A9l%C3%A9gant-f3-%C3%A0-double-fa%C3%A7ade-au-c%C5%93ur-de-la-ville
mubawab.ma:url:5f7bc2eabf92e15a544c02eb,probable_error,price_per_m2_above_reference_p99|suspicious_batch_high_price_per_m2,recovery_misplaced_notebook,appartement,Tanger,73.0,7693500.0,105390.41,2.0,1.0,,,https://www.mubawab.ma/fr/pa/8390082/vente-d-un-bel-appartement-%C3%A0-aharrarine-2-chambres
mubawab.ma:url:8e2242a5645dec66e17e9bd6,probable_error,price_per_m2_above_reference_p99|suspicious_batch_high_price_per_m2,recovery_misplaced_notebook,appartement,Casablanca,73.0,10633000.0,145657.53,2.0,1.0,,,https://www.mubawab.ma/fr/pa/8355893/appartement-%C3%A0-vendre-%C3%A0-lahraouiyine-surface-de-73-m%C2%B2
mubawab.ma:url:8fbf8cbe7f5952c1a407ef03,probable_error,price_per_m2_above_reference_p99|suspicious_batch_high_price_per_m2,recovery_misplaced_notebook,unknown,Marrakech,58.0,7998000.0,137896.55,1.0,1.0,,,https://www.mubawab.ma/fr/pa/8257819/florea-gueliz-projet-sur-plan-autoris%C3%A9-livraison-%C3%A9t%C3%A9-2028
mubawab.ma:url:91f8147da9324273381e29fc,uncertain,price_per_m2_above_reference_p99,recovery_misplaced_notebook,appartement,Agadir,63.0,4600000.0,73015.87,2.0,1.0,,,https://www.mubawab.ma/fr/pa/8227930/bel-appartement-%C3%A0-vendre-%C3%A0-haut-anza-2-belles-chambres-belle-terrasse
mubawab.ma:url:a91383f58458f428f0c39585,probable_error,price_per_m2_above_reference_p99|suspicious_batch_high_price_per_m2,recovery_misplaced_notebook,appartement,Casablanca,79.0,6908500.0,87449.37,3.0,1.0,,,https://www.mubawab.ma/fr/pa/8353718/bel-appartement-%C3%A0-vendre-%C3%A0-oulfa-3-chambres
mubawab.ma:url:a99198bfe7ea28c0fb1fccc8,uncertain,price_per_m2_above_reference_p99,recovery_misplaced_notebook,appartement,Marrakech,62.0,3584000.0,57806.45,2.0,2.0,,,https://www.mubawab.ma/fr/pa/7861569/appartement-2-chambres-salon-%C3%A0-mhamid-62-m%C2%B2
mubawab.ma:url:b0a817763645c655478e0b1c,probable_error,price_per_m2_above_reference_p99|suspicious_batch_high_price_per_m2,recovery_misplaced_notebook,appartement,Tanger,78.0,10663001.0,136705.14,2.0,1.0,,,https://www.mubawab.ma/fr/pa/8219264/appartement-2-chambres-%C3%A0-tanger-pr%C3%A8s-de-la-plage
mubawab.ma:url:b5e790699107532ab93c7c76,uncertain,price_per_m2_above_reference_p99,recovery_misplaced_notebook,appartement,Marrakech,82.0,3656001.0,44585.38,2.0,2.0,,,https://www.mubawab.ma/fr/pa/8219408/appartement-%C3%A0-l-achat-%C3%A0-mhamid-2-belles-chambres
mubawab.ma:url:c35dcb432406d447d1adf9b3,uncertain,price_per_m2_above_reference_p99,recovery_misplaced_notebook,unknown,Marrakech,57.0,2962000.0,51964.91,1.0,1.0,,,https://www.mubawab.ma/fr/pa/8257828/florea-gueliz-projet-sur-plan-autoris%C3%A9-livraison-%C3%A9t%C3%A9-2028
mubawab.ma:url:cc1efef61e6e682eed752f6e,probable_error,price_per_m2_above_reference_p99|suspicious_batch_high_price_per_m2,recovery_misplaced_notebook,appartement,Casablanca,73.0,10696000.0,146520.55,2.0,1.0,,,https://www.mubawab.ma/fr/pa/8355891/superbe-appartement-%C3%A0-vendre-%C3%A0-lahraouiyine-2-belles-chambres
mubawab.ma:url:e4de6b7629eed3afea2b3ea9,probable_error,price_above_p99|price_per_m2_above_reference_p99|suspicious_batch_high_price_per_m2,recovery_misplaced_notebook,appartement,Casablanca,226.0,16950000.0,75000.0,3.0,2.0,,,https://www.mubawab.ma/fr/pa/8286563/appartement-%C3%A0-l-achat-%C3%A0-a%C3%AFn-seba%C3%A2-77m%C2%B226m%C2%B2-terrasse
mubawab.ma:url:e71577c5cb84044dc4616283,probable_error,price_per_m2_above_reference_p99|suspicious_batch_high_price_per_m2,recovery_misplaced_notebook,appartement,Agadir,57.0,4560000.0,80000.0,2.0,1.0,,,https://www.mubawab.ma/fr/pa/8227928/appartement-en-vente-%C3%A0-haut-anza-2-chambres-agr%C3%A9ables-grande-terrasse
mubawab.ma:url:f0f106204e55ed86b2d37881,probable_error,price_above_p99|price_per_m2_above_reference_p99|suspicious_batch_high_price_per_m2,recovery_misplaced_notebook,appartement,Marrakech,85.0,11615000.0,136647.06,2.0,2.0,,,https://www.mubawab.ma/fr/pa/8263156/superbe-appartement-%C3%A0-vendre-%C3%A0-majorelle-2-chambres-agr%C3%A9ables
mubawab.ma:url:f3eeb4b722a7bd18dfa7bbdc,probable_error,price_per_m2_above_reference_p99|suspicious_batch_high_price_per_m2,recovery_misplaced_notebook,appartement,Tanger,81.0,7769500.0,95919.75,3.0,2.0,,,https://www.mubawab.ma/fr/pa/8390381/appartement-en-vente-%C3%A0-aharrarine-surface-totale-81-m%C2%B2
mubawab.ma:url:fc92ada6d855db29c2404ab7,uncertain,price_per_m2_above_reference_p99,recovery_misplaced_notebook,appartement,Marrakech,46.0,2400000.0,52173.91,2.0,1.0,,,https://www.mubawab.ma/fr/pa/8228513/superbe-appartement-%C3%A0-vendre-%C3%A0-hivernage-surface-totale-46m2
mubawab.ma:content:0075877092e532323cb2cac7,uncertain,surface_extreme,git_head_complete,appartement,Fès,1000.0,1450000.0,1450.0,2.0,2.0,Vend appartement à Route Immouzer. 3 pièces confortables. Bi...,1 450 000 DH,
mubawab.ma:content:01d0a88d207a664ce0dce8a5,uncertain,surface_extreme,git_head_complete,appartement,Casablanca,570.0,6900000.0,12105.26,4.0,8.0,"Appartement à Vendre de 570.0 m² à Casablanca, Maarif Extens...",6 900 000 DH,
mubawab.ma:content:023c91fec151c2bfa70c44ad,uncertain,surface_extreme,git_head_complete,appartement,Casablanca,729.0,8900000.0,12208.5,5.0,5.0,Appartement à l'achat à Racine. 5 chambres. Terrasse et asce...,8 900 000 DH,
mubawab.ma:content:03449186091030fdee0aeecf,valid_extreme,price_per_m2_above_reference_p99,git_head_complete,studio,Marrakech,31.0,1330000.0,42903.23,1.0,1.0,"Studios neufs haut standing – Hyper centre Guéliz, Marrakech",1 330 000 DH,
mubawab.ma:content:04e68299c4947a614218b5ef,uncertain,price_per_m2_above_reference_p99,git_head_complete,appartement,Fès,145.0,10100000.0,69655.17,4.0,2.0,Appartement à l'achat à Hay Al Azhar. 8 pièces,10 100 000 DH,
mubawab.ma:content:06dd5ea940d49d2fb3605f40,uncertain,price_per_m2_above_reference_p99,git_head_complete,appartement,Agadir,60.0,7200000.0,120000.0,2.0,1.0,Appartement avendre à hay mohammadi,7 200 000 DH,
mubawab.ma:content:06e247775a3a15a9a15b1ef1,uncertain,price_per_m2_above_reference_p99,git_head_complete,appartement,Kénitra,70.0,6500000.0,92857.14,2.0,2.0,Appartement à vendre à la ville haute kénitra,6 500 000 DH,
mubawab.ma:content:07514aedb495db831e4ebb59,uncertain,price_above_p99|price_per_m2_above_reference_p99,git_head_complete,appartement,Casablanca,208.0,31000000.0,149038.46,3.0,3.0,Appartement dernier étage à la vente à Gauthier double terra...,31 000 000 DH,
mubawab.ma:content:0ac014009dd6d7a67e80106e,uncertain,price_per_m2_above_reference_p99,git_head_complete,appartement,Tanger,87.0,3500000.0,40229.89,2.0,2.0,Vend appartement à Tanger City Center. 3 grandes pièces. M...,3 500 000 DH,
mubawab.ma:content:0f86962d877f65c4d8a43384,valid_extreme,price_per_m2_above_reference_p99,git_head_complete,appartement,Marrakech,150.0,9500000.0,63333.33,2.0,2.0,Appartement de luxe à M Avenue Marrakech,9 500 000 DH,
mubawab.ma:content:139edfccfef4153456baa5b0,uncertain,price_above_p99|price_per_m2_above_reference_p99,git_head_complete,appartement,Casablanca,183.0,21000000.0,114754.1,3.0,2.0,Appartement de luxe à vendre 183 m² à Casablanca,21 000 000 DH,
mubawab.ma:content:13ca406cfe3189f2a1805b31,uncertain,price_per_m2_above_reference_p99,git_head_complete,unknown,Marrakech,180.0,10590000.0,58833.33,2.0,2.0,"Four seasons private residences, Marrakech",10 590 000 DH,
mubawab.ma:content:18a832543ee8c45f02f8f91c,uncertain,price_per_m2_above_reference_p99,git_head_complete,appartement,Marrakech,138.0,5500000.0,39855.07,1.0,2.0,Superbe appartement à vendre à Hivernage. Surface totale 138...,5 500 000 DH,
mubawab.ma:content:18c68b8adfff2e7f97b4a6b3,uncertain,price_per_m2_above_reference_p99,git_head_complete,appartement,Tétouan,120.0,5500000.0,45833.33,2.0,2.0,Appartement à vendre 120 m² à Marina Smir Tétouan,5 500 000 DH,
mubawab.ma:content:1a14fd8fa2d9931de697840a,uncertain,price_above_p99,git_head_complete,appartement,Casablanca,430.0,12900000.0,30000.0,3.0,1.0,Vente d'un bel appartement à Val Fleury. Surface de 430 m²,12 900 000 DH,
mubawab.ma:content:1ae83c9a266955a2e340ef3a,uncertain,bedrooms_above_8,git_head_complete,appartement,Tétouan,200.0,1150000.0,5750.0,9.0,2.0,Appartement de 200 mètres au centre de la ville,1 150 000 DH,
mubawab.ma:content:1c381f5f562767892fc317ee,uncertain,price_per_m2_above_reference_p99,git_head_complete,appartement,Safi,92.0,5700000.0,61956.52,3.0,1.0,"Appartement ensoleillé, vue sur mer meublé ou pas",5 700 000 DH,
mubawab.ma:content:1ca032444701e0d6f484b2ca,valid_extreme,price_above_p99|price_per_m2_above_reference_p99,git_head_complete,immeuble,Casablanca,300.0,20000000.0,66666.67,1.0,1.0,Immeuble R5 au maarif 14appartements 6magasins,20 000 000 DH,
mubawab.ma:content:1df90de652537ef551547b95,uncertain,surface_extreme,git_head_complete,appartement,Casablanca,631.0,6900000.0,10935.02,4.0,4.0,AFFAIRE A SAISIR. Appartement à vendre a racine Rue Ali Abd...,6 900 000 DH,
mubawab.ma:content:1e8184fd065bb4f9119d0730,uncertain,price_per_m2_above_reference_p99,git_head_complete,appartement,Casablanca,60.0,2500000.0,41666.67,1.0,1.0,Bel Appartement vue sur la mosquée Hassan 2,2 500 000 DH,
mubawab.ma:content:1ea74e3992c39e07eb38f921,uncertain,bedrooms_above_8|price_per_m2_above_reference_p99,git_head_complete,appartement,Marrakech,100.0,9400000.0,94000.0,9.0,2.0,Appartement à vendre à Bab Ghmat. Surface totale 100 m². B...,9 400 000 DH,
mubawab.ma:content:266dc89d788104f6e7b7e7f4,uncertain,price_per_m2_above_reference_p99,git_head_complete,unknown,Tanger,86.0,7600000.0,88372.09,2.0,1.0,Aprtment avender a bon etat,7 600 000 DH,
mubawab.ma:content:26e80ea92a02328eb35e852f,valid_extreme,price_per_m2_above_reference_p99,git_head_complete,appartement,Tanger,99.0,4000000.0,40404.04,2.0,2.0,Appartement de Haut standing Malabata à VENDRE,4 000 000 DH,
mubawab.ma:content:302ddfe9b4019efd5b8af366,valid_extreme,surface_extreme,git_head_complete,unknown,Rabat,700.0,10000000.0,14285.71,4.0,3.0,Exceptionnel Penthouse haut standing Hay Riad,10 000 000 DH,
mubawab.ma:content:309fac010428d060d9a6f30a,uncertain,price_per_m2_above_reference_p99,git_head_complete,appartement,Tétouan,85.0,7000000.0,82352.94,2.0,2.0,"Bel appartement à vendre au tetouan, touilaa, bien équipé av...",7 000 000 DH,
mubawab.ma:content:3144703a1dbdf6a61ccaa57b,uncertain,bathrooms_above_8,git_head_complete,appartement,Casablanca,236.0,2900000.0,12288.14,6.0,9.0,"Appartement à Vendre de 236.0 m² à Casablanca, Lissasfa",2 900 000 DH,
mubawab.ma:content:331987d8cf21463eab630223,uncertain,price_above_p99|price_per_m2_above_reference_p99,git_head_complete,appartement,Casablanca,145.0,11500000.0,79310.34,2.0,2.0,Appartement à vendre à Belvédère. Surface de 145 m². Porte b...,11 500 000 DH,
mubawab.ma:content:355f91c863f4a52c413953be,uncertain,price_above_p99|price_per_m2_above_reference_p99,git_head_complete,appartement,Casablanca,300.0,14500000.0,48333.33,3.0,3.0,Anfa Place/Vente Appartement 300m² Front de mer,14 500 000 DH,
mubawab.ma:content:3917dc291ad3a716c92435b8,uncertain,surface_extreme|price_above_p99,git_head_complete,unknown,Casablanca,680.0,14000000.0,20588.24,8.0,6.0,Vente en urgence,14 000 000 DH,
mubawab.ma:content:3a3955044762cc6cd5808e23,uncertain,price_per_m2_above_reference_p99,git_head_complete,appartement,Marrakech,120.0,5350000.0,44583.33,2.0,2.0,Magnifique Appartement à l'Hivernage,5 350 000 DH,
mubawab.ma:content:3ad2999b00384b9fdb74c77f,uncertain,price_per_m2_above_reference_p99,git_head_complete,unknown,Marrakech,145.0,8000000.0,55172.41,2.0,3.0,"Residence Privée four seasons, M Avenue, Marrakech",8 000 000 DH,
mubawab.ma:content:3b5f40f83b3a09fc82cfece4,uncertain,price_per_m2_above_reference_p99,git_head_complete,appartement,Marrakech,51.0,3500000.0,68627.45,3.0,1.0,Appartement en vente à Hay Targa. 3 belles chambres. Belle t...,3 500 000 DH,
mubawab.ma:content:3ed8234ad9051fb86fdb82c7,uncertain,price_per_m2_above_reference_p99,git_head_complete,appartement,Salé,82.0,7200000.0,87804.88,2.0,2.0,Vente d'un bel appartement à Hay Chmaou. Surface totale 82 m...,7 200 000 DH,
mubawab.ma:content:3fef4ab65cd56b12d51e9fa3,uncertain,price_per_m2_above_reference_p99,git_head_complete,appartement,Tanger,29.0,3500000.0,120689.66,2.0,2.0,Joli appartement vue mer en vente à Mnar,3 500 000 DH,
mubawab.ma:content:419ce600229ae97e890905f9,uncertain,price_per_m2_above_reference_p99,git_head_complete,appartement,Meknès,150.0,9300000.0,62000.0,3.0,3.0,Appartement à vendre à Hamria. Superficie 150 m². Salon trad...,9 300 000 DH,
mubawab.ma:content:435ebf09305f64eaea202a6c,uncertain,price_per_m2_above_reference_p99,git_head_complete,unknown,Tanger,190.0,8000000.0,42105.26,3.0,2.0,Résidence Océan – Tanger A VENDRE,8 000 000 DH,
mubawab.ma:content:44c0ccb25b00936d2f8f5d05,uncertain,price_above_p99,git_head_complete,unknown,Casablanca,350.0,11000000.0,31428.57,3.0,3.0,Bien d'exception à vendre à Ain Diab,11 000 000 DH,
mubawab.ma:content:464cad2c33cd9015c5196abd,uncertain,price_per_m2_above_reference_p99,git_head_complete,appartement,Béni Mellal,100.0,5000000.0,50000.0,2.0,1.0,Appartement à vendre à Béni Mellal. 2 chambres. Salon tradit...,5 000 000 DH,
mubawab.ma:content:468925bfd696aa86670ffd14,uncertain,surface_extreme,git_head_complete,appartement,Casablanca,717.0,3600000.0,5020.92,4.0,4.0,Bel appartement racine étage élevé,3 600 000 DH,
mubawab.ma:content:47532c1e6d31aedc2e35bfb3,valid_extreme,bedrooms_above_8,git_head_complete,riad,Marrakech,147.0,3900000.0,26530.61,10.0,2.0,Riad traditionnel à rénover au cœur de Bab dokkala,3 900 000 DH,
mubawab.ma:content:4d184318ca279ff233b2c5cd,uncertain,price_per_m2_above_reference_p99,git_head_complete,appartement,Marrakech,113.0,4600000.0,40707.96,3.0,2.0,Bel appartement à vendre à Hivernage. 3 chambres. Jardin et...,4 600 000 DH,
mubawab.ma:content:507c8f5b341493919f81585a,uncertain,price_per_m2_above_reference_p99,git_head_complete,appartement,Salé,133.0,9000000.0,67669.17,4.0,2.0,Superbe appartement à vendre à Sala el Jadida. Surface de 13...,9 000 000 DH,
mubawab.ma:content:51aa18da87438f1b385a3511,valid_extreme,surface_extreme,git_head_complete,immeuble,Tanger,760.0,8000000.0,10526.32,3.0,2.0,Immeuble 7 appartement avec cafe 160m2,8 000 000 DH,
mubawab.ma:content:531b3fe7d7a4a123faef8cbb,uncertain,surface_extreme,git_head_complete,appartement,Casablanca,579.0,5500000.0,9499.14,5.0,2.0,"Appartement à vendre 579 m², 5 chambres Bourgogne Ouest Casa...",5 500 000 DH,
mubawab.ma:content:54410f53b587ecb37caeba03,uncertain,price_above_p99|price_per_m2_above_reference_p99,git_head_complete,appartement,Tanger,362.0,20000000.0,55248.62,3.0,3.0,Appartement d’exception à la Corniche de Tanger,20 000 000 DH,
mubawab.ma:content:55907d5f03d428f58c0c39a5,uncertain,price_per_m2_above_reference_p99,git_head_complete,appartement,Casablanca,89.0,9400000.0,105617.98,2.0,2.0,Vend appartement à Garage Allal. Superficie 89 m². Belle ter...,9 400 000 DH,
mubawab.ma:content:591a64276b02d759cd00e45f,uncertain,price_per_m2_above_reference_p99,git_head_complete,appartement,Marrakech,40.0,1650000.0,41250.0,1.0,1.0,Vente d'un bel appartement à noria Marrakech,1 650 000 DH,
mubawab.ma:content:5b4d10559ae18f31cd475123,uncertain,price_per_m2_above_reference_p99,git_head_complete,appartement,Marrakech,81.0,9000000.0,111111.11,2.0,1.0,Bel appartement à vendre à Samlalia. 2 chambres,9 000 000 DH,
mubawab.ma:content:5dcd6a222a1de64bc44fdaa6,uncertain,price_per_m2_above_reference_p99,git_head_complete,appartement,Salé,68.0,5600000.0,82352.94,2.0,2.0,Vente d'un bel appartement à Sidi Hajji. 1 Pièce. Imprenable...,5 600 000 DH,
mubawab.ma:content:5ef8c602148c3d6c6b3210a1,valid_extreme,surface_extreme,git_head_complete,immeuble,Casablanca,1200.0,4800000.0,4000.0,2.0,1.0,Immeuble à Vendre à Derb OMAR,4 800 000 DH,
mubawab.ma:content:61fc7bd18c292fff0508f85a,uncertain,price_above_p99|price_per_m2_above_reference_p99,git_head_complete,unknown,Casablanca,144.0,16000000.0,111111.11,4.0,2.0,Urgent a vendre a ain sebaa,16 000 000 DH,
mubawab.ma:content:63a6cd4ddef8214580b99f1a,uncertain,price_above_p99|price_per_m2_above_reference_p99,git_head_complete,appartement,Marrakech,125.0,14500000.0,116000.0,3.0,2.0,Appartement à vendre 125 m² Sidi abbad Marrakech,14 500 000 DH,
mubawab.ma:content:67db5a184a7a050781e8874f,uncertain,bathrooms_above_8,git_head_complete,appartement,Casablanca,148.0,4000000.0,27027.03,8.0,12.0,"Appartement à Vendre de 148.0 m² à Casablanca, Maarif",4 000 000 DH,
mubawab.ma:content:682115c4efc0df8f8ad707e5,uncertain,price_per_m2_above_reference_p99,git_head_complete,unknown,Agadir,120.0,9500000.0,79166.67,4.0,1.0,Apptement a vendre à hay mohammadi,9 500 000 DH,
mubawab.ma:content:68c38f03ef8cb736272856b8,uncertain,price_above_p99|price_per_m2_above_reference_p99,git_head_complete,appartement,Fès,123.0,11000000.0,89430.89,3.0,2.0,Vend appartement à Fes City Center. 3 belles chambres. Bien...,11 000 000 DH,
mubawab.ma:content:68d03bf78e865b80f2f6145a,uncertain,price_per_m2_above_reference_p99,git_head_complete,appartement,Marrakech,130.0,5500000.0,42307.69,2.0,3.0,À vendre – appartement prestigieux à l'hivernage,5 500 000 DH,
mubawab.ma:content:6a8a03e77b1348b79d76e1b0,uncertain,price_above_p99|price_per_m2_above_reference_p99,git_head_complete,appartement,Agadir,116.0,13800000.0,118965.52,2.0,2.0,"Appartement, avendre à hay mohammadi",13 800 000 DH,
mubawab.ma:content:6b3dbcc1088fb5e4b0234f39,uncertain,price_per_m2_above_reference_p99,git_head_complete,unknown,Casablanca,129.0,5900000.0,45736.43,2.0,2.0,Une perle rare à CFC,5 900 000 DH,
mubawab.ma:content:6fad0ff321450df3dbfbe62f,uncertain,price_per_m2_above_reference_p99,git_head_complete,appartement,Casablanca,65.0,3000000.0,46153.85,5.0,3.0,"Appartement à vendre 65 m², 5 chambres Derb Korea Casablanca",3 000 000 DH,
mubawab.ma:content:7069b89fef0e5ea6b038e550,valid_extreme,price_above_p99|price_per_m2_above_reference_p99,git_head_complete,immeuble,Casablanca,300.0,16250000.0,54166.67,4.0,3.0,Vente immeuble,16 250 000 DH,
mubawab.ma:content:71e3468c728764103b647665,uncertain,price_per_m2_above_reference_p99,git_head_complete,appartement,Salé,66.0,3200000.0,48484.85,2.0,2.0,Appartement à vendre à salé Alaayayda rue Alhazem 2 belles c...,3 200 000 DH,
mubawab.ma:content:7379d0dfa513d14e561ebfca,uncertain,surface_extreme,git_head_complete,appartement,Casablanca,553.0,7300000.0,13200.72,5.0,4.0,Vente Appartement à racine,7 300 000 DH,
mubawab.ma:content:753f61ed28426b1d0bfafac1,valid_extreme,price_per_m2_above_reference_p99,git_head_complete,appartement,Tanger,198.0,8500000.0,42929.29,2.0,2.0,"Appartement 198m² vue mer, haut standing",8 500 000 DH,
mubawab.ma:content:76394566a79fcbbeaf16cc48,uncertain,price_per_m2_above_reference_p99,git_head_complete,appartement,Rabat,181.0,7600000.0,41988.95,3.0,2.0,"Appartement à vendre 181 m², 3 chambres Hay Al Fath Rabat",7 600 000 DH,
mubawab.ma:content:77c14a35df24eaebf2bf9faf,valid_extreme,surface_extreme,git_head_complete,villa,Rabat,1699.0,10000000.0,5885.82,4.0,4.0,Villas à vendre,10 000 000 DH,
mubawab.ma:content:7b2960a0be14ffc0474e824f,uncertain,price_per_m2_above_reference_p99,git_head_complete,appartement,Marrakech,161.0,10000000.0,62111.8,2.0,3.0,"Appartement à Vendre de 161.0 m² à Marrakech, Hivernage",10 000 000 DH,
mubawab.ma:content:7b41edc30f3b8e36d6a8e4bd,uncertain,price_above_p99|price_per_m2_above_reference_p99,git_head_complete,appartement,Marrakech,140.0,16000000.0,114285.71,3.0,2.0,Bel appartement à vendre à Les Portes de Marrakech. 1 Pièce...,16 000 000 DH,
mubawab.ma:content:7bd576393c3f399442da6766,valid_extreme,surface_extreme|price_above_p99,git_head_complete,immeuble,Rabat,1750.0,20000000.0,11428.57,3.0,2.0,Immeuble à vendre,20 000 000 DH,
mubawab.ma:content:7e506393a96192089f8a0e21,uncertain,price_per_m2_above_reference_p99,git_head_complete,appartement,Berrechid,101.0,4900000.0,48514.85,3.0,2.0,Superbe appartement à vendre à Berrechid. 2 pièces conforta...,4 900 000 DH,
mubawab.ma:content:7fd7e6aef0a9827a213d0c3c,uncertain,price_per_m2_above_reference_p99,git_head_complete,appartement,Mohammedia,64.0,4200000.0,65625.0,2.0,1.0,Superbe appartement à vendre en Centre Ville. 1 chambre. Esp...,4 200 000 DH,
mubawab.ma:content:82c97bb52e91ebf684682ee9,uncertain,price_per_m2_above_reference_p99,git_head_complete,unknown,Salé,111.0,6000000.0,54054.05,3.0,2.0,"Baie de la Mer, Résidence Privée de l'Hôtel Fairmont Sla",6 000 000 DH,
mubawab.ma:content:859bedcb093babff98ab1983,uncertain,price_per_m2_above_reference_p99,git_head_complete,appartement,Rabat,124.0,5100000.0,41129.03,2.0,2.0,Appartement à vendre à l’Orangeraie Souissi,5 100 000 DH,
mubawab.ma:content:86e66d1e16527bf550dc2a0a,uncertain,price_per_m2_above_reference_p99,git_head_complete,appartement,Casablanca,57.0,5000000.0,87719.3,2.0,1.0,Vend appartement à Hay Hassani. 2 chambres agréables,5 000 000 DH,
mubawab.ma:content:86eaa2ab4064aaa8492dc548,valid_extreme,price_per_m2_above_reference_p99,git_head_complete,appartement,Tanger,85.0,6000000.0,70588.24,1.0,1.0,Appartement de luxe vue mer – Corniche de Tanger,6 000 000 DH,
mubawab.ma:content:8b39208663f156b48db84786,uncertain,price_per_m2_above_reference_p99,git_head_complete,appartement,Tanger,77.0,8400000.0,109090.91,2.0,1.0,"Appartement à vendre à Tanger, proche Riad Ahlan",8 400 000 DH,
mubawab.ma:content:8e89bf312a3e7e821863643e,valid_extreme,surface_extreme|price_above_p99|bedrooms_above_8|bathrooms_above_8,git_head_complete,immeuble,Casablanca,1288.0,17500000.0,13586.96,20.0,10.0,Immeuble vide qui a ete deja utilse comme clinique,17 500 000 DH,
mubawab.ma:content:8ee84cfeb0fffede419acf16,uncertain,surface_extreme,git_head_complete,appartement,Casablanca,538.0,6300000.0,11710.04,6.0,4.0,"Appartement à Vendre de 538.0 m² à Casablanca, Racine",6 300 000 DH,
mubawab.ma:content:8f363adb9348dd199531a092,uncertain,price_per_m2_above_reference_p99,git_head_complete,appartement,Casablanca,138.0,6000000.0,43478.26,2.0,2.0,Vente Magnifique appartement avec vue mer frontale à Anfapla...,6 000 000 DH,
mubawab.ma:content:8fa156f009d5c033bce2783e,uncertain,price_above_p99|price_per_m2_above_reference_p99,git_head_complete,appartement,Salé,128.0,12000000.0,93750.0,3.0,2.0,Vend appartement à Tabriquet. Surface de 128 m². Salon Maroc...,12 000 000 DH,
mubawab.ma:content:9272a5692233a22d2e9aab9b,uncertain,price_above_p99|price_per_m2_above_reference_p99,git_head_complete,appartement,Tanger,215.0,18000000.0,83720.93,3.0,3.0,Appartement premium à la Marina Bay,18 000 000 DH,
mubawab.ma:content:92ede13d81e01b68da126129,uncertain,price_per_m2_above_reference_p99,git_head_complete,appartement,Tanger,55.0,7600000.0,138181.82,2.0,1.0,Bel appartement meublé à Mesnana,7 600 000 DH,
mubawab.ma:content:94085ae1f666bf3ed0c23c06,uncertain,price_per_m2_above_reference_p99,git_head_complete,appartement,Casablanca,82.0,8600000.0,104878.05,2.0,1.0,Appartement a vendre,8 600 000 DH,
mubawab.ma:content:9788d9be983de7c5b92f9818,uncertain,surface_extreme,git_head_complete,appartement,Casablanca,700.0,8500000.0,12142.86,5.0,6.0,"Appartement 400 m² 300 de terrasse, Gauthier",8 500 000 DH,
mubawab.ma:content:986b778d205c1dc4ef3f40f6,uncertain,price_per_m2_above_reference_p99,git_head_complete,appartement,Tanger,100.0,4000000.0,40000.0,2.0,2.0,Appartement en vente à Port Tanger ville. 2 belles chambres...,4 000 000 DH,
mubawab.ma:content:9c06509fb00c23c8b958f822,valid_extreme,price_per_m2_above_reference_p99,git_head_complete,immeuble,Casablanca,150.0,6500000.0,43333.33,3.0,1.0,Vente immeuble de 4 étages libre immédiatement,6 500 000 DH,
mubawab.ma:content:9d57c50d5c8ce701a3d00165,uncertain,price_above_p99|price_per_m2_above_reference_p99,git_head_complete,appartement,Casablanca,106.0,13400000.0,126415.09,2.0,2.0,Appartement à vendre Bd Taddart,13 400 000 DH,
mubawab.ma:content:9fda71b3ce99832163d1e5a7,uncertain,price_per_m2_above_reference_p99,git_head_complete,appartement,Marrakech,113.0,4490000.0,39734.51,3.0,2.0,"Bel appartement au coeur de l'hivernage, Marrakech",4 490 000 DH,
mubawab.ma:content:9ff13d593b3231e1ecbeba7a,uncertain,price_per_m2_above_reference_p99,git_head_complete,appartement,Salé,92.0,6100000.0,66304.35,3.0,1.0,Appartement spacieux à hay Rizk,6 100 000 DH,
mubawab.ma:content:a003c792f3490cac20beba0a,uncertain,price_per_m2_above_reference_p99,git_head_complete,appartement,Oujda,94.0,4900000.0,52127.66,2.0,1.0,Appartement à l'achat à Boustane. 2 chambres agréables,4 900 000 DH,
mubawab.ma:content:a58911580d7e82916add8a2e,uncertain,price_above_p99|price_per_m2_above_reference_p99,git_head_complete,appartement,Casablanca,114.0,14500000.0,127192.98,2.0,2.0,Appartement à vendre ain borja,14 500 000 DH,
mubawab.ma:content:a656e6de6312bca6a6c87f52,uncertain,price_per_m2_above_reference_p99,git_head_complete,appartement,Tanger,96.0,5000000.0,52083.33,2.0,3.0,Vente Appartement 96 m² PLAYA Tanger Ref: VZ414,5 000 000 DH,
mubawab.ma:content:a6ab2631a36e90ed79810f69,uncertain,surface_extreme,git_head_complete,appartement,Casablanca,704.0,7800000.0,11079.55,7.0,7.0,"Appartement à Vendre de 704.0 m² à Casablanca, Hopitaux",7 800 000 DH,
mubawab.ma:content:a7469b23b26ba3f4ebd3d4df,valid_extreme,price_per_m2_above_reference_p99,git_head_complete,unknown,Marrakech,60.0,3390000.0,56500.0,1.0,1.0,"Pied à terre de Luxe à l'Hivernage, Marrakech",3 390 000 DH,
mubawab.ma:content:a83fa4d9e382ea986d1e9f65,uncertain,surface_extreme,git_head_complete,appartement,Agadir,600.0,8900000.0,14833.33,6.0,4.0,Appartement à vendre à Iligh. 6 chambres. Zones vertes et as...,8 900 000 DH,
mubawab.ma:content:aebd09f2d0ff20b97235002f,uncertain,price_per_m2_above_reference_p99,git_head_complete,appartement,Tanger,85.0,3500000.0,41176.47,2.0,2.0,À VENDRE – Appartement Meublé Vue Mer,3 500 000 DH,
mubawab.ma:content:b225930f8e92f962481ade44,valid_extreme,bedrooms_above_8,git_head_complete,immeuble,Oujda,160.0,1959000.0,12243.75,9.0,4.0,Vente immeuble R plus 2 2 façade,1 959 000 DH,
mubawab.ma:content:b3877a25ff8f391e14ea64c4,uncertain,price_per_m2_above_reference_p99,git_head_complete,appartement,Tanger,100.0,4800000.0,48000.0,2.0,1.0,Marina bay appartement,4 800 000 DH,
mubawab.ma:content:b7258a32b3c76cd5deb6a639,uncertain,price_per_m2_above_reference_p99,git_head_complete,appartement,Marrakech,58.0,6000000.0,103448.28,2.0,1.0,Appartement en vente à Azli. 3 grandes pièces. Bien meublé,6 000 000 DH,
mubawab.ma:content:bb0ebfa0c818de6821cdb304,uncertain,price_per_m2_above_reference_p99,git_head_complete,appartement,Agadir,110.0,4900000.0,44545.45,2.0,2.0,A vendre appartement à Marina agadir Vu Mer,4 900 000 DH,
mubawab.ma:content:bd1dcd1bd0ef12e145ddd5cc,uncertain,price_per_m2_above_reference_p99,git_head_complete,appartement,Casablanca,78.0,7900000.0,101282.05,2.0,2.0,Appartement à l'achat à Oulfa. 2 grandes pièces. Places de p...,7 900 000 DH,
mubawab.ma:content:bee24d40a1a1ca87f06f5e17,uncertain,price_above_p99|price_per_m2_above_reference_p99,git_head_complete,appartement,Casablanca,120.0,12000000.0,100000.0,3.0,2.0,Appartement à vendre à Bourgogne Ouest. 6 pièces confortabl...,12 000 000 DH,
mubawab.ma:content:bfa93374c19572bf60836c23,uncertain,surface_extreme,git_head_complete,unknown,Marrakech,650.0,7625000.0,11730.77,4.0,5.0,Un coup de coeur ou rien,7 625 000 DH,
mubawab.ma:content:c3e73e70a266761014102cc5,valid_extreme,price_per_m2_above_reference_p99,git_head_complete,appartement,Rabat,180.0,7600000.0,42222.22,3.0,3.0,Appartement haut standing A vendre,7 600 000 DH,
mubawab.ma:content:c58781039e291f3a4adea874,uncertain,price_above_p99,git_head_complete,appartement,Casablanca,350.0,11000000.0,31428.57,3.0,3.0,"Vente Appartement d'exception 350m2 3chambres Ain Diab, Casa...",11 000 000 DH,
mubawab.ma:content:c6d4600c0002b991329a95d7,uncertain,price_per_m2_above_reference_p99,git_head_complete,appartement,Salé,123.0,5500000.0,44715.45,2.0,2.0,Vente d'un bel appartement signé Fairmont,5 500 000 DH,
mubawab.ma:content:c759c13b836919ac5b150a3f,uncertain,bedrooms_above_8,git_head_complete,appartement,Salé,81.0,1400000.0,17283.95,9.0,4.0,"Appartement à Vendre de 81.0 m² à Salé, Cherkaoui Marzouka",1 400 000 DH,
mubawab.ma:content:cb0b335f12bffaeded12db94,uncertain,price_per_m2_above_reference_p99,git_head_complete,appartement,Tanger,87.0,3500000.0,40229.89,2.0,2.0,Bel appartement à vendre à city center tanger tous neuf meu...,3 500 000 DH,
mubawab.ma:content:cf5c8bf4189921756fa4fac6,uncertain,surface_extreme,git_head_complete,unknown,Casablanca,700.0,7500000.0,10714.29,6.0,4.0,Rooftop à l'achat à Gauthier. 6 belles chambres. Meublé,7 500 000 DH,
mubawab.ma:content:d0038bcbc3b95228c9555091,uncertain,price_per_m2_above_reference_p99,git_head_complete,appartement,Tanger,60.0,5000000.0,83333.33,2.0,1.0,Appartement a vendre Tanja Balya Tanger,5 000 000 DH,
mubawab.ma:content:d09a8c124564aa2cb192d4dc,valid_extreme,price_above_p99,git_head_complete,unknown,Rabat,300.0,11000000.0,36666.67,4.0,4.0,Penthouse F4 rénové récemment à vendre à l’Orangeraie Souiss...,11 000 000 DH,
mubawab.ma:content:d64f966e85b2b50553919275,valid_extreme,surface_extreme|price_above_p99|bedrooms_above_8|bathrooms_above_8,git_head_complete,immeuble,Casablanca,851.0,20000000.0,23501.76,17.0,15.0,Immeuble de rapport entierement renove a vendre –mers sultan...,20 000 000 DH,
mubawab.ma:content:d661a418062644fbc504e850,valid_extreme,price_per_m2_above_reference_p99,git_head_complete,immeuble,Tanger,100.0,5460000.0,54600.0,7.0,5.0,Immeuble de standing avec piscine,5 460 000 DH,
mubawab.ma:content:d793d8c30fe5a84e332a6b5c,uncertain,surface_extreme,git_head_complete,appartement,Casablanca,559.0,6950000.0,12432.92,4.0,3.0,Grand appartement Racine Extension,6 950 000 DH,
mubawab.ma:content:d7e2d8ff7a5288f95af849de,uncertain,price_above_p99|price_per_m2_above_reference_p99,git_head_complete,appartement,Kénitra,130.0,12000000.0,92307.69,4.0,2.0,Appartement à vendre,12 000 000 DH,
mubawab.ma:content:d9456aea1dce411199dbd9e0,valid_extreme,price_per_m2_above_reference_p99,git_head_complete,unknown,Tanger,75.0,4000000.0,53333.33,2.0,2.0,Penthouse 360 au cœur d’Iberia,4 000 000 DH,
mubawab.ma:content:ddbbe58d5bc6c3c0560515ca,uncertain,price_per_m2_above_reference_p99,git_head_complete,appartement,Agadir,93.0,9100000.0,97849.46,3.0,2.0,Appart agadir,9 100 000 DH,
mubawab.ma:content:df4d4632bd9328f4cc84f839,uncertain,price_per_m2_above_reference_p99,git_head_complete,appartement,Casablanca,55.0,3500000.0,63636.36,2.0,1.0,Appartement a vendre,3 500 000 DH,
mubawab.ma:content:e0b86226f444aeafafd44d29,uncertain,price_per_m2_above_reference_p99,git_head_complete,unknown,Casablanca,14.0,680000.0,48571.43,1.0,1.0,Snack équipe avandre,680 000 DH,
mubawab.ma:content:e1f39f77f9b839c51b28ec96,uncertain,surface_extreme,git_head_complete,unknown,Salé,507.0,3600000.0,7100.59,7.0,4.0,Affaire investissement locatif sale bettana,3 600 000 DH,
mubawab.ma:content:e3a7e669d02a8f794d35fccf,uncertain,price_per_m2_above_reference_p99,git_head_complete,appartement,Tanger,124.0,6510000.0,52500.0,3.0,2.0,Appartement 124 m² – Élégance & Vue Mer à Malabata Hills,6 510 000 DH,
mubawab.ma:content:e449a5be630b664db33db670,uncertain,surface_extreme,git_head_complete,appartement,Rabat,990.0,10000000.0,10101.01,7.0,8.0,"Appartement à Vendre de 990.0 m² à Rabat, Haut Agdal",10 000 000 DH,
mubawab.ma:content:e4bdb210e622850645fd3209,uncertain,price_per_m2_above_reference_p99,git_head_complete,appartement,Salé,82.0,8700000.0,106097.56,3.0,2.0,Appartement en vente à Andalouss. 3 belles chambres. Résid...,8 700 000 DH,
mubawab.ma:content:e8ee7b6ccff4298c21108928,uncertain,price_per_m2_above_reference_p99,git_head_complete,appartement,Fès,116.0,6000000.0,51724.14,2.0,2.0,Appartement à vendre à Route ain Chkaf. 2 chambres agréable...,6 000 000 DH,
mubawab.ma:content:e9907a76b75d32a1604ed2ca,uncertain,price_per_m2_above_reference_p99,git_head_complete,appartement,Casablanca,90.0,10000000.0,111111.11,2.0,2.0,Vend appartement à Bernoussi. 1 Pièce. Meublé,10 000 000 DH,
mubawab.ma:content:ea6caef6ab84516d775345a8,uncertain,price_per_m2_above_reference_p99,git_head_complete,appartement,Casablanca,150.0,6300000.0,42000.0,2.0,3.0,Appartement d’exception à la vente – Casablanca Marina,6 300 000 DH,
mubawab.ma:content:ebd7e046295ef28f1fa2b8d0,uncertain,price_above_p99|price_per_m2_above_reference_p99,git_head_complete,appartement,Agadir,104.0,12000000.0,115384.62,2.0,2.0,Appartement meublé a vendre à hay houda,12 000 000 DH,
mubawab.ma:content:ec6804ce13e240c112f61912,uncertain,price_above_p99|price_per_m2_above_reference_p99,git_head_complete,unknown,Fès,280.0,34000000.0,121428.57,1.0,2.0,Ma ville Fès dans le quartier Wadi Fès,34 000 000 DH,
mubawab.ma:content:eebdca8dd8fb802a7ef23e1a,uncertain,price_per_m2_above_reference_p99,git_head_complete,appartement,Casablanca,92.0,9200000.0,100000.0,2.0,1.0,Vente d'un bel appartement à Derb Ben Houmane. Superficie 9...,9 200 000 DH,
mubawab.ma:content:f22c6d808b4f52d15edc4616,uncertain,surface_extreme,git_head_complete,appartement,Casablanca,538.0,6300000.0,11710.04,5.0,2.0,Vente Appartement à racine,6 300 000 DH,
mubawab.ma:content:f474fe12fd64fbb1624456d8,valid_extreme,price_per_m2_above_reference_p99,git_head_complete,riad,Marrakech,93.0,5900000.0,63440.86,4.0,4.0,Riad Élégant Titré au Cœur de la Kasbah,5 900 000 DH,
mubawab.ma:content:f9f39e54b05cc116dd9c2c04,uncertain,price_per_m2_above_reference_p99,git_head_complete,appartement,Casablanca,54.0,2450000.0,45370.37,3.0,3.0,Vente d'un bel appartement à Maârif Extension. Surface de 54...,2 450 000 DH,
mubawab.ma:content:fbd263350a24fe3906baa065,uncertain,price_per_m2_above_reference_p99,git_head_complete,appartement,Marrakech,130.0,5300000.0,40769.23,2.0,2.0,"Appartement à Hivernage, piscine jardin, Marrakech: à vendr...",5 300 000 DH,
mubawab.ma:content:fcdf0f4b21ad1e906c7150d4,uncertain,price_per_m2_above_reference_p99,git_head_complete,appartement,Agadir,75.0,8000000.0,106666.67,2.0,2.0,Bel appartement à vendre à Hay Salam. 2 belles chambres. T...,8 000 000 DH,
mubawab.ma:content:fd9f688c40ffa682931e47ad,valid_extreme,price_per_m2_above_reference_p99,git_head_complete,studio,Tanger,66.0,3000000.0,45454.55,1.0,1.0,"Luxueux studios très confortable, plein centre",3 000 000 DH,
mubawab.ma:content:ffb531eff6f57923ca522ccc,uncertain,price_per_m2_above_reference_p99,git_head_complete,appartement,Tanger,100.0,4600000.0,46000.0,2.0,2.0,Luxury Seaview Apartment at Tangier Marina,4 600 000 DH,
mubawab.ma:url:054d4b079cd5c7fe504c4f9a,probable_error,price_per_m2_above_reference_p99|suspicious_batch_high_price_per_m2,recovery_misplaced_notebook,appartement,Essaouira,52.0,7447000.0,143211.54,2.0,,,,https://www.mubawab.ma/fr/pa/8256241/bel-appartement-%C3%A0-vendre-%C3%A0-ghazoua-surface-totale-52-m%C2%B2
mubawab.ma:url:06d08ead36e6f3c1ee541738,uncertain,price_per_m2_above_reference_p99,recovery_misplaced_notebook,appartement,Marrakech,56.0,4100000.0,73214.29,3.0,,,,https://www.mubawab.ma/fr/pa/8228519/appartement-en-vente-%C3%A0-hivernage-superficie-56-m%C2%B2
mubawab.ma:url:8c61461222591380f2f4d43f,probable_error,price_per_m2_above_reference_p99|suspicious_batch_high_price_per_m2,recovery_misplaced_notebook,appartement,Essaouira,58.0,7525000.0,129741.38,2.0,,,,https://www.mubawab.ma/fr/pa/8256240/appartement-%C3%A0-l-achat-%C3%A0-ghazoua-surface-totale-58-m%C2%B2
mubawab.ma:url:a67b2b19ac86e4e16064fdf6,probable_error,price_per_m2_above_reference_p99|suspicious_batch_high_price_per_m2,recovery_misplaced_notebook,appartement,Essaouira,55.0,7495000.0,136272.73,2.0,,,,https://www.mubawab.ma/fr/pa/8256243/vente-d-un-bel-appartement-%C3%A0-ghazoua-surface-totale-55-m%C2%B2
mubawab.ma:url:b9342365255f426fd248b85f,uncertain,price_per_m2_above_reference_p99,recovery_misplaced_notebook,appartement,Essaouira,58.0,2525000.0,43534.48,2.0,,,,https://www.mubawab.ma/fr/pa/8256227/vente-d-un-bel-appartement-%C3%A0-ghazoua-surface-de-58-m%C2%B2
mubawab.ma:content:8ab61b798c2f40dd6c3416eb,valid_extreme,price_above_p99|price_per_m2_above_reference_p99,git_head_complete,appartement,Marrakech,232.0,14850000.0,64008.62,3.0,,Unique Appartement de très haut standing,14 850 000 DH,
mubawab.ma:content:95e8b41dc59b9c688965a590,uncertain,price_above_p99|price_per_m2_above_reference_p99,git_head_complete,appartement,Marrakech,165.0,11000000.0,66666.67,2.0,,Magnifique appartement situé dans une résidence sécurisée su...,11 000 000 DH,
