listing_id,source,source_listing_id,city,neighborhood,region,latitude,longitude,surface_m2,bedrooms,bathrooms,furnished_status,parking,balcony,sea_view,price_mad,price_per_m2,property_type,transaction_type,publication_date,publication_date_status,scraped_at,url,validation_status,validation_reasons,deduplication_status,duplicate_of,title_raw,price_raw,location_raw,details_raw,source_record_path
mubawab.ma:native:8367900,mubawab.ma,8367900,Marrakech,Guéliz,Marrakech-Safi,,,95.0,2.0,2.0,furnished,yes,yes,unknown,2000000.0,21052.63,appartement,sale,,unknown,Wed Sep 02 2026 17:39:57 GMT+0100 (UTC+01:00),https://www.mubawab.ma/fr/a/8367900/superbe-appartement-%C3%A0-vendre-%C3%A0-gu%C3%A9liz-surface-de-95-m%C2%B2-ascenseur,valid,,unique,,,,,,data\external\recovery_archive\20260902T224619Z\misplaced_notebook_data\data\raw\maisondelux_raw.csv
mubawab.ma:content:ac5610ee04b03b29f94e8e1e,mubawab.ma,,Casablanca,Hay Al Fadl,Casablanca-Settat,,,116.0,3.0,2.0,unknown,unknown,unknown,unknown,1200000.0,10344.83,appartement,sale,,unknown,Fri Aug 14 2026 16:31:10 GMT+0100 (UTC+01:00),,valid,,unique,,"Appartement à vendre 116 m², 3 chambres Hay Al Fadl Casablan...",1 200 000 DH,"Hay Al Fadl, Casablanca",116 m² 3 Chambres 2 Salles de bains,git:HEAD:data/raw/maisonlux_maroc_complet.csv
mubawab.ma:content:05179c7fa05a64b8e3438a06,mubawab.ma,,Casablanca,Gauthier,Casablanca-Settat,,,217.0,3.0,3.0,unknown,unknown,unknown,unknown,3500000.0,16129.03,appartement,sale,,unknown,Fri Aug 14 2026 16:31:10 GMT+0100 (UTC+01:00),,valid,,unique,,"Appartement à Vendre de 217.0 m² à Casablanca, Gauthier",3 500 000 DH,"Gauthier, Casablanca",217 m² 5 Pièces 3 Chambres 3 Salles de bains,git:HEAD:data/raw/maisonlux_maroc_complet.csv
mubawab.ma:content:8810f6d50c6a91ca4e72ef1d,mubawab.ma,,Rabat,Haut Agdal,Rabat-Salé-Kenitra,,,226.0,3.0,2.0,unknown,unknown,unknown,unknown,6450000.0,28539.82,appartement,sale,,unknown,Fri Aug 14 2026 16:31:10 GMT+0100 (UTC+01:00),,valid,,unique,,Vente appartement à Rabat Haut Agdal,6 450 000 DH,"Haut Agdal, Rabat",226 m² 5 Pièces 3 Chambres 2 Salles de bains,git:HEAD:data/raw/maisonlux_maroc_complet.csv
mubawab.ma:content:ec9f70e66e65edf869e0b529,mubawab.ma,,Tanger,Marjane,Tangier-Tetouan-Al Hoceima,,,83.0,2.0,2.0,unknown,unknown,unknown,unknown,1450000.0,17469.88,appartement,sale,,unknown,Fri Aug 14 2026 16:31:10 GMT+0100 (UTC+01:00),,valid,,unique,,Opportunité unique – Route rabat Tanger,1 450 000 DH,"Marjane, Tanger",83 m² 3 Pièces 2 Chambres 2 Salles de bains,git:HEAD:data/raw/maisonlux_maroc_complet.csv
mubawab.ma:content:c3f4c4a445bbc31cbb7b3620,mubawab.ma,,Casablanca,Al Madina Aljadida,Casablanca-Settat,,,44.0,1.0,1.0,unknown,unknown,unknown,unknown,900000.0,20454.55,appartement,sale,,unknown,Fri Aug 14 2026 16:31:10 GMT+0100 (UTC+01:00),,valid,,unique,,Vente Appartement à Zenata,900 000 DH,"Al Madina Aljadida, Casablanca",44 m² 2 Pièces 1 Ch. 1 Salle de bain,git:HEAD:data/raw/maisonlux_maroc_complet.csv
mubawab.ma:content:c0981695a87296088a91e426,mubawab.ma,,Casablanca,Ain Diab Extension,Casablanca-Settat,,,223.0,3.0,2.0,unknown,unknown,unknown,unknown,3110000.0,13946.19,appartement,sale,,unknown,Fri Aug 14 2026 16:31:10 GMT+0100 (UTC+01:00),,valid,,unique,,Vente d'un bel appartement à Ain Diab Extension. 3 pièces co...,3 110 000 DH,"Ain Diab Extension, Casablanca",223 m² 4 Pièces 3 Chambres 2 Salles de bains,git:HEAD:data/raw/maisonlux_maroc_complet.csv
mubawab.ma:content:27e99a7b0384e4b3f776ac9c,mubawab.ma,,Casablanca,Racine,Casablanca-Settat,,,115.0,2.0,2.0,unknown,unknown,unknown,unknown,2700000.0,23478.26,appartement,sale,,unknown,Fri Aug 14 2026 16:31:10 GMT+0100 (UTC+01:00),,valid,,unique,,Appartement en vente sur racine,2 700 000 DH,"Racine, Casablanca",115 m² 3 Pièces 2 Chambres 2 Salles de bains,git:HEAD:data/raw/maisonlux_maroc_complet.csv
mubawab.ma:content:31fef9ca973df5d4db10e365,mubawab.ma,,Casablanca,Racine,Casablanca-Settat,,,175.0,3.0,2.0,unknown,unknown,unknown,unknown,3300000.0,18857.14,appartement,sale,,unknown,Fri Aug 14 2026 16:31:10 GMT+0100 (UTC+01:00),,valid,,unique,,Appartement a vendre Racine,3 300 000 DH,"Racine, Casablanca",175 m² 5 Pièces 3 Chambres 2 Salles de bains,git:HEAD:data/raw/maisonlux_maroc_complet.csv
mubawab.ma:content:07c08b53f24d988a52118a86,mubawab.ma,,Berrechid,Berrechid,Casablanca-Settat,,,121.0,3.0,2.0,unknown,unknown,unknown,unknown,720000.0,5950.41,appartement,sale,,unknown,Fri Aug 14 2026 16:31:10 GMT+0100 (UTC+01:00),,valid,,unique,,Vente appartement Nassr Allah Berrechid,720 000 DH,"Berrechid, Berrechid",121 m² 4 Pièces 3 Chambres 2 Salles de bains,git:HEAD:data/raw/maisonlux_maroc_complet.csv
mubawab.ma:content:442f67c45d66a2b0734bad5c,mubawab.ma,,Casablanca,La Vilette,Casablanca-Settat,,,138.0,2.0,1.0,unknown,unknown,unknown,unknown,920000.0,6666.67,appartement,sale,,unknown,Fri Aug 14 2026 16:31:10 GMT+0100 (UTC+01:00),,valid,,unique,,Appartement à vendre ibn tachfine,920 000 DH,"La Vilette, Casablanca",138 m² 4 Pièces 2 Chambres 1 Salle de bain,git:HEAD:data/raw/maisonlux_maroc_complet.csv
mubawab.ma:content:0c8d523d0e7dfe11a4a893e7,mubawab.ma,,Casablanca,Val Fleury,Casablanca-Settat,,,175.0,4.0,3.0,unknown,unknown,unknown,unknown,2550000.0,14571.43,appartement,sale,,unknown,Fri Aug 14 2026 16:31:10 GMT+0100 (UTC+01:00),,valid,,unique,,Appartement à vendre – 175 m²à val fleuri,2 550 000 DH,"Val Fleury, Casablanca",175 m² 5 Pièces 4 Chambres 3 Salles de bains,git:HEAD:data/raw/maisonlux_maroc_complet.csv
mubawab.ma:content:1190652086fa772588eb811d,mubawab.ma,,Tanger,Msala,Tangier-Tetouan-Al Hoceima,,,149.0,3.0,2.0,unknown,unknown,unknown,unknown,2590000.0,17382.55,appartement,sale,,unknown,Fri Aug 14 2026 16:31:10 GMT+0100 (UTC+01:00),,valid,,unique,,Appartment haut standing a Vendre Rue Fes Tanger,2 590 000 DH,"Msala, Tanger",149 m² 2 Pièces 3 Chambres 2 Salles de bains,git:HEAD:data/raw/maisonlux_maroc_complet.csv
mubawab.ma:content:d2847085ca064c3dd5422689,mubawab.ma,,Marrakech,Ennakhil (Palmeraie),Marrakech-Safi,,,133.0,2.0,2.0,furnished,unknown,unknown,unknown,2050000.0,15413.53,appartement,sale,,unknown,Fri Aug 14 2026 16:31:10 GMT+0100 (UTC+01:00),,valid,,unique,,Appartement semi meuble avec belle terrasse,2 050 000 DH,"Ennakhil (Palmeraie), Marrakech",133 m² 3 Pièces 2 Chambres 2 Salles de bains,git:HEAD:data/raw/maisonlux_maroc_complet.csv
mubawab.ma:content:c4ab47ce4bedee9891b5484e,mubawab.ma,,Marrakech,Guéliz,Marrakech-Safi,,,100.0,3.0,2.0,unknown,unknown,unknown,unknown,1900000.0,19000.0,appartement,sale,,unknown,Fri Aug 14 2026 16:31:10 GMT+0100 (UTC+01:00),,valid,,unique,,Appartement à Gueliz juste à côté de la gare,1 900 000 DH,"Guéliz, Marrakech",100 m² 5 Pièces 3 Chambres 2 Salles de bains,git:HEAD:data/raw/maisonlux_maroc_complet.csv
mubawab.ma:content:907b3af4cb90d8bf42fc946e,mubawab.ma,,Marrakech,Les Portes de Marrakech,Marrakech-Safi,,,90.0,4.0,1.0,unknown,unknown,unknown,unknown,700000.0,7777.78,appartement,sale,,unknown,Fri Aug 14 2026 16:31:10 GMT+0100 (UTC+01:00),,valid,,unique,,Appartement,700 000 DH,"Les Portes de Marrakech, Marrakech",90 m² 4 Pièces 4 Chambres 1 Salle de bain,git:HEAD:data/raw/maisonlux_maroc_complet.csv
mubawab.ma:content:d79fa1bd2903b78fb24616bd,mubawab.ma,,Marrakech,Guéliz,Marrakech-Safi,,,74.0,3.0,1.0,unknown,unknown,unknown,unknown,1400000.0,18918.92,appartement,sale,,unknown,Fri Aug 14 2026 16:31:10 GMT+0100 (UTC+01:00),,valid,,unique,,Opportunité D'un Bel Appartement En Plein Gueliz,1 400 000 DH,"Guéliz, Marrakech",74 m² 4 Pièces 3 Chambres 1 Salle de bain,git:HEAD:data/raw/maisonlux_maroc_complet.csv
mubawab.ma:native:8386956,mubawab.ma,8386956,Casablanca,Gauthier,Casablanca-Settat,,,223.0,3.0,2.0,unknown,yes,unknown,unknown,4050000.0,18161.43,appartement,sale,,unknown,Wed Sep 02 2026 07:11:55 GMT+0100 (UTC+01:00),https://www.mubawab.ma/fr/a/8386956/appartement-%C3%A0-vendre-223-m%C2%B2-3-chambres-gauthier-casablanca,valid,,unique,,,,,,data\external\recovery_archive\20260902T224619Z\misplaced_notebook_data\data\raw\maisondelux_raw.csv
mubawab.ma:native:8304159,mubawab.ma,8304159,Casablanca,Ain Diab,Casablanca-Settat,,,203.0,3.0,3.0,unknown,yes,yes,yes,5500000.0,27093.6,appartement,sale,,unknown,Wed Sep 02 2026 11:59:28 GMT+0100 (UTC+01:00),https://www.mubawab.ma/fr/a/8304159/appartement-ain-diab,valid,,unique,,,,,,data\external\recovery_archive\20260902T224619Z\misplaced_notebook_data\data\raw\maisondelux_raw.csv
mubawab.ma:native:8385857,mubawab.ma,8385857,Marrakech,le quartier exclusif de M Avenue à,Marrakech-Safi,,,110.0,4.0,1.0,furnished,yes,yes,unknown,6200000.0,56363.64,appartement,sale,,unknown,Wed Sep 02 2026 22:06:51 GMT+0100 (UTC+01:00),https://www.mubawab.ma/fr/a/8385857/luxe-appartement-d-une-chambre-%C3%A0-m-avenue,valid,,unique,,,,,,data\external\recovery_archive\20260902T224619Z\misplaced_notebook_data\data\raw\maisondelux_raw.csv
mubawab.ma:content:b61cb76b584789decf7402c9,mubawab.ma,,Tanger,Moujahidine,Tangier-Tetouan-Al Hoceima,,,86.0,2.0,1.0,unknown,unknown,unknown,unknown,1000000.0,11627.91,appartement,sale,,unknown,Fri Aug 14 2026 16:31:10 GMT+0100 (UTC+01:00),,valid,,unique,,"Appartement à vendre 86 m², 2 chambres Moujahidine Tanger",1 000 000 DH,"Moujahidine, Tanger",86 m² 2 Chambres 1 Salle de bain,git:HEAD:data/raw/maisonlux_maroc_complet.csv
mubawab.ma:content:c988b25884d2cd50abfa2e45,mubawab.ma,,Casablanca,Californie,Casablanca-Settat,,,143.0,2.0,2.0,unknown,unknown,unknown,unknown,1750000.0,12237.76,appartement,sale,,unknown,Fri Aug 14 2026 16:31:10 GMT+0100 (UTC+01:00),,valid,,unique,,"Appartement à Vendre de 143.0 m² à Casablanca, Californie",1 750 000 DH,"Californie, Casablanca",143 m² 4 Pièces 2 Chambres 2 Salles de bains,git:HEAD:data/raw/maisonlux_maroc_complet.csv
mubawab.ma:native:8406444,mubawab.ma,8406444,Tanger,Malabata,Tangier-Tetouan-Al Hoceima,,,114.0,3.0,2.0,unknown,yes,yes,unknown,2970000.0,26052.63,appartement,sale,,unknown,Tue Sep 01 2026 23:24:03 GMT+0100 (UTC+01:00),https://www.mubawab.ma/fr/a/8406444/appartement-neuf-114-m%C2%B2-3-chambres-malabata-tgv,valid,,unique,,,,,,data\external\recovery_archive\20260902T224619Z\misplaced_notebook_data\data\raw\maisondelux_raw.csv
mubawab.ma:content:26679f4539327f466064391d,mubawab.ma,,Tanger,Azib Haj Kaddour,Tangier-Tetouan-Al Hoceima,,,97.0,3.0,2.0,unknown,unknown,unknown,unknown,1940000.0,20000.0,appartement,sale,,unknown,Fri Aug 14 2026 16:31:10 GMT+0100 (UTC+01:00),,valid,,unique,,Appartement ensoleillé belle façade,1 940 000 DH,"Azib Haj Kaddour, Tanger",97 m² 4 Pièces 3 Chambres 2 Salles de bains,git:HEAD:data/raw/maisonlux_maroc_complet.csv
mubawab.ma:native:8405404,mubawab.ma,8405404,Marrakech,l’exploitation dès le premier jour,Marrakech-Safi,,,63.0,2.0,1.0,furnished,yes,yes,unknown,1790000.0,28412.7,appartement,sale,,unknown,Wed Sep 02 2026 17:30:58 GMT+0100 (UTC+01:00),https://www.mubawab.ma/fr/a/8405404/projet-d%E2%80%99investissement-%E2%80%93-appartement-de-luxe-pr%C3%AAt-%C3%A0-l%E2%80%99exploitation-d%C3%A8s-le-premier-jour-marrakech-%E2%80%93-hivernage-gu%C3%A9liz,valid,,unique,,,,,,data\external\recovery_archive\20260902T224619Z\misplaced_notebook_data\data\raw\maisondelux_raw.csv
mubawab.ma:content:366fd248f688156b2d10209c,mubawab.ma,,Casablanca,Le Domaine D'Anfa,Casablanca-Settat,,,115.0,2.0,2.0,unknown,unknown,unknown,unknown,2950000.0,25652.17,appartement,sale,,unknown,Fri Aug 14 2026 16:31:10 GMT+0100 (UTC+01:00),,valid,,unique,,Vend appartement à Le Domaine D'Anfa. Surface totale 115 m²...,2 950 000 DH,"Le Domaine D'Anfa, Casablanca",115 m² 3 Pièces 2 Chambres 2 Salles de bains,git:HEAD:data/raw/maisonlux_maroc_complet.csv
mubawab.ma:content:b0e0b1a5201ad84195517079,mubawab.ma,,Casablanca,Hay Hassani,Casablanca-Settat,,,101.0,2.0,2.0,unknown,unknown,unknown,unknown,1310000.0,12970.3,appartement,sale,,unknown,Fri Aug 14 2026 16:31:10 GMT+0100 (UTC+01:00),,valid,,unique,,Appartement neuf quartier Hay Hassani,1 310 000 DH,"Hay Hassani, Casablanca",101 m² 3 Pièces 2 Chambres 2 Salles de bains,git:HEAD:data/raw/maisonlux_maroc_complet.csv
mubawab.ma:content:76ab7f1a0220db81ed525e69,mubawab.ma,,Fès,Nouvelle Ville,Fez-Meknes,,,125.0,3.0,2.0,unknown,unknown,unknown,unknown,1250000.0,10000.0,appartement,sale,,unknown,Fri Aug 14 2026 16:31:10 GMT+0100 (UTC+01:00),,valid,,unique,,"Appartement à vendre 125 m², 3 chambres Nouvelle Ville Fès",1 250 000 DH,"Nouvelle Ville, Fès",125 m² 3 Chambres 2 Salles de bains,git:HEAD:data/raw/maisonlux_maroc_complet.csv
mubawab.ma:content:96943680e93febed770fb03d,mubawab.ma,,Marrakech,Ouasis,Marrakech-Safi,,,55.0,2.0,1.0,unknown,unknown,unknown,unknown,780000.0,14181.82,appartement,sale,,unknown,Fri Aug 14 2026 16:31:10 GMT+0100 (UTC+01:00),,valid,,unique,,Appartement 55 m² Proche McDonald's,780 000 DH,"Ouasis, Marrakech",55 m² 5 Pièces 2 Chambres 1 Salle de bain,git:HEAD:data/raw/maisonlux_maroc_complet.csv
mubawab.ma:url:8a6d3bf1812481ae7424fde9,mubawab.ma,,Casablanca,Californie,Casablanca-Settat,,,117.0,3.0,2.0,unknown,yes,yes,unknown,2000000.0,17094.02,appartement,sale,,unknown,Wed Sep 02 2026 02:59:13 GMT+0100 (UTC+01:00),https://www.mubawab.ma/fr/pa/8139011/superbe-appartement-%C3%A0-vendre-%C3%A0-californie-3-chambres-agr%C3%A9ables,valid,,unique,,,,,,data\external\recovery_archive\20260902T224619Z\misplaced_notebook_data\data\raw\maisondelux_raw.csv
mubawab.ma:url:eac104877be95198eb0d718d,mubawab.ma,,Casablanca,l'achat à,Casablanca-Settat,,,100.0,2.0,2.0,unknown,yes,yes,unknown,1712500.0,17125.0,appartement,sale,,unknown,Wed Sep 02 2026 02:56:11 GMT+0100 (UTC+01:00),https://www.mubawab.ma/fr/pa/8139009/appartement-%C3%A0-l-achat-%C3%A0-californie-2-chambres-agr%C3%A9ables,valid,,unique,,,,,,data\external\recovery_archive\20260902T224619Z\misplaced_notebook_data\data\raw\maisondelux_raw.csv
mubawab.ma:content:79c755cb2cc53c70a0c6c90f,mubawab.ma,,Casablanca,Sidi Maarouf,Casablanca-Settat,,,88.0,1.0,1.0,unknown,unknown,unknown,unknown,1300000.0,14772.73,appartement,sale,,unknown,Fri Aug 14 2026 16:31:10 GMT+0100 (UTC+01:00),,valid,,unique,,Très belle appartement avec jardin,1 300 000 DH,"Sidi Maarouf, Casablanca",88 m² 1 Pièce 1 Ch. 1 Salle de bain,git:HEAD:data/raw/maisonlux_maroc_complet.csv
mubawab.ma:native:8390542,mubawab.ma,8390542,Marrakech,Guéliz,Marrakech-Safi,,,61.0,2.0,1.0,furnished,yes,unknown,unknown,2612500.0,42827.87,appartement,sale,,unknown,Wed Sep 02 2026 22:02:09 GMT+0100 (UTC+01:00),https://www.mubawab.ma/fr/a/8390542/superbe-f3-meubl%C3%A9-proche-gueliz-avec-piscine,valid,,unique,,,,,,data\external\recovery_archive\20260902T224619Z\misplaced_notebook_data\data\raw\maisondelux_raw.csv
mubawab.ma:content:2c3542fda1519913fa1800b4,mubawab.ma,,Rabat,Souissi,Rabat-Salé-Kenitra,,,170.0,3.0,3.0,unknown,unknown,unknown,unknown,3500000.0,20588.24,appartement,sale,,unknown,Fri Aug 14 2026 16:31:10 GMT+0100 (UTC+01:00),,valid,,unique,,Appartement à vendre quartier Al Manzah prolongement souissi,3 500 000 DH,"Souissi, Rabat",170 m² 5 Pièces 3 Chambres 3 Salles de bains,git:HEAD:data/raw/maisonlux_maroc_complet.csv
mubawab.ma:native:8251873,mubawab.ma,8251873,Casablanca,La Gironde,Casablanca-Settat,,,110.0,2.0,2.0,unknown,yes,unknown,unknown,1580000.0,14363.64,appartement,sale,,unknown,Wed Sep 02 2026 12:33:26 GMT+0100 (UTC+01:00),https://www.mubawab.ma/fr/a/8251873/appartement-%C3%A0-vendre-de-110-0-m%C2%B2-%C3%A0-casablanca-la-gironde,valid,,unique,,,,,,data\external\recovery_archive\20260902T224619Z\misplaced_notebook_data\data\raw\maisondelux_raw.csv
mubawab.ma:content:41de96f0c083124a32ba1dec,mubawab.ma,,Casablanca,2 Mars,Casablanca-Settat,,,123.0,3.0,2.0,unknown,unknown,unknown,unknown,1770000.0,14390.24,appartement,sale,,unknown,Fri Aug 14 2026 16:31:10 GMT+0100 (UTC+01:00),,valid,,unique,,"Appartement à vendre 123 m², 3 chambres 2 Mars Casablanca",1 770 000 DH,Casablanca,123 m² 3 Chambres 2 Salles de bains,git:HEAD:data/raw/maisonlux_maroc_complet.csv
mubawab.ma:content:b2b3f4fccf3bbea0b4cbd2d5,mubawab.ma,,Tanger,De La Plage,Tangier-Tetouan-Al Hoceima,,,90.0,2.0,2.0,unknown,unknown,unknown,unknown,2295000.0,25500.0,appartement,sale,,unknown,Fri Aug 14 2026 16:31:10 GMT+0100 (UTC+01:00),,valid,,unique,,Appartement de 90m en vente en face de la plage Ma,2 295 000 DH,"De La Plage, Tanger",90 m² 3 Pièces 2 Chambres 2 Salles de bains,git:HEAD:data/raw/maisonlux_maroc_complet.csv
mubawab.ma:content:c8960cae93a1ae4de6467f11,mubawab.ma,,Casablanca,Sidi Othmane,Casablanca-Settat,,,80.0,1.0,2.0,unknown,unknown,unknown,unknown,1480000.0,18500.0,appartement,sale,,unknown,Fri Aug 14 2026 16:31:10 GMT+0100 (UTC+01:00),,valid,,unique,,"Apt 80 m² rénové, 2ème etg— Vue panoramic parc",1 480 000 DH,"Sidi Othmane, Casablanca",80 m² 2 Pièces 1 Ch. 2 Salles de bains,git:HEAD:data/raw/maisonlux_maroc_complet.csv
mubawab.ma:native:8302262,mubawab.ma,8302262,Casablanca,Aïn Sebaâ,Casablanca-Settat,,,177.0,3.0,2.0,furnished,yes,yes,unknown,1750000.0,9887.01,appartement,sale,,unknown,Wed Sep 02 2026 12:03:33 GMT+0100 (UTC+01:00),https://www.mubawab.ma/fr/a/8302262/appartement-%C3%A0-vendre-%C3%A0-a%C3%AFn-seba%C3%A2-surface-de-177-m%C2%B2,valid,,unique,,,,,,data\external\recovery_archive\20260902T224619Z\misplaced_notebook_data\data\raw\maisondelux_raw.csv
mubawab.ma:native:8316546,mubawab.ma,8316546,Bouskoura,Victoria,Casablanca-Settat,,,77.0,2.0,2.0,unknown,yes,unknown,unknown,9630000.0,125064.94,appartement,sale,,unknown,Wed Sep 02 2026 01:15:39 GMT+0100 (UTC+01:00),https://www.mubawab.ma/fr/a/8316546/appartement-neuf-%C3%A0-vendre-%C3%A0-victoria,valid,,unique,,,,,,data\external\recovery_archive\20260902T224619Z\misplaced_notebook_data\data\raw\maisondelux_raw.csv
mubawab.ma:content:52d6fab6dbcd383e49a76c58,mubawab.ma,,Kénitra,Ismalia,Rabat-Salé-Kenitra,,,52.0,2.0,1.0,unknown,unknown,unknown,unknown,220000.0,4230.77,appartement,sale,,unknown,Fri Aug 14 2026 16:31:10 GMT+0100 (UTC+01:00),,valid,,unique,,Appartement à l'achat à kasbah de kenitra. 2 belles chambres...,220 000 DH,"Ismalia, Kénitra",52 m² 1 Pièce 2 Chambres 1 Salle de bain,git:HEAD:data/raw/maisonlux_maroc_complet.csv
mubawab.ma:content:017757b882628de4b0e37484,mubawab.ma,,Casablanca,Californie,Casablanca-Settat,,,121.0,3.0,2.0,unknown,unknown,unknown,unknown,2050000.0,16942.15,appartement,sale,,unknown,Fri Aug 14 2026 16:31:10 GMT+0100 (UTC+01:00),,valid,,unique,,Appart à vendre 121m² à Jnane californie,2 050 000 DH,"Californie, Casablanca",121 m² 5 Pièces 3 Chambres 2 Salles de bains,git:HEAD:data/raw/maisonlux_maroc_complet.csv
mubawab.ma:content:47532c1e6d31aedc2e35bfb3,mubawab.ma,,Marrakech,Sidi Ben Slimane El Jazouli,Marrakech-Safi,,,147.0,10.0,2.0,unknown,unknown,unknown,unknown,3900000.0,26530.61,appartement,sale,,unknown,Fri Aug 14 2026 16:31:10 GMT+0100 (UTC+01:00),,valid,,unique,,Riad traditionnel à rénover au cœur de Bab dokkala,3 900 000 DH,"Sidi Ben Slimane El Jazouli, Marrakech",147 m² 13 Pièces 10 Chambres 2 Salles de bains,git:HEAD:data/raw/maisonlux_maroc_complet.csv
mubawab.ma:content:8c85e18583e3bf2c54e8a117,mubawab.ma,,Casablanca,Californie,Casablanca-Settat,,,180.0,3.0,2.0,unknown,unknown,unknown,unknown,2430000.0,13500.0,appartement,sale,,unknown,Fri Aug 14 2026 16:31:10 GMT+0100 (UTC+01:00),,valid,,unique,,Appartement à l'achat à Californie. 4 pièces. Cuisine bien é...,2 430 000 DH,"Californie, Casablanca",180 m² 4 Pièces 3 Chambres 2 Salles de bains,git:HEAD:data/raw/maisonlux_maroc_complet.csv
mubawab.ma:content:d2377324a2e2f29aa293743b,mubawab.ma,,Agadir,Hay Qods,Souss-Massa,,,64.0,2.0,1.0,unknown,unknown,unknown,unknown,650000.0,10156.25,appartement,sale,,unknown,Fri Aug 14 2026 16:31:10 GMT+0100 (UTC+01:00),,valid,,unique,,Appartement à vendre à Hay Qods. Surface de 64 m². Salon Mar...,650 000 DH,"Hay Qods, Agadir",64 m² 1 Pièce 2 Chambres 1 Salle de bain,git:HEAD:data/raw/maisonlux_maroc_complet.csv
mubawab.ma:content:109fc1654f7efb0e43be2775,mubawab.ma,,Marrakech,Guéliz,Marrakech-Safi,,,203.0,3.0,4.0,unknown,unknown,unknown,unknown,2890000.0,14236.45,appartement,sale,,unknown,Fri Aug 14 2026 16:31:10 GMT+0100 (UTC+01:00),,valid,,unique,,Appartement d'architecte à vendre derrière Amoud,2 890 000 DH,"Guéliz, Marrakech",203 m² 4 Pièces 3 Chambres 4 Salles de bains,git:HEAD:data/raw/maisonlux_maroc_complet.csv
mubawab.ma:content:6c4d7feeabb6b4175a1c29a7,mubawab.ma,,Fès,Hay Al Wifaq,Fez-Meknes,,,95.0,2.0,1.0,unknown,unknown,unknown,unknown,420000.0,4421.05,appartement,sale,,unknown,Fri Aug 14 2026 16:31:10 GMT+0100 (UTC+01:00),,valid,,unique,,Appartement à vendre à hay Ennakhil,420 000 DH,"Hay Al Wifaq, Fès",95 m² 7 Pièces 2 Chambres 1 Salle de bain,git:HEAD:data/raw/maisonlux_maroc_complet.csv
mubawab.ma:content:5f62c633a8851c72c102958d,mubawab.ma,,Marrakech,Guéliz,Marrakech-Safi,,,125.0,3.0,2.0,unknown,unknown,unknown,unknown,1650000.0,13200.0,appartement,sale,,unknown,Fri Aug 14 2026 16:31:10 GMT+0100 (UTC+01:00),,valid,,unique,,Appart à vendre 125 m² Guéliz,1 650 000 DH,"Guéliz, Marrakech",125 m² 5 Pièces 3 Chambres 2 Salles de bains,git:HEAD:data/raw/maisonlux_maroc_complet.csv
mubawab.ma:native:8266621,mubawab.ma,8266621,Marrakech,Guéliz,Marrakech-Safi,,,108.0,2.0,1.0,furnished,yes,yes,unknown,2000000.0,18518.52,appartement,sale,,unknown,Wed Sep 02 2026 22:02:53 GMT+0100 (UTC+01:00),https://www.mubawab.ma/fr/a/8266621/gu%C3%A9liz-appartement-2-chambres-%C3%A0-vendre,valid,,unique,,,,,,data\external\recovery_archive\20260902T224619Z\misplaced_notebook_data\data\raw\maisondelux_raw.csv
mubawab.ma:native:8253285,mubawab.ma,8253285,Larache,Larache,Tangier-Tetouan-Al Hoceima,,,96.0,3.0,1.0,unknown,yes,yes,yes,10600000.0,110416.67,appartement,sale,,unknown,Wed Sep 02 2026 15:45:09 GMT+0100 (UTC+01:00),https://www.mubawab.ma/fr/a/8253285/bel-appartement-%C3%A0-vendre-%C3%A0-larache-3-pi%C3%A8ces-confortables-syst%C3%A8me-de-parabole-et-salon-marocain,valid,,unique,,,,,,data\external\recovery_archive\20260902T224619Z\misplaced_notebook_data\data\raw\maisondelux_raw.csv
mubawab.ma:content:4ee83bd58e1a2720c51ef122,mubawab.ma,,Casablanca,2 Mars,Casablanca-Settat,,,112.0,3.0,2.0,unknown,unknown,unknown,unknown,1650000.0,14732.14,appartement,sale,,unknown,Fri Aug 14 2026 16:31:10 GMT+0100 (UTC+01:00),,valid,,unique,,"Appartement à vendre 112 m², 3 chambres 2 Mars Casablanca",1 650 000 DH,Casablanca,112 m² 3 Chambres 2 Salles de bains,git:HEAD:data/raw/maisonlux_maroc_complet.csv
mubawab.ma:content:50852d9d8d68a4c340f671ff,mubawab.ma,,Tanger,Tanger City Center,Tangier-Tetouan-Al Hoceima,,,51.0,4.0,,unknown,unknown,unknown,unknown,1740000.0,34117.65,appartement,sale,,unknown,Fri Aug 14 2026 16:31:10 GMT+0100 (UTC+01:00),,valid,,unique,,Appartement en vente à Tanger City Center. Superficie 51 m²,1 740 000 DH,"Tanger City Center, Tanger",51 m² 4 Chambres,git:HEAD:data/raw/maisonlux_maroc_complet.csv
mubawab.ma:content:76753c21e449ae8cbef0e94d,mubawab.ma,,Casablanca,Beauséjour,Casablanca-Settat,,,95.0,2.0,2.0,unknown,unknown,unknown,unknown,1280000.0,13473.68,appartement,sale,,unknown,Fri Aug 14 2026 16:31:10 GMT+0100 (UTC+01:00),,valid,,unique,,"Appartement à vendre 95 m², 2 chambres Beauséjour Casablanca",1 280 000 DH,"Beauséjour, Casablanca",95 m² 2 Chambres 2 Salles de bains,git:HEAD:data/raw/maisonlux_maroc_complet.csv
mubawab.ma:content:368f1e3f07e0aa0ed75829b6,mubawab.ma,,Casablanca,Racine,Casablanca-Settat,,,320.0,3.0,3.0,unknown,unknown,unknown,unknown,5400000.0,16875.0,appartement,sale,,unknown,Fri Aug 14 2026 16:31:10 GMT+0100 (UTC+01:00),,valid,,unique,,Appartement 3ch ascenseur à vendre Racine,5 400 000 DH,"Racine, Casablanca",320 m² 5 Pièces 3 Chambres 3 Salles de bains,git:HEAD:data/raw/maisonlux_maroc_complet.csv
mubawab.ma:url:906692b3a3e9aac746b9a9fa,mubawab.ma,,Marrakech,Guéliz,Marrakech-Safi,,,45.0,1.0,1.0,unknown,yes,unknown,unknown,818100.0,18180.0,appartement,sale,,unknown,Wed Sep 02 2026 17:26:59 GMT+0100 (UTC+01:00),https://www.mubawab.ma/fr/pa/8158289/opportunit%C3%A9-rare-t2-fonctionnel-au-nouveau-gu%C3%A9liz,valid,,unique,,,,,,data\external\recovery_archive\20260902T224619Z\misplaced_notebook_data\data\raw\maisondelux_raw.csv
mubawab.ma:native:8113140,mubawab.ma,8113140,Casablanca,Maârif,Casablanca-Settat,,,101.0,2.0,2.0,furnished,yes,unknown,unknown,1600000.0,15841.58,appartement,sale,,unknown,Wed Sep 02 2026 12:26:20 GMT+0100 (UTC+01:00),https://www.mubawab.ma/fr/a/8113140/appartement-%C3%A0-vendre-de-101-0-m%C2%B2-%C3%A0-casablanca-maarif,valid,,unique,,,,,,data\external\recovery_archive\20260902T224619Z\misplaced_notebook_data\data\raw\maisondelux_raw.csv
mubawab.ma:content:554d23f13241029dac015712,mubawab.ma,,Casablanca,Quartier Bachkou,Casablanca-Settat,,,140.0,3.0,2.0,unknown,unknown,unknown,unknown,1970000.0,14071.43,appartement,sale,,unknown,Fri Aug 14 2026 16:31:10 GMT+0100 (UTC+01:00),,valid,,unique,,"Appartement Haut Standing à vendre, Oasis Bachkou",1 970 000 DH,"Quartier Bachkou, Casablanca",140 m² 3 Pièces 3 Chambres 2 Salles de bains,git:HEAD:data/raw/maisonlux_maroc_complet.csv
mubawab.ma:native:8323822,mubawab.ma,8323822,Casablanca,Maârif Extension,Casablanca-Settat,,,85.0,2.0,1.0,unknown,yes,yes,unknown,1300000.0,15294.12,appartement,sale,,unknown,Wed Sep 02 2026 08:44:14 GMT+0100 (UTC+01:00),https://www.mubawab.ma/fr/a/8323822/joli-appartement-%C3%A0-vendre-maarif-extension,valid,,unique,,,,,,data\external\recovery_archive\20260902T224619Z\misplaced_notebook_data\data\raw\maisondelux_raw.csv
mubawab.ma:content:c4f1d6d795fb5ba255366554,mubawab.ma,,Casablanca,Racine,Casablanca-Settat,,,199.0,3.0,3.0,unknown,unknown,unknown,unknown,2950000.0,14824.12,appartement,sale,,unknown,Fri Aug 14 2026 16:31:10 GMT+0100 (UTC+01:00),,valid,,unique,,"Appartement à Vendre de 199.0 m² à Casablanca, Racine",2 950 000 DH,"Racine, Casablanca",199 m² 5 Pièces 3 Chambres 3 Salles de bains,git:HEAD:data/raw/maisonlux_maroc_complet.csv
mubawab.ma:content:8e89bf312a3e7e821863643e,mubawab.ma,,Casablanca,Liberté,Casablanca-Settat,,,1288.0,20.0,10.0,unknown,unknown,unknown,unknown,17500000.0,13586.96,appartement,sale,,unknown,Fri Aug 14 2026 16:31:10 GMT+0100 (UTC+01:00),,valid,,unique,,Immeuble vide qui a ete deja utilse comme clinique,17 500 000 DH,"Liberté, Casablanca",1288 m² 20 Pièces 20 Chambres 10 Salles de bains,git:HEAD:data/raw/maisonlux_maroc_complet.csv
mubawab.ma:content:adc60f79193a39422b17e405,mubawab.ma,,Tanger,Médina,Tangier-Tetouan-Al Hoceima,,,120.0,2.0,1.0,unknown,unknown,unknown,unknown,2500000.0,20833.33,appartement,sale,,unknown,Fri Aug 14 2026 16:31:10 GMT+0100 (UTC+01:00),,valid,,unique,,Appartement au cœur de la Médina,2 500 000 DH,"Médina, Tanger",120 m² 5 Pièces 2 Chambres 1 Salle de bain,git:HEAD:data/raw/maisonlux_maroc_complet.csv
mubawab.ma:content:c02ee06e8f242ddada8deb88,mubawab.ma,,Marrakech,Route de l'Ourika,Marrakech-Safi,,,70.0,2.0,1.0,furnished,unknown,unknown,unknown,1450000.0,20714.29,appartement,sale,,unknown,Fri Aug 14 2026 16:31:10 GMT+0100 (UTC+01:00),,valid,,unique,,Vend appartement à Route de l'Ourika. 2 chambres. Meublé,1 450 000 DH,"Route de l'Ourika, Marrakech",70 m² 2 Pièces 2 Chambres 1 Salle de bain,git:HEAD:data/raw/maisonlux_maroc_complet.csv
mubawab.ma:content:55b06dbf73a7f7897383833e,mubawab.ma,,Casablanca,Val Fleury,Casablanca-Settat,,,79.0,2.0,2.0,unknown,unknown,unknown,unknown,1350000.0,17088.61,appartement,sale,,unknown,Fri Aug 14 2026 16:31:10 GMT+0100 (UTC+01:00),,valid,,unique,,Idéal investissement locatif,1 350 000 DH,"Val Fleury, Casablanca",79 m² 3 Pièces 2 Chambres 2 Salles de bains,git:HEAD:data/raw/maisonlux_maroc_complet.csv
mubawab.ma:native:8246955,mubawab.ma,8246955,Casablanca,Franceville,Casablanca-Settat,,,65.0,2.0,1.0,unknown,yes,yes,unknown,1250000.0,19230.77,appartement,sale,,unknown,Wed Sep 02 2026 07:36:27 GMT+0100 (UTC+01:00),https://www.mubawab.ma/fr/a/8246955/studio-a-vendre-sur-franceville-pr%C3%A8s-de-derbghalef,valid,,unique,,,,,,data\external\recovery_archive\20260902T224619Z\misplaced_notebook_data\data\raw\maisondelux_raw.csv
mubawab.ma:native:8401147,mubawab.ma,8401147,Casablanca,Palmier,Casablanca-Settat,,,60.0,1.0,1.0,unknown,yes,yes,unknown,1350000.0,22500.0,appartement,sale,,unknown,Wed Sep 02 2026 02:43:34 GMT+0100 (UTC+01:00),https://www.mubawab.ma/fr/a/8401147/superbe-appartement-%C3%A0-vendre-%C3%A0-palmier-1-chambre-porte-blind%C3%A9e-et-chauffage-central,valid,,unique,,,,,,data\external\recovery_archive\20260902T224619Z\misplaced_notebook_data\data\raw\maisondelux_raw.csv
mubawab.ma:url:00c891fc63dc0ad8d8e7a9e5,mubawab.ma,,Casablanca,Aïn Sebaâ,Casablanca-Settat,,,79.0,2.0,2.0,unknown,unknown,yes,unknown,930000.0,11772.15,appartement,sale,,unknown,Wed Sep 02 2026 12:18:52 GMT+0100 (UTC+01:00),https://www.mubawab.ma/fr/pa/7654229/appartement-%C3%A0-a%C3%AFn-seba%C3%A2-2-chambres,valid,,unique,,,,,,data\external\recovery_archive\20260902T224619Z\misplaced_notebook_data\data\raw\maisondelux_raw.csv
mubawab.ma:content:dc19999b2ab8995f3643c3f2,mubawab.ma,,Khémisset,Lot Almouna,Rabat-Salé-Kenitra,,,85.0,2.0,2.0,unknown,unknown,unknown,unknown,500000.0,5882.35,appartement,sale,,unknown,Fri Aug 14 2026 16:31:10 GMT+0100 (UTC+01:00),,valid,,unique,,Appartement à vendre,500 000 DH,"Lot Almouna, Khémisset",85 m² 3 Pièces 2 Chambres 2 Salles de bains,git:HEAD:data/raw/maisonlux_maroc_complet.csv
mubawab.ma:native:8225176,mubawab.ma,8225176,Casablanca,Bourgogne Ouest,Casablanca-Settat,,,94.0,2.0,2.0,furnished,yes,yes,unknown,1500000.0,15957.45,appartement,sale,,unknown,Wed Sep 02 2026 06:47:12 GMT+0100 (UTC+01:00),https://www.mubawab.ma/fr/a/8225176/a-vendre-appt-2ch-94m2-bourgogne-ouest,valid,,unique,,,,,,data\external\recovery_archive\20260902T224619Z\misplaced_notebook_data\data\raw\maisondelux_raw.csv
mubawab.ma:content:ef614588698c8018e9ddac3b,mubawab.ma,,Casablanca,Maârif Extension,Casablanca-Settat,,,106.0,2.0,2.0,unknown,unknown,unknown,unknown,1400000.0,13207.55,appartement,sale,,unknown,Fri Aug 14 2026 16:31:10 GMT+0100 (UTC+01:00),,valid,,unique,,Très bel appartement 106m GHANDI,1 400 000 DH,"Maârif Extension, Casablanca",106 m² 3 Pièces 2 Chambres 2 Salles de bains,git:HEAD:data/raw/maisonlux_maroc_complet.csv
mubawab.ma:native:8348663,mubawab.ma,8348663,Casablanca,Roches Noires,Casablanca-Settat,,,98.0,2.0,2.0,unknown,yes,unknown,unknown,1250000.0,12755.1,appartement,sale,,unknown,Wed Sep 02 2026 08:51:04 GMT+0100 (UTC+01:00),https://www.mubawab.ma/fr/a/8348663/appartement-haut-standing-vue-d%C3%A9gag%C3%A9e-ensoleill%C3%A9-98m2-%C3%A0-roches-noires,valid,,unique,,,,,,data\external\recovery_archive\20260902T224619Z\misplaced_notebook_data\data\raw\maisondelux_raw.csv
mubawab.ma:native:8401892,mubawab.ma,8401892,Marrakech,le quartier recherché de Targa à,Marrakech-Safi,,,51.0,2.0,1.0,unknown,unknown,unknown,unknown,7500000.0,147058.82,appartement,sale,,unknown,Wed Sep 02 2026 17:42:51 GMT+0100 (UTC+01:00),https://www.mubawab.ma/fr/a/8401892/appartement-%C3%A0-vendre-51-m%C2%B2-2-chambres-targa-marrakech,valid,,unique,,,,,,data\external\recovery_archive\20260902T224619Z\misplaced_notebook_data\data\raw\maisondelux_raw.csv
mubawab.ma:content:da36b2f223a2bb9d2c5973a1,mubawab.ma,,Marrakech,Hay Saada,Marrakech-Safi,,,60.0,3.0,1.0,unknown,unknown,unknown,unknown,450000.0,7500.0,appartement,sale,,unknown,Fri Aug 14 2026 16:31:10 GMT+0100 (UTC+01:00),,valid,,unique,,Appartement en vente à Hay Saada. Surface totale 60 m². Bien...,450 000 DH,"Hay Saada, Marrakech",60 m² 1 Pièce 3 Chambres 1 Salle de bain,git:HEAD:data/raw/maisonlux_maroc_complet.csv
mubawab.ma:content:2cd9b1ad92672867c5eb0250,mubawab.ma,,Marrakech,Mhamid,Marrakech-Safi,,,60.0,,,unknown,unknown,unknown,unknown,510000.0,8500.0,appartement,sale,,unknown,Fri Aug 14 2026 16:31:10 GMT+0100 (UTC+01:00),,valid,,unique,,Bel appartement à vendre à Mhamid. Surface de 60 m²,510 000 DH,"Mhamid, Marrakech",60 m²,git:HEAD:data/raw/maisonlux_maroc_complet.csv
mubawab.ma:content:dc56ef08d0a0c93694473d5d,mubawab.ma,,Fès,Quartier Oued Fes,Fez-Meknes,,,64.0,3.0,2.0,unknown,unknown,unknown,unknown,300000.0,4687.5,appartement,sale,,unknown,Fri Aug 14 2026 16:31:10 GMT+0100 (UTC+01:00),,valid,,unique,,Bel appartement à vendre – Vue sur montagne,300 000 DH,"Quartier Oued Fes, Fès",64 m² 4 Pièces 3 Chambres 2 Salles de bains,git:HEAD:data/raw/maisonlux_maroc_complet.csv
mubawab.ma:content:3ca4026e1c3dcf239f74ce95,mubawab.ma,,Marrakech,Guéliz,Marrakech-Safi,,,83.0,2.0,2.0,unknown,unknown,unknown,unknown,1560000.0,18795.18,appartement,sale,,unknown,Fri Aug 14 2026 16:31:10 GMT+0100 (UTC+01:00),,valid,,unique,,Appartement Neuf 84 m² à Guéliz,1 560 000 DH,"Guéliz, Marrakech",83 m² 3 Pièces 2 Chambres 2 Salles de bains,git:HEAD:data/raw/maisonlux_maroc_complet.csv
mubawab.ma:content:9a22185a8850412da0e60614,mubawab.ma,,Casablanca,Sidi Maarouf,Casablanca-Settat,,,119.0,3.0,3.0,unknown,unknown,unknown,unknown,1200000.0,10084.03,appartement,sale,,unknown,Fri Aug 14 2026 16:31:10 GMT+0100 (UTC+01:00),,valid,,unique,,"Appartement à Vendre de 119.0 m² à Casablanca, Sidi Maarouf",1 200 000 DH,"Sidi Maarouf, Casablanca",119 m² 5 Pièces 3 Chambres 3 Salles de bains,git:HEAD:data/raw/maisonlux_maroc_complet.csv
mubawab.ma:content:3a09c0dc170cd9aa869cbd18,mubawab.ma,,Marrakech,Amerchich,Marrakech-Safi,,,80.0,2.0,2.0,unknown,unknown,unknown,unknown,900000.0,11250.0,appartement,sale,,unknown,Fri Aug 14 2026 16:31:10 GMT+0100 (UTC+01:00),,valid,,unique,,À Vendre 80m2 Appartement lumineux à Marrakech,900 000 DH,"Amerchich, Marrakech",80 m² 3 Pièces 2 Chambres 2 Salles de bains,git:HEAD:data/raw/maisonlux_maroc_complet.csv
mubawab.ma:content:59c9f0fa68a9b52e6f389572,mubawab.ma,,Fès,Narjis,Fez-Meknes,,,80.0,2.0,1.0,unknown,unknown,unknown,unknown,330000.0,4125.0,appartement,sale,,unknown,Fri Aug 14 2026 16:31:10 GMT+0100 (UTC+01:00),,valid,,unique,,Beau Appartement sur fez Hay narjiss,330 000 DH,"Narjis, Fès",80 m² 3 Pièces 2 Chambres 1 Salle de bain,git:HEAD:data/raw/maisonlux_maroc_complet.csv
mubawab.ma:content:8ae8c18b90eaedeff0ccda20,mubawab.ma,,Marrakech,Boulevard Med 6,Marrakech-Safi,,,76.0,2.0,1.0,unknown,unknown,unknown,unknown,2250000.0,29605.26,appartement,sale,,unknown,Fri Aug 14 2026 16:31:10 GMT+0100 (UTC+01:00),,valid,,unique,,Appartement a vendre Prestigia saphir Marrakech,2 250 000 DH,"Boulevard Med 6, Marrakech",76 m² 3 Pièces 2 Chambres 1 Salle de bain,git:HEAD:data/raw/maisonlux_maroc_complet.csv
mubawab.ma:content:738032b8d5b9cb9736529ac0,mubawab.ma,,Marrakech,Guéliz,Marrakech-Safi,,,50.0,1.0,1.0,unknown,unknown,unknown,unknown,1300000.0,26000.0,appartement,sale,,unknown,Fri Aug 14 2026 16:31:10 GMT+0100 (UTC+01:00),,valid,,unique,,Appartement à l'achat à Guéliz. 1 Pièce. Piscine et air cond...,1 300 000 DH,"Guéliz, Marrakech",50 m² 1 Pièce 1 Ch. 1 Salle de bain,git:HEAD:data/raw/maisonlux_maroc_complet.csv
mubawab.ma:content:0ad84d31a85631c5da713045,mubawab.ma,,Casablanca,Anfa,Casablanca-Settat,,,52.0,1.0,1.0,furnished,unknown,unknown,unknown,1200000.0,23076.92,appartement,sale,,unknown,Fri Aug 14 2026 16:31:10 GMT+0100 (UTC+01:00),,valid,,unique,,Appartement à l'achat à Anfa. 1 Pièce. Meublé,1 200 000 DH,"Anfa, Casablanca",52 m² 1 Pièce 1 Ch. 1 Salle de bain,git:HEAD:data/raw/maisonlux_maroc_complet.csv
mubawab.ma:content:939e4c7251a6c88c8af18b6c,mubawab.ma,,Marrakech,Route Casablanca,Marrakech-Safi,,,44.0,1.0,1.0,unknown,unknown,unknown,unknown,946000.0,21500.0,appartement,sale,,unknown,Fri Aug 14 2026 16:31:10 GMT+0100 (UTC+01:00),,valid,,unique,,Appartement à vendre à Route Casablanca. 1 belle chambre,946 000 DH,"Route Casablanca, Marrakech",44 m² 2 Pièces 1 Ch. 1 Salle de bain,git:HEAD:data/raw/maisonlux_maroc_complet.csv
mubawab.ma:content:7ff604feefdd9eda5f92bd9e,mubawab.ma,,Rabat,Souissi,Rabat-Salé-Kenitra,,,104.0,2.0,2.0,unknown,unknown,unknown,unknown,3120000.0,30000.0,appartement,sale,,unknown,Fri Aug 14 2026 16:31:10 GMT+0100 (UTC+01:00),,valid,,unique,,Apartement 104 m2 jnane souissi rabat,3 120 000 DH,"Souissi, Rabat",104 m² 3 Pièces 2 Chambres 2 Salles de bains,git:HEAD:data/raw/maisonlux_maroc_complet.csv
mubawab.ma:content:8b81539559b19eb05d0d4410,mubawab.ma,,Casablanca,Hay Hassani,Casablanca-Settat,,,86.0,2.0,2.0,unknown,unknown,unknown,unknown,1200000.0,13953.49,appartement,sale,,unknown,Fri Aug 14 2026 16:31:10 GMT+0100 (UTC+01:00),,valid,,unique,,Bel appartement rez de chaussée. 2 chambres,1 200 000 DH,"Hay Hassani, Casablanca",86 m² 3 Pièces 2 Chambres 2 Salles de bains,git:HEAD:data/raw/maisonlux_maroc_complet.csv
mubawab.ma:content:6eaed8da34bcfb54401a5715,mubawab.ma,,Casablanca,Racine,Casablanca-Settat,,,168.0,3.0,2.0,unknown,unknown,unknown,unknown,3650000.0,21726.19,appartement,sale,,unknown,Fri Aug 14 2026 16:31:10 GMT+0100 (UTC+01:00),,valid,,unique,,Vente d'un très bel appartement à Racine. Superficie 168 m²...,3 650 000 DH,"Racine, Casablanca",168 m² 5 Pièces 3 Chambres 2 Salles de bains,git:HEAD:data/raw/maisonlux_maroc_complet.csv
mubawab.ma:content:430cc0becaa7f49cc7c4657e,mubawab.ma,,Tanger,Castilla,Tangier-Tetouan-Al Hoceima,,,145.0,3.0,2.0,unknown,unknown,unknown,unknown,2059000.0,14200.0,appartement,sale,,unknown,Fri Aug 14 2026 16:31:10 GMT+0100 (UTC+01:00),,valid,,unique,,Un appartement idéal pour habiter ou investir,2 059 000 DH,"Castilla, Tanger",145 m² 4 Pièces 3 Chambres 2 Salles de bains,git:HEAD:data/raw/maisonlux_maroc_complet.csv
mubawab.ma:content:96cec77d6126a0d6da99cdaa,mubawab.ma,,Marrakech,Ain Mezouar,Marrakech-Safi,,,90.0,2.0,2.0,unknown,unknown,unknown,unknown,1500000.0,16666.67,appartement,sale,,unknown,Fri Aug 14 2026 16:31:10 GMT+0100 (UTC+01:00),,valid,,unique,,Vend appartement à Ain Mezouar. 2 chambres,1 500 000 DH,"Ain Mezouar, Marrakech",90 m² 3 Pièces 2 Chambres 2 Salles de bains,git:HEAD:data/raw/maisonlux_maroc_complet.csv
mubawab.ma:content:b6f7bd8eb13b0df37e6b024d,mubawab.ma,,Marrakech,Route de Ouarzazate,Marrakech-Safi,,,113.0,2.0,3.0,unknown,unknown,unknown,unknown,1500000.0,13274.34,appartement,sale,,unknown,Fri Aug 14 2026 16:31:10 GMT+0100 (UTC+01:00),,valid,,unique,,Très bel appartement à vendre,1 500 000 DH,"Route de Ouarzazate, Marrakech",113 m² 3 Pièces 2 Chambres 3 Salles de bains,git:HEAD:data/raw/maisonlux_maroc_complet.csv
mubawab.ma:content:25b0475f14b635f7784a93da,mubawab.ma,,Casablanca,Bourgogne Ouest,Casablanca-Settat,,,41.0,1.0,1.0,unknown,unknown,unknown,unknown,1100000.0,26829.27,appartement,sale,,unknown,Fri Aug 14 2026 16:31:10 GMT+0100 (UTC+01:00),,valid,,unique,,Appartement à vendre à Bd Ziraoui,1 100 000 DH,"Bourgogne Ouest, Casablanca",41 m² 3 Pièces 1 Ch. 1 Salle de bain,git:HEAD:data/raw/maisonlux_maroc_complet.csv
mubawab.ma:content:d248358897d8ff088a9a5f05,mubawab.ma,,Casablanca,Oulfa,Casablanca-Settat,,,52.0,2.0,1.0,unknown,unknown,unknown,unknown,600000.0,11538.46,appartement,sale,,unknown,Fri Aug 14 2026 16:31:10 GMT+0100 (UTC+01:00),,valid,,unique,,Appartement a Vendre a FIRDAOUIS,600 000 DH,"Oulfa, Casablanca",52 m² 1 Pièce 2 Chambres 1 Salle de bain,git:HEAD:data/raw/maisonlux_maroc_complet.csv
mubawab.ma:content:73bc022fb37aba9d4065bb28,mubawab.ma,,Tanger,Moujahidine,Tangier-Tetouan-Al Hoceima,,,69.0,2.0,1.0,unknown,unknown,unknown,unknown,820000.0,11884.06,appartement,sale,,unknown,Fri Aug 14 2026 16:31:10 GMT+0100 (UTC+01:00),,valid,,unique,,"Appartement à vendre 69 m², 2 chambres Moujahidine Tanger",820 000 DH,"Moujahidine, Tanger",69 m² 2 Chambres 1 Salle de bain,git:HEAD:data/raw/maisonlux_maroc_complet.csv
mubawab.ma:url:6b0ea772c8b8690b90411d32,mubawab.ma,,Casablanca,Ain Diab Extension,Casablanca-Settat,,,86.0,3.0,2.0,unknown,yes,yes,unknown,1260000.0,14651.16,appartement,sale,,unknown,Wed Sep 02 2026 04:13:00 GMT+0100 (UTC+01:00),https://www.mubawab.ma/fr/pa/7938266/superbe-appartement-%C3%A0-vendre-%C3%A0-ain-diab-extension-3-pi%C3%A8ces-confortables-espaces-verts-et-ascenseur,valid,,unique,,,,,,data\external\recovery_archive\20260902T224619Z\misplaced_notebook_data\data\raw\maisondelux_raw.csv
mubawab.ma:content:54d54118d6846dc861a176cc,mubawab.ma,,Meknès,Hamria,Fez-Meknes,,,70.0,2.0,1.0,unknown,unknown,unknown,unknown,450000.0,6428.57,appartement,sale,,unknown,Fri Aug 14 2026 16:31:10 GMT+0100 (UTC+01:00),,valid,,unique,,Appartement à vendre centre ville,450 000 DH,"Hamria, Meknes",70 m² 3 Pièces 2 Chambres 1 Salle de bain,git:HEAD:data/raw/maisonlux_maroc_complet.csv
mubawab.ma:native:8382235,mubawab.ma,8382235,Marrakech,Majorelle,Marrakech-Safi,,,80.0,2.0,2.0,unknown,yes,yes,unknown,1650000.0,20625.0,appartement,sale,,unknown,Wed Sep 02 2026 22:10:18 GMT+0100 (UTC+01:00),https://www.mubawab.ma/fr/a/8382235/appart-t3-standing-majorelle,valid,,unique,,,,,,data\external\recovery_archive\20260902T224619Z\misplaced_notebook_data\data\raw\maisondelux_raw.csv
mubawab.ma:native:8371164,mubawab.ma,8371164,Marrakech,le secteur dynamique de Daoudiate à,Marrakech-Safi,,,62.0,2.0,1.0,furnished,unknown,unknown,unknown,4590000.0,74032.26,appartement,sale,,unknown,Wed Sep 02 2026 22:06:36 GMT+0100 (UTC+01:00),https://www.mubawab.ma/fr/a/8371164/vente-appartement-%C3%A0-amerchich,valid,,unique,,,,,,data\external\recovery_archive\20260902T224619Z\misplaced_notebook_data\data\raw\maisondelux_raw.csv
mubawab.ma:native:8338253,mubawab.ma,8338253,Casablanca,Ain Diab,Casablanca-Settat,,,350.0,4.0,3.0,furnished,yes,yes,unknown,5400000.0,15428.57,appartement,sale,,unknown,Wed Sep 02 2026 08:45:56 GMT+0100 (UTC+01:00),https://www.mubawab.ma/fr/a/8338253/tr%C3%A8s-beau-duplex-%C3%A0-vendre-ain-diab,valid,,unique,,,,,,data\external\recovery_archive\20260902T224619Z\misplaced_notebook_data\data\raw\maisondelux_raw.csv
mubawab.ma:native:8364583,mubawab.ma,8364583,Marrakech,laver Hivernage à,Marrakech-Safi,,,54.0,1.0,1.0,furnished,yes,yes,unknown,1270000.0,23518.52,appartement,sale,,unknown,Wed Sep 02 2026 22:09:56 GMT+0100 (UTC+01:00),https://www.mubawab.ma/fr/a/8364583/bel-studio-%C3%A0-vendre-l%E2%80%99hivernage-menara-garden,valid,,unique,,,,,,data\external\recovery_archive\20260902T224619Z\misplaced_notebook_data\data\raw\maisondelux_raw.csv
mubawab.ma:content:43d2a51d87f3a99be86d169f,mubawab.ma,,Casablanca,Hay Almassira 1,Casablanca-Settat,,,82.0,2.0,2.0,unknown,unknown,unknown,unknown,690000.0,8414.63,appartement,sale,,unknown,Fri Aug 14 2026 16:31:10 GMT+0100 (UTC+01:00),,valid,,unique,,Vente appartement,690 000 DH,"Hay Almassira 1, Casablanca",82 m² 2 Pièces 2 Chambres 2 Salles de bains,git:HEAD:data/raw/maisonlux_maroc_complet.csv
mubawab.ma:content:b6186d68dd4a3d83e3d85f34,mubawab.ma,,Casablanca,Val Fleury,Casablanca-Settat,,,103.0,2.0,2.0,unknown,unknown,unknown,unknown,1150000.0,11165.05,appartement,sale,,unknown,Fri Aug 14 2026 16:31:10 GMT+0100 (UTC+01:00),,valid,,unique,,Superbe appartement à vendre à Val Fleury. 2 chambres. Ascen...,1 150 000 DH,"Val Fleury, Casablanca",103 m² 2 Chambres 2 Salles de bains,git:HEAD:data/raw/maisonlux_maroc_complet.csv
mubawab.ma:content:c70162680517c5b1e7ca127c,mubawab.ma,,Casablanca,Beauséjour,Casablanca-Settat,,,91.0,3.0,2.0,unknown,unknown,unknown,unknown,1200000.0,13186.81,appartement,sale,,unknown,Fri Aug 14 2026 16:31:10 GMT+0100 (UTC+01:00),,valid,,unique,,Super deal,1 200 000 DH,"Beauséjour, Casablanca",91 m² 3 Pièces 3 Chambres 2 Salles de bains,git:HEAD:data/raw/maisonlux_maroc_complet.csv
mubawab.ma:native:8386849,mubawab.ma,8386849,Marrakech,le quartier de Mhamid 9 a,Marrakech-Safi,,,65.0,2.0,1.0,furnished,unknown,unknown,unknown,4580000.0,70461.54,appartement,sale,,unknown,Wed Sep 02 2026 22:07:20 GMT+0100 (UTC+01:00),https://www.mubawab.ma/fr/a/8386849/appartement-m%E2%80%99hamid,valid,,unique,,,,,,data\external\recovery_archive\20260902T224619Z\misplaced_notebook_data\data\raw\maisondelux_raw.csv
mubawab.ma:content:cc9071f559e48579a875f1a4,mubawab.ma,,Casablanca,Hay Almassira 2,Casablanca-Settat,,,174.0,,,unknown,unknown,unknown,unknown,1954000.0,11229.89,appartement,sale,,unknown,Fri Aug 14 2026 16:31:10 GMT+0100 (UTC+01:00),,valid,,unique,,Bel appartement à vendre à Bournazil. 3 chambres agréables,1 954 000 DH,"Hay Almassira 2, Casablanca",174 m² 4 Pièces,git:HEAD:data/raw/maisonlux_maroc_complet.csv
mubawab.ma:content:6440e0f4be93e4e464ec78b4,mubawab.ma,,Casablanca,Val Fleury,Casablanca-Settat,,,164.0,3.0,3.0,unknown,unknown,unknown,unknown,2500000.0,15243.9,appartement,sale,,unknown,Fri Aug 14 2026 16:31:10 GMT+0100 (UTC+01:00),,valid,,unique,,Apparemment a Val Fleuri,2 500 000 DH,"Val Fleury, Casablanca",164 m² 3 Pièces 3 Chambres 3 Salles de bains,git:HEAD:data/raw/maisonlux_maroc_complet.csv
mubawab.ma:content:678c4a33682e7fa9b7a59876,mubawab.ma,,Salé,Abouab Sala,Rabat-Salé-Kenitra,,,108.0,3.0,2.0,unknown,unknown,unknown,unknown,900000.0,8333.33,appartement,sale,,unknown,Fri Aug 14 2026 16:31:10 GMT+0100 (UTC+01:00),,valid,,unique,,Appartement ensoleillé de 108 m²,900 000 DH,"Abouab Sala, Salé",108 m² 5 Pièces 3 Chambres 2 Salles de bains,git:HEAD:data/raw/maisonlux_maroc_complet.csv
mubawab.ma:native:8293054,mubawab.ma,8293054,Casablanca,Burger,Casablanca-Settat,,,85.0,2.0,1.0,unknown,yes,yes,unknown,1200000.0,14117.65,appartement,sale,,unknown,Wed Sep 02 2026 06:58:52 GMT+0100 (UTC+01:00),https://www.mubawab.ma/fr/a/8293054/appartement-%C3%A0-vendre-85-m%C2%B2-2-chambres-burger-casablanca,valid,,unique,,,,,,data\external\recovery_archive\20260902T224619Z\misplaced_notebook_data\data\raw\maisondelux_raw.csv
mubawab.ma:native:7822256,mubawab.ma,7822256,Casablanca,Gauthier,Casablanca-Settat,,,174.0,3.0,4.0,furnished,unknown,unknown,unknown,3200000.0,18390.8,appartement,sale,,unknown,Wed Sep 02 2026 12:22:46 GMT+0100 (UTC+01:00),https://www.mubawab.ma/fr/a/7822256/appartement-%C3%A0-vendre-de-174-0-m%C2%B2-%C3%A0-casablanca-gauthier,valid,,unique,,,,,,data\external\recovery_archive\20260902T224619Z\misplaced_notebook_data\data\raw\maisondelux_raw.csv
mubawab.ma:content:64ad5aa27a7ad67888122771,mubawab.ma,,Kénitra,Mimosas,Rabat-Salé-Kenitra,,,99.0,3.0,2.0,unknown,unknown,unknown,unknown,1188000.0,12000.0,appartement,sale,,unknown,Fri Aug 14 2026 16:31:10 GMT+0100 (UTC+01:00),,valid,,unique,,Appartement a vendre superficie 99 m2,1 188 000 DH,"Mimosas, Kénitra",99 m² 2 Pièces 3 Chambres 2 Salles de bains,git:HEAD:data/raw/maisonlux_maroc_complet.csv
mubawab.ma:content:13b5b514faa1be3f7d702095,mubawab.ma,,Tanger,De La Plage,Tangier-Tetouan-Al Hoceima,,,179.0,2.0,2.0,unknown,unknown,unknown,unknown,2178750.0,12171.79,appartement,sale,,unknown,Fri Aug 14 2026 16:31:10 GMT+0100 (UTC+01:00),,valid,,unique,,Un projet immobilier neuf à malabata,2 178 750 DH,"De La Plage, Tanger",179 m² 1 Pièce 2 Chambres 2 Salles de bains,git:HEAD:data/raw/maisonlux_maroc_complet.csv
mubawab.ma:content:33ad0f41839c2b4581531418,mubawab.ma,,Tanger,Hanaa 3 - Soussi,Tangier-Tetouan-Al Hoceima,,,129.0,3.0,2.0,unknown,unknown,unknown,unknown,1200000.0,9302.33,appartement,sale,,unknown,Fri Aug 14 2026 16:31:10 GMT+0100 (UTC+01:00),,valid,,unique,,"Appartement à vendre 129 m², 3 chambres Hanaa 3 Soussi Tange...",1 200 000 DH,"Hanaa 3 - Soussi, Tanger",129 m² 3 Chambres 2 Salles de bains,git:HEAD:data/raw/maisonlux_maroc_complet.csv
mubawab.ma:native:8368063,mubawab.ma,8368063,Casablanca,Burger,Casablanca-Settat,,,161.0,3.0,3.0,furnished,yes,unknown,unknown,2560000.0,15900.62,appartement,sale,,unknown,Wed Sep 02 2026 07:21:12 GMT+0100 (UTC+01:00),https://www.mubawab.ma/fr/a/8368063/appartement-%C3%A0-vendre-de-161-0-m%C2%B2-%C3%A0-casablanca-burger,valid,,unique,,,,,,data\external\recovery_archive\20260902T224619Z\misplaced_notebook_data\data\raw\maisondelux_raw.csv
mubawab.ma:content:e9630c8e35410c4c4e691e07,mubawab.ma,,Marrakech,Arset El Maach,Marrakech-Safi,,,100.0,3.0,2.0,unknown,unknown,unknown,unknown,1800000.0,18000.0,appartement,sale,,unknown,Fri Aug 14 2026 16:31:10 GMT+0100 (UTC+01:00),,valid,,unique,,Bel appartement à vendre à Menara Garden. 3 belles chambres...,1 800 000 DH,"Arset El Maach, Marrakech",100 m² 4 Pièces 3 Chambres 2 Salles de bains,git:HEAD:data/raw/maisonlux_maroc_complet.csv
mubawab.ma:content:702b6b7d5cba79de7154b2c8,mubawab.ma,,Rabat,Aviation - Mabella,Rabat-Salé-Kenitra,,,55.0,1.0,2.0,unknown,unknown,unknown,unknown,1350000.0,24545.45,appartement,sale,,unknown,Fri Aug 14 2026 16:31:10 GMT+0100 (UTC+01:00),,valid,,unique,,Joli appart Salon 1 chambre,1 350 000 DH,"Aviation - Mabella, Rabat",55 m² 2 Pièces 1 Ch. 2 Salles de bains,git:HEAD:data/raw/maisonlux_maroc_complet.csv
mubawab.ma:content:94c418ef45e7a84b1bbfa802,mubawab.ma,,Marrakech,Guéliz,Marrakech-Safi,,,145.0,2.0,1.0,unknown,unknown,unknown,unknown,1400000.0,9655.17,appartement,sale,,unknown,Fri Aug 14 2026 16:31:10 GMT+0100 (UTC+01:00),,valid,,unique,,Vente Appartement à guéliz,1 400 000 DH,"Guéliz, Marrakech",145 m² 4 Pièces 2 Chambres 1 Salle de bain,git:HEAD:data/raw/maisonlux_maroc_complet.csv
mubawab.ma:content:d7214c049c4eabfedbe02271,mubawab.ma,,Casablanca,Mers Sultan,Casablanca-Settat,,,158.0,3.0,2.0,unknown,unknown,unknown,unknown,2050000.0,12974.68,appartement,sale,,unknown,Fri Aug 14 2026 16:31:10 GMT+0100 (UTC+01:00),,valid,,unique,,Superbe appartement de 158m2,2 050 000 DH,"Mers Sultan, Casablanca",158 m² 5 Pièces 3 Chambres 2 Salles de bains,git:HEAD:data/raw/maisonlux_maroc_complet.csv
mubawab.ma:content:fc077033c4e1e562094cba42,mubawab.ma,,Casablanca,Aïn Sebaâ,Casablanca-Settat,,,102.0,2.0,2.0,unknown,unknown,unknown,unknown,1161500.0,11387.25,appartement,sale,,unknown,Fri Aug 14 2026 16:31:10 GMT+0100 (UTC+01:00),,valid,,unique,,Vente d'un bel appartement à Aïn Sebaâ. 2 belles chambres,1 161 500 DH,"Aïn Sebaâ, Casablanca",102 m² 4 Pièces 2 Chambres 2 Salles de bains,git:HEAD:data/raw/maisonlux_maroc_complet.csv
mubawab.ma:content:56e5cb2c94cd6899d1635d4b,mubawab.ma,,Tanger,De La Plage,Tangier-Tetouan-Al Hoceima,,,206.0,3.0,2.0,unknown,unknown,unknown,unknown,3600000.0,17475.73,appartement,sale,,unknown,Fri Aug 14 2026 16:31:10 GMT+0100 (UTC+01:00),,valid,,unique,,"Appartement à vendre 206 m², 3 chambres Quartier de la plage...",3 600 000 DH,"De La Plage, Tanger",206 m² 3 Chambres 2 Salles de bains,git:HEAD:data/raw/maisonlux_maroc_complet.csv
mubawab.ma:content:ba30e1eb1e9580fbddae0d76,mubawab.ma,,Tanger,Administratif,Tangier-Tetouan-Al Hoceima,,,48.0,1.0,1.0,unknown,unknown,unknown,unknown,990000.0,20625.0,appartement,sale,,unknown,Fri Aug 14 2026 16:31:10 GMT+0100 (UTC+01:00),,valid,,unique,,S. Nouveau appartements au cœur de Tanger,990 000 DH,"Administratif, Tanger",48 m² 2 Pièces 1 Ch. 1 Salle de bain,git:HEAD:data/raw/maisonlux_maroc_complet.csv
mubawab.ma:content:c20bea797984c5255f9fe5dc,mubawab.ma,,Casablanca,Les Hôpitaux,Casablanca-Settat,,,245.0,4.0,4.0,unknown,unknown,unknown,unknown,3650000.0,14897.96,appartement,sale,,unknown,Fri Aug 14 2026 16:31:10 GMT+0100 (UTC+01:00),,valid,,unique,,"Appartement à Vendre de 245.0 m² à Casablanca, Hopitaux",3 650 000 DH,"Les Hôpitaux, Casablanca",245 m² 7 Pièces 4 Chambres 4 Salles de bains,git:HEAD:data/raw/maisonlux_maroc_complet.csv
mubawab.ma:content:4a6a2c26ae0bcd56b49ef3d3,mubawab.ma,,Casablanca,Oulfa,Casablanca-Settat,,,50.0,2.0,1.0,unknown,unknown,unknown,unknown,330000.0,6600.0,appartement,sale,,unknown,Fri Aug 14 2026 16:31:10 GMT+0100 (UTC+01:00),,valid,,unique,,Appartement à vendre 2éme étage Azhar Oulfa Casa,330 000 DH,"Oulfa, Casablanca",50 m² 3 Pièces 2 Chambres 1 Salle de bain,git:HEAD:data/raw/maisonlux_maroc_complet.csv
mubawab.ma:content:17321e1dcaf22ef739fd3ead,mubawab.ma,,Casablanca,Bernoussi,Casablanca-Settat,,,72.0,2.0,1.0,unknown,unknown,unknown,unknown,670000.0,9305.56,appartement,sale,,unknown,Fri Aug 14 2026 16:31:10 GMT+0100 (UTC+01:00),,valid,,unique,,"Apartement de 72m² en vente, Résidence El Yassamine",670 000 DH,"Bernoussi, Casablanca",72 m² 3 Pièces 2 Chambres 1 Salle de bain,git:HEAD:data/raw/maisonlux_maroc_complet.csv
mubawab.ma:content:79d3db7009b7929139d1e366,mubawab.ma,,Tanger,Tanja Balia,Tangier-Tetouan-Al Hoceima,,,103.0,2.0,2.0,unknown,unknown,unknown,unknown,1442000.0,14000.0,appartement,sale,,unknown,Fri Aug 14 2026 16:31:10 GMT+0100 (UTC+01:00),,valid,,unique,,Appartement à vendre avec piscine à Tanger,1 442 000 DH,"Tanja Balia, Tanger",103 m² 3 Pièces 2 Chambres 2 Salles de bains,git:HEAD:data/raw/maisonlux_maroc_complet.csv
mubawab.ma:content:7da15df58c00fe430e27ba5a,mubawab.ma,,Tétouan,Wilaya,Tangier-Tetouan-Al Hoceima,,,125.0,3.0,3.0,furnished,unknown,unknown,unknown,1400000.0,11200.0,appartement,sale,,unknown,Fri Aug 14 2026 16:31:10 GMT+0100 (UTC+01:00),,valid,,unique,,Vend appartement à Wilaya. 3 chambres agréables. Bien meublé,1 400 000 DH,"Wilaya, Tétouan",125 m² 2 Pièces 3 Chambres 3 Salles de bains,git:HEAD:data/raw/maisonlux_maroc_complet.csv
mubawab.ma:native:8349579,mubawab.ma,8349579,Casablanca,Moulay Youssef,Casablanca-Settat,,,110.0,2.0,2.0,furnished,yes,unknown,unknown,1500000.0,13636.36,appartement,sale,,unknown,Wed Sep 02 2026 07:25:28 GMT+0100 (UTC+01:00),https://www.mubawab.ma/fr/a/8349579/appartement-110-m%C2%B2-%C3%A0-vendre-%E2%80%93-proche-h%C3%B4pital-moulay-youssef,valid,,unique,,,,,,data\external\recovery_archive\20260902T224619Z\misplaced_notebook_data\data\raw\maisondelux_raw.csv
mubawab.ma:native:8374260,mubawab.ma,8374260,Marrakech,Palmeraie de,Marrakech-Safi,,,125.0,2.0,2.0,unknown,yes,yes,unknown,1600000.0,12800.0,appartement,sale,,unknown,Wed Sep 02 2026 17:34:53 GMT+0100 (UTC+01:00),https://www.mubawab.ma/fr/a/8374260/vente-joli-appartement-sans-vis-%C3%A0-vis,valid,,unique,,,,,,data\external\recovery_archive\20260902T224619Z\misplaced_notebook_data\data\raw\maisondelux_raw.csv
mubawab.ma:content:6bd619f46e0b87e4a009408c,mubawab.ma,,Casablanca,Bourgogne Ouest,Casablanca-Settat,,,52.0,1.0,1.0,unknown,unknown,unknown,unknown,1180000.0,22692.31,appartement,sale,,unknown,Fri Aug 14 2026 16:31:10 GMT+0100 (UTC+01:00),,valid,,unique,,Vente d'un bel appartement à Bourgogne Ouest. 2 pièces confo...,1 180 000 DH,"Bourgogne Ouest, Casablanca",52 m² 2 Pièces 1 Ch. 1 Salle de bain,git:HEAD:data/raw/maisonlux_maroc_complet.csv
mubawab.ma:content:864c7aa8447b62fcc4cb3624,mubawab.ma,,Marrakech,Boulevard Med 6,Marrakech-Safi,,,78.0,2.0,2.0,unknown,unknown,unknown,unknown,2250000.0,28846.15,appartement,sale,,unknown,Fri Aug 14 2026 16:31:10 GMT+0100 (UTC+01:00),,valid,,unique,,Appartement Front De Golf A Prestigia,2 250 000 DH,"Boulevard Med 6, Marrakech",78 m² 5 Pièces 2 Chambres 2 Salles de bains,git:HEAD:data/raw/maisonlux_maroc_complet.csv
mubawab.ma:content:5f4c9fb3893c440987abb4a6,mubawab.ma,,Marrakech,Hay Mabrouka,Marrakech-Safi,,,53.0,2.0,1.0,unknown,unknown,unknown,unknown,630000.0,11886.79,appartement,sale,,unknown,Fri Aug 14 2026 16:31:10 GMT+0100 (UTC+01:00),,valid,,unique,,Appartement 2 chambres résidence Bassatine Targa,630 000 DH,"Hay Mabrouka, Marrakech",53 m² 6 Pièces 2 Chambres 1 Salle de bain,git:HEAD:data/raw/maisonlux_maroc_complet.csv
mubawab.ma:content:3be9822569543ea5288acc69,mubawab.ma,,Tanger,Casabarata,Tangier-Tetouan-Al Hoceima,,,200.0,5.0,2.0,unknown,unknown,unknown,unknown,2200000.0,11000.0,appartement,sale,,unknown,Fri Aug 14 2026 16:31:10 GMT+0100 (UTC+01:00),,valid,,unique,,Appt 200m² 5 ch Casabarata terrasse,2 200 000 DH,"Casabarata, Tanger",200 m² 8 Pièces 5 Chambres 2 Salles de bains,git:HEAD:data/raw/maisonlux_maroc_complet.csv
mubawab.ma:native:8004847,mubawab.ma,8004847,Casablanca,Burger,Casablanca-Settat,,,110.0,2.0,1.0,furnished,unknown,unknown,unknown,1100000.0,10000.0,appartement,sale,,unknown,Wed Sep 02 2026 12:38:12 GMT+0100 (UTC+01:00),https://www.mubawab.ma/fr/a/8004847/appartement-%C3%A0-vendre-de-110-0-m%C2%B2-%C3%A0-casablanca-burger,valid,,unique,,,,,,data\external\recovery_archive\20260902T224619Z\misplaced_notebook_data\data\raw\maisondelux_raw.csv
mubawab.ma:content:d5231168a35d9b635862fefa,mubawab.ma,,Casablanca,Racine,Casablanca-Settat,,,264.0,3.0,3.0,unknown,unknown,unknown,unknown,4850000.0,18371.21,appartement,sale,,unknown,Fri Aug 14 2026 16:31:10 GMT+0100 (UTC+01:00),,valid,,unique,,Appartement Moliere,4 850 000 DH,"Racine, Casablanca",264 m² 5 Pièces 3 Chambres 3 Salles de bains,git:HEAD:data/raw/maisonlux_maroc_complet.csv
mubawab.ma:content:c084729177b420a7d527995e,mubawab.ma,,Casablanca,Franceville,Casablanca-Settat,,,103.0,3.0,2.0,unknown,unknown,unknown,unknown,1853000.0,17990.29,appartement,sale,,unknown,Fri Aug 14 2026 16:31:10 GMT+0100 (UTC+01:00),,valid,,unique,,Appartement de prestige à vendre – 103 m²,1 853 000 DH,"Franceville, Casablanca",103 m² 4 Pièces 3 Chambres 2 Salles de bains,git:HEAD:data/raw/maisonlux_maroc_complet.csv
mubawab.ma:content:54de09fce40c9ad2aab44a0b,mubawab.ma,,Tanger,Ziaten,Tangier-Tetouan-Al Hoceima,,,100.0,3.0,2.0,unknown,unknown,yes,unknown,1600000.0,16000.0,appartement,sale,,unknown,Fri Aug 14 2026 16:31:10 GMT+0100 (UTC+01:00),,valid,,unique,,Appart Neuf 3 chambres Stade Tanger Balcon,1 600 000 DH,"Ziaten, Tanger",100 m² 4 Pièces 3 Chambres 2 Salles de bains,git:HEAD:data/raw/maisonlux_maroc_complet.csv
mubawab.ma:content:69fffbbaedb9732b1b97229a,mubawab.ma,,Casablanca,Oulfa,Casablanca-Settat,,,91.0,2.0,1.0,unknown,unknown,unknown,unknown,750000.0,8241.76,appartement,sale,,unknown,Fri Aug 14 2026 16:31:10 GMT+0100 (UTC+01:00),,valid,,unique,,"Appartement à vendre 91 m², 2 chambres Oulfa Casablanca",750 000 DH,"Oulfa, Casablanca",91 m² 2 Chambres 1 Salle de bain,git:HEAD:data/raw/maisonlux_maroc_complet.csv
mubawab.ma:native:8291035,mubawab.ma,8291035,Casablanca,Bourgogne Ouest,Casablanca-Settat,,,104.0,2.0,2.0,furnished,yes,yes,unknown,1900000.0,18269.23,appartement,sale,,unknown,Wed Sep 02 2026 12:15:39 GMT+0100 (UTC+01:00),https://www.mubawab.ma/fr/a/8291035/appartement-%C3%A0-vendre-104-m%C2%B2-2-chambres-bourgogne-ouest-casablanca,valid,,unique,,,,,,data\external\recovery_archive\20260902T224619Z\misplaced_notebook_data\data\raw\maisondelux_raw.csv
mubawab.ma:native:8303554,mubawab.ma,8303554,Casablanca,Maârif,Casablanca-Settat,,,300.0,3.0,1.0,furnished,yes,yes,unknown,20000000.0,66666.67,appartement,sale,,unknown,Wed Sep 02 2026 12:05:06 GMT+0100 (UTC+01:00),https://www.mubawab.ma/fr/a/8303554/immeuble-r5-au-maarif-14appartements-6magasins,valid,,unique,,,,,,data\external\recovery_archive\20260902T224619Z\misplaced_notebook_data\data\raw\maisondelux_raw.csv
mubawab.ma:content:28dfcf05659cfdcf2a2144a3,mubawab.ma,,Béni Mellal,Béni Mellal,Béni Mellal-Khénifra,,,66.0,2.0,1.0,unknown,unknown,unknown,unknown,440000.0,6666.67,appartement,sale,,unknown,Fri Aug 14 2026 16:31:10 GMT+0100 (UTC+01:00),,valid,,unique,,Bel appartement à vendre à Béni Mellal. 2 chambres. Concie...,440 000 DH,"Béni Mellal, Béni Mellal",66 m² 2 Pièces 2 Chambres 1 Salle de bain,git:HEAD:data/raw/maisonlux_maroc_complet.csv
mubawab.ma:native:8009858,mubawab.ma,8009858,Marrakech,Guéliz,Marrakech-Safi,,,101.0,3.0,2.0,unknown,yes,yes,unknown,1750000.0,17326.73,appartement,sale,,unknown,Wed Sep 02 2026 17:32:23 GMT+0100 (UTC+01:00),https://www.mubawab.ma/fr/a/8009858/app-3ch-avec-piscine-gu%C3%A9liz,valid,,unique,,,,,,data\external\recovery_archive\20260902T224619Z\misplaced_notebook_data\data\raw\maisondelux_raw.csv
mubawab.ma:native:8306790,mubawab.ma,8306790,Casablanca,Bourgogne Est,Casablanca-Settat,,,87.0,2.0,2.0,unknown,yes,unknown,unknown,1200000.0,13793.1,appartement,sale,,unknown,Wed Sep 02 2026 07:01:09 GMT+0100 (UTC+01:00),https://www.mubawab.ma/fr/a/8306790/appartement-%C3%A0-vendre-87-m%C2%B2-2-chambres-bourgogne-est-casablanca,valid,,unique,,,,,,data\external\recovery_archive\20260902T224619Z\misplaced_notebook_data\data\raw\maisondelux_raw.csv
mubawab.ma:content:4ce93d377af138cdfc6eb499,mubawab.ma,,Casablanca,Anassi,Casablanca-Settat,,,64.0,2.0,1.0,unknown,unknown,unknown,unknown,380000.0,5937.5,appartement,sale,,unknown,Fri Aug 14 2026 16:31:10 GMT+0100 (UTC+01:00),,valid,,unique,,Vend appartement à Anassi. Surface totale 64 m²,380 000 DH,"Anassi, Casablanca",64 m² 1 Pièce 2 Chambres 1 Salle de bain,git:HEAD:data/raw/maisonlux_maroc_complet.csv
mubawab.ma:content:6270f63d157fdf9cdfbf14af,mubawab.ma,,Casablanca,Californie,Casablanca-Settat,,,107.0,2.0,2.0,unknown,unknown,unknown,unknown,1550000.0,14485.98,appartement,sale,,unknown,Fri Aug 14 2026 16:31:10 GMT+0100 (UTC+01:00),,valid,,unique,,"Appartement à vendre 107 m², 2 chambres Californie Casablanc...",1 550 000 DH,"Californie, Casablanca",107 m² 2 Chambres 2 Salles de bains,git:HEAD:data/raw/maisonlux_maroc_complet.csv
mubawab.ma:content:52ca3f09df00bcab6aeeecd9,mubawab.ma,,Casablanca,Burger,Casablanca-Settat,,,168.0,3.0,1.0,unknown,unknown,unknown,unknown,1600000.0,9523.81,appartement,sale,,unknown,Fri Aug 14 2026 16:31:10 GMT+0100 (UTC+01:00),,valid,,unique,,"Appartement à vendre 168 m², 3 chambres Burger Casablanca",1 600 000 DH,"Burger, Casablanca",168 m² 3 Chambres 1 Salle de bain,git:HEAD:data/raw/maisonlux_maroc_complet.csv
mubawab.ma:content:3096203abbd370c614db53be,mubawab.ma,,Casablanca,Bourgogne Est,Casablanca-Settat,,,131.0,2.0,3.0,unknown,unknown,unknown,unknown,1660000.0,12671.76,appartement,sale,,unknown,Fri Aug 14 2026 16:31:10 GMT+0100 (UTC+01:00),,valid,,unique,,"Appartement à Vendre de 131.0 m² à Casablanca, Bourgogne Sid...",1 660 000 DH,"Bourgogne Est, Casablanca",131 m² 4 Pièces 2 Chambres 3 Salles de bains,git:HEAD:data/raw/maisonlux_maroc_complet.csv
mubawab.ma:content:4726109aedbdfbd234ffaa2e,mubawab.ma,,Casablanca,Val Fleury,Casablanca-Settat,,,99.0,2.0,2.0,unknown,unknown,unknown,unknown,1670000.0,16868.69,appartement,sale,,unknown,Fri Aug 14 2026 16:31:10 GMT+0100 (UTC+01:00),,valid,,unique,,Bel appartement lumineux de 99m² avec double façade,1 670 000 DH,"Val Fleury, Casablanca",99 m² 3 Pièces 2 Chambres 2 Salles de bains,git:HEAD:data/raw/maisonlux_maroc_complet.csv
mubawab.ma:native:8356009,mubawab.ma,8356009,Casablanca,Belvédère,Casablanca-Settat,,,134.0,3.0,1.0,furnished,unknown,yes,unknown,2200000.0,16417.91,appartement,sale,,unknown,Wed Sep 02 2026 08:55:57 GMT+0100 (UTC+01:00),https://www.mubawab.ma/fr/a/8356009/appartement-%C3%A0-vendre-134-m%C2%B2-3-chambres-belv%C3%A9d%C3%A8re-casablanca,valid,,unique,,,,,,data\external\recovery_archive\20260902T224619Z\misplaced_notebook_data\data\raw\maisondelux_raw.csv
mubawab.ma:content:f558fe710a7538936a5a2664,mubawab.ma,,Khouribga,Khouribga,Béni Mellal-Khénifra,,,111.0,3.0,2.0,unknown,unknown,unknown,unknown,750000.0,6756.76,appartement,sale,,unknown,Fri Aug 14 2026 16:31:10 GMT+0100 (UTC+01:00),,valid,,unique,,Appartement à vendre à Khouribga. Superficie 111 m². Avec as...,750 000 DH,"Khouribga, Khouribga",111 m² 3 Pièces 3 Chambres 2 Salles de bains,git:HEAD:data/raw/maisonlux_maroc_complet.csv
mubawab.ma:native:8265995,mubawab.ma,8265995,Casablanca,Triangle d'Or,Casablanca-Settat,,,273.0,3.0,3.0,furnished,yes,unknown,unknown,4000000.0,14652.01,appartement,sale,,unknown,Wed Sep 02 2026 12:19:56 GMT+0100 (UTC+01:00),https://www.mubawab.ma/fr/a/8265995/appartement-%C3%A0-vendre-de-273-0-m%C2%B2-%C3%A0-casablanca-triangle-d-or,valid,,unique,,,,,,data\external\recovery_archive\20260902T224619Z\misplaced_notebook_data\data\raw\maisondelux_raw.csv
mubawab.ma:content:435842576614ddf7e18abe3f,mubawab.ma,,Casablanca,Palmier,Casablanca-Settat,,,68.0,2.0,2.0,unknown,unknown,unknown,unknown,1580000.0,23235.29,appartement,sale,,unknown,Fri Aug 14 2026 16:31:10 GMT+0100 (UTC+01:00),,valid,,unique,,Nouveau Projet au Palmier – Appartements 2 Chambres Haut Sta...,1 580 000 DH,"Palmier, Casablanca",68 m² 3 Pièces 2 Chambres 2 Salles de bains,git:HEAD:data/raw/maisonlux_maroc_complet.csv
mubawab.ma:content:5a3b68c5c7bf6a50fe147855,mubawab.ma,,Casablanca,Sidi Moumen,Casablanca-Settat,,,137.0,2.0,1.0,unknown,unknown,unknown,unknown,1050000.0,7664.23,appartement,sale,,unknown,Fri Aug 14 2026 16:31:10 GMT+0100 (UTC+01:00),,valid,,unique,,"Appartement à vendre 137 m², 2 chambres Sidi Moumen Casablan...",1 050 000 DH,"Sidi Moumen, Casablanca",137 m² 2 Chambres 1 Salle de bain,git:HEAD:data/raw/maisonlux_maroc_complet.csv
mubawab.ma:content:6823d9adef308194b1cc9eba,mubawab.ma,,Casablanca,Palmier,Casablanca-Settat,,,82.0,2.0,2.0,unknown,unknown,unknown,unknown,1720000.0,20975.61,appartement,sale,,unknown,Fri Aug 14 2026 16:31:10 GMT+0100 (UTC+01:00),,valid,,unique,,Appartement haut standing à saisir,1 720 000 DH,"Palmier, Casablanca",82 m² 2 Pièces 2 Chambres 2 Salles de bains,git:HEAD:data/raw/maisonlux_maroc_complet.csv
mubawab.ma:native:8372029,mubawab.ma,8372029,Marrakech,l’Hivernage,Marrakech-Safi,,,91.0,2.0,1.0,unknown,yes,unknown,unknown,1850000.0,20329.67,appartement,sale,,unknown,Wed Sep 02 2026 21:45:26 GMT+0100 (UTC+01:00),https://www.mubawab.ma/fr/a/8372029/belle-opportunit%C3%A9-%C3%A0-l%E2%80%99hivernage-%E2%80%93-2-chambres-avec-parking-titr%C3%A9,valid,,unique,,,,,,data\external\recovery_archive\20260902T224619Z\misplaced_notebook_data\data\raw\maisondelux_raw.csv
mubawab.ma:native:8400577,mubawab.ma,8400577,Casablanca,Oulfa,Casablanca-Settat,,,48.0,1.0,1.0,furnished,unknown,unknown,unknown,5530000.0,115208.33,appartement,sale,,unknown,Wed Sep 02 2026 06:42:09 GMT+0100 (UTC+01:00),https://www.mubawab.ma/fr/a/8400577/appartement-%C3%A0-vendre-au-c%C5%93ur-de-haj-fath-oulfa,valid,,unique,,,,,,data\external\recovery_archive\20260902T224619Z\misplaced_notebook_data\data\raw\maisondelux_raw.csv
mubawab.ma:content:6265a8214ffd757ce16c11fc,mubawab.ma,,Témara,Abbadi,Rabat-Salé-Kenitra,,,136.0,3.0,2.0,unknown,unknown,unknown,unknown,1280000.0,9411.76,appartement,sale,,unknown,Fri Aug 14 2026 16:31:10 GMT+0100 (UTC+01:00),,valid,,unique,,Appartement à vendre à Témara – Lotissement Abbadi شقة للبي...,1 280 000 DH,"Abbadi, Temara",136 m² 4 Pièces 3 Chambres 2 Salles de bains,git:HEAD:data/raw/maisonlux_maroc_complet.csv
mubawab.ma:content:04bf7f4f0338b314aaee1bc9,mubawab.ma,,Casablanca,Belvédère,Casablanca-Settat,,,106.0,3.0,2.0,unknown,unknown,unknown,unknown,1280000.0,12075.47,appartement,sale,,unknown,Fri Aug 14 2026 16:31:10 GMT+0100 (UTC+01:00),,valid,,unique,,"Appartement à Vendre de 106.0 m² à Casablanca, Belvedere Roc...",1 280 000 DH,"Belvédère, Casablanca",106 m² 5 Pièces 3 Chambres 2 Salles de bains,git:HEAD:data/raw/maisonlux_maroc_complet.csv
mubawab.ma:native:8354717,mubawab.ma,8354717,Casablanca,Maârif,Casablanca-Settat,,,127.0,3.0,2.0,unknown,unknown,yes,unknown,1500000.0,11811.02,appartement,sale,,unknown,Wed Sep 02 2026 07:19:41 GMT+0100 (UTC+01:00),https://www.mubawab.ma/fr/a/8354717/vente-appartement-maarif,valid,,unique,,,,,,data\external\recovery_archive\20260902T224619Z\misplaced_notebook_data\data\raw\maisondelux_raw.csv
mubawab.ma:content:8d0f5012dc4eb001148d5a8d,mubawab.ma,,Marrakech,Camp Al Ghoul,Marrakech-Safi,,,50.0,1.0,1.0,unknown,unknown,unknown,unknown,1200000.0,24000.0,appartement,sale,,unknown,Fri Aug 14 2026 16:31:10 GMT+0100 (UTC+01:00),,valid,,unique,,Appartement quartier Victor Hugo,1 200 000 DH,"Camp Al Ghoul, Marrakech",50 m² 2 Pièces 1 Ch. 1 Salle de bain,git:HEAD:data/raw/maisonlux_maroc_complet.csv
mubawab.ma:content:f0a61c1cabd23906e5500640,mubawab.ma,,Casablanca,Mers Sultan,Casablanca-Settat,,,146.0,2.0,2.0,unknown,unknown,unknown,unknown,1900000.0,13013.7,appartement,sale,,unknown,Fri Aug 14 2026 16:31:10 GMT+0100 (UTC+01:00),,valid,,unique,,Appartement à Vendre de 146.0 m² à,1 900 000 DH,"Mers Sultan, Casablanca",146 m² 4 Pièces 2 Chambres 2 Salles de bains,git:HEAD:data/raw/maisonlux_maroc_complet.csv
mubawab.ma:url:393c1249f763236c4a844ba7,mubawab.ma,,Marrakech,seulement 5 minutes de la gare de,Marrakech-Safi,,,52.0,1.0,1.0,furnished,yes,unknown,unknown,676000.0,13000.0,appartement,sale,,unknown,Wed Sep 02 2026 17:12:48 GMT+0100 (UTC+01:00),https://www.mubawab.ma/fr/pa/8154985/vente-d-un-bel-appartement-%C3%A0-ain-mezouar-gueliz-1-chambre,valid,,unique,,,,,,data\external\recovery_archive\20260902T224619Z\misplaced_notebook_data\data\raw\maisondelux_raw.csv
mubawab.ma:content:9f9794446d1f9bb28280e32c,mubawab.ma,,Casablanca,Tantonville,Casablanca-Settat,,,143.0,3.0,3.0,unknown,unknown,unknown,unknown,1800000.0,12587.41,appartement,sale,,unknown,Fri Aug 14 2026 16:31:10 GMT+0100 (UTC+01:00),,valid,,unique,,À Vendre – Bel Appartement de 143 m² Casablanca,1 800 000 DH,"Tantonville, Casablanca",143 m² 4 Pièces 3 Chambres 3 Salles de bains,git:HEAD:data/raw/maisonlux_maroc_complet.csv
mubawab.ma:native:8192185,mubawab.ma,8192185,Casablanca,Maârif Extension,Casablanca-Settat,,,132.0,3.0,2.0,furnished,yes,unknown,unknown,1980000.0,15000.0,appartement,sale,,unknown,Wed Sep 02 2026 12:20:48 GMT+0100 (UTC+01:00),https://www.mubawab.ma/fr/a/8192185/appartement-%C3%A0-vendre-de-132-0-m%C2%B2-%C3%A0-casablanca-maarif-extension,valid,,unique,,,,,,data\external\recovery_archive\20260902T224619Z\misplaced_notebook_data\data\raw\maisondelux_raw.csv
mubawab.ma:content:f6907c16ca6d1a1e571d23f7,mubawab.ma,,Casablanca,Hay Hassani,Casablanca-Settat,,,63.0,2.0,1.0,unknown,unknown,unknown,unknown,460000.0,7301.59,appartement,sale,,unknown,Fri Aug 14 2026 16:31:10 GMT+0100 (UTC+01:00),,valid,,unique,,Appartement a vendre hay hassani,460 000 DH,"Hay Hassani, Casablanca",63 m² 2 Pièces 2 Chambres 1 Salle de bain,git:HEAD:data/raw/maisonlux_maroc_complet.csv
mubawab.ma:content:68c38f03ef8cb736272856b8,mubawab.ma,,Fès,Fes City Center,Fez-Meknes,,,123.0,3.0,2.0,unknown,unknown,unknown,unknown,11000000.0,89430.89,appartement,sale,,unknown,Fri Aug 14 2026 16:31:10 GMT+0100 (UTC+01:00),,valid,,unique,,Vend appartement à Fes City Center. 3 belles chambres. Bien...,11 000 000 DH,"Fes City Center, Fès",123 m² 1 Pièce 3 Chambres 2 Salles de bains,git:HEAD:data/raw/maisonlux_maroc_complet.csv
mubawab.ma:content:c77970e782f2bc6a4947281f,mubawab.ma,,Marrakech,Guéliz,Marrakech-Safi,,,60.0,1.0,1.0,unknown,unknown,unknown,unknown,960000.0,16000.0,appartement,sale,,unknown,Fri Aug 14 2026 16:31:10 GMT+0100 (UTC+01:00),,valid,,unique,,Votre futur T2 Idéal premier achat ou investissement,960 000 DH,"Guéliz, Marrakech",60 m² 2 Pièces 1 Ch. 1 Salle de bain,git:HEAD:data/raw/maisonlux_maroc_complet.csv
mubawab.ma:content:393827bbe3bab126d0c20568,mubawab.ma,,Casablanca,Racine,Casablanca-Settat,,,150.0,3.0,2.0,unknown,unknown,unknown,unknown,2000000.0,13333.33,appartement,sale,,unknown,Fri Aug 14 2026 16:31:10 GMT+0100 (UTC+01:00),,valid,,unique,,Bel emplacement triangle d or,2 000 000 DH,"Racine, Casablanca",150 m² 3 Chambres 2 Salles de bains,git:HEAD:data/raw/maisonlux_maroc_complet.csv
mubawab.ma:native:8317965,mubawab.ma,8317965,Casablanca,Gauthier,Casablanca-Settat,,,180.0,4.0,2.0,furnished,yes,yes,unknown,2500000.0,13888.89,appartement,sale,,unknown,Wed Sep 02 2026 06:52:00 GMT+0100 (UTC+01:00),https://www.mubawab.ma/fr/a/8317965/appartement-180-m%C2%B2-6eme-%C3%A9tage-gauthier,valid,,unique,,,,,,data\external\recovery_archive\20260902T224619Z\misplaced_notebook_data\data\raw\maisondelux_raw.csv
mubawab.ma:content:31fdeaff1fa9b303dc3572ee,mubawab.ma,,Casablanca,Oasis,Casablanca-Settat,,,128.0,3.0,2.0,unknown,unknown,unknown,unknown,2076000.0,16218.75,appartement,sale,,unknown,Fri Aug 14 2026 16:31:10 GMT+0100 (UTC+01:00),,valid,,unique,,Un Appartement agréable à Vendre,2 076 000 DH,"Oasis, Casablanca",128 m² 4 Pièces 3 Chambres 2 Salles de bains,git:HEAD:data/raw/maisonlux_maroc_complet.csv
mubawab.ma:content:de20d465f6e01607224a4718,mubawab.ma,,Casablanca,Al Qods,Casablanca-Settat,,,111.0,3.0,2.0,unknown,unknown,unknown,unknown,1500000.0,13513.51,appartement,sale,,unknown,Fri Aug 14 2026 16:31:10 GMT+0100 (UTC+01:00),,valid,,unique,,"Appartement à vendre 111 m², 3 chambres Addaman Casablanca",1 500 000 DH,"Al Qods, Casablanca",111 m² 3 Chambres 2 Salles de bains,git:HEAD:data/raw/maisonlux_maroc_complet.csv
mubawab.ma:native:8314039,mubawab.ma,8314039,Agadir,le quartier recherché Islane à,Souss-Massa,,,144.0,3.0,2.0,unknown,unknown,unknown,unknown,1950000.0,13541.67,appartement,sale,,unknown,Wed Sep 02 2026 00:59:25 GMT+0100 (UTC+01:00),https://www.mubawab.ma/fr/a/8314039/appartement-spacieux-et-lumineux-islane,valid,,unique,,,,,,data\external\recovery_archive\20260902T224619Z\misplaced_notebook_data\data\raw\maisondelux_raw.csv
mubawab.ma:content:d199d070bcdc967c34082e36,mubawab.ma,,Tanger,Mghogha,Tangier-Tetouan-Al Hoceima,,,95.0,3.0,1.0,unknown,unknown,unknown,unknown,800000.0,8421.05,appartement,sale,,unknown,Fri Aug 14 2026 16:31:10 GMT+0100 (UTC+01:00),,valid,,unique,,Appartement 3chambres,800 000 DH,"Mghogha, Tanger",95 m² 5 Pièces 3 Chambres 1 Salle de bain,git:HEAD:data/raw/maisonlux_maroc_complet.csv
mubawab.ma:content:a2bd12259b6bc405eb1f3f7e,mubawab.ma,,Marrakech,Samlalia,Marrakech-Safi,,,80.0,2.0,3.0,unknown,unknown,unknown,unknown,1700000.0,21250.0,appartement,sale,,unknown,Fri Aug 14 2026 16:31:10 GMT+0100 (UTC+01:00),,valid,,unique,,Appartement en vente à Samlalia. Superficie 80 m²,1 700 000 DH,"Samlalia, Marrakech",80 m² 2 Pièces 2 Chambres 3 Salles de bains,git:HEAD:data/raw/maisonlux_maroc_complet.csv
mubawab.ma:content:2e3f175985c4539a5438f5ea,mubawab.ma,,Tanger,Tanger City Center,Tangier-Tetouan-Al Hoceima,,,67.0,2.0,,unknown,unknown,unknown,unknown,2140000.0,31940.3,appartement,sale,,unknown,Fri Aug 14 2026 16:31:10 GMT+0100 (UTC+01:00),,valid,,unique,,Vend appartement à View Tower,2 140 000 DH,"Tanger City Center, Tanger",67 m² 3 Pièces 2 Chambres,git:HEAD:data/raw/maisonlux_maroc_complet.csv
mubawab.ma:native:8370071,mubawab.ma,8370071,Marrakech,Guéliz,Marrakech-Safi,,,82.0,2.0,2.0,furnished,yes,unknown,unknown,1950000.0,23780.49,appartement,sale,,unknown,Wed Sep 02 2026 22:00:12 GMT+0100 (UTC+01:00),https://www.mubawab.ma/fr/a/8370071/gu%C3%A9liz-appt-r%C3%A9nov%C3%A9-2-suites-avec-vue-d%C3%A9gag%C3%A9e,valid,,unique,,,,,,data\external\recovery_archive\20260902T224619Z\misplaced_notebook_data\data\raw\maisondelux_raw.csv
mubawab.ma:native:8275441,mubawab.ma,8275441,Casablanca,Les princesses,Casablanca-Settat,,,105.0,3.0,3.0,furnished,yes,unknown,unknown,1840000.0,17523.81,appartement,sale,,unknown,Wed Sep 02 2026 12:33:35 GMT+0100 (UTC+01:00),https://www.mubawab.ma/fr/a/8275441/appartement-%C3%A0-vendre-de-105-0-m%C2%B2-%C3%A0-casablanca-les-princesses,valid,,unique,,,,,,data\external\recovery_archive\20260902T224619Z\misplaced_notebook_data\data\raw\maisondelux_raw.csv
mubawab.ma:content:923a6717c05657b4f0e500c6,mubawab.ma,,Casablanca,Hermitage,Casablanca-Settat,,,126.0,4.0,2.0,unknown,unknown,unknown,unknown,2073750.0,16458.33,appartement,sale,,unknown,Fri Aug 14 2026 16:31:10 GMT+0100 (UTC+01:00),,valid,,unique,,Appartment/ résidence fermée/3 chambres/ hermitage,2 073 750 DH,"Hermitage, Casablanca",126 m² 4 Pièces 4 Chambres 2 Salles de bains,git:HEAD:data/raw/maisonlux_maroc_complet.csv
mubawab.ma:content:79e61d3725a6caea5f41083a,mubawab.ma,,Agadir,Secteur Touristique,Souss-Massa,,,240.0,3.0,4.0,unknown,unknown,unknown,yes,6600000.0,27500.0,appartement,sale,,unknown,Fri Aug 14 2026 16:31:10 GMT+0100 (UTC+01:00),,valid,,unique,,Appartement Penthouse de luxe superbe vue mer,6 600 000 DH,"Secteur Touristique, Agadir",240 m² 12 Pièces 3 Chambres 4 Salles de bains,git:HEAD:data/raw/maisonlux_maroc_complet.csv
mubawab.ma:native:8387265,mubawab.ma,8387265,Tanger,Tanger City Center,Tangier-Tetouan-Al Hoceima,,,75.0,2.0,2.0,furnished,yes,unknown,unknown,3000000.0,40000.0,appartement,sale,,unknown,Tue Sep 01 2026 23:32:17 GMT+0100 (UTC+01:00),https://www.mubawab.ma/fr/a/8387265/appart-meuble-2-chambre-tanger-city-center-vendre,valid,,unique,,,,,,data\external\recovery_archive\20260902T224619Z\misplaced_notebook_data\data\raw\maisondelux_raw.csv
mubawab.ma:native:8306972,mubawab.ma,8306972,Casablanca,Ferme Bretonne,Casablanca-Settat,,,70.0,2.0,2.0,unknown,yes,unknown,unknown,1470000.0,21000.0,appartement,sale,,unknown,Wed Sep 02 2026 11:54:00 GMT+0100 (UTC+01:00),https://www.mubawab.ma/fr/a/8306972/appartement-70m%C2%B2-%C3%A0-ferme-bretonne-casablanca,valid,,unique,,,,,,data\external\recovery_archive\20260902T224619Z\misplaced_notebook_data\data\raw\maisondelux_raw.csv
mubawab.ma:native:8386536,mubawab.ma,8386536,Casablanca,Almaz,Casablanca-Settat,,,84.0,2.0,2.0,unknown,yes,yes,unknown,1200000.0,14285.71,appartement,sale,,unknown,Wed Sep 02 2026 07:13:49 GMT+0100 (UTC+01:00),https://www.mubawab.ma/fr/a/8386536/appartement-ensoleill%C3%A9-%C3%A0-vendre-%E2%80%93-quartier-almaz,valid,,unique,,,,,,data\external\recovery_archive\20260902T224619Z\misplaced_notebook_data\data\raw\maisondelux_raw.csv
mubawab.ma:native:8400636,mubawab.ma,8400636,Rabat,Souissi,Rabat-Salé-Kenitra,,,124.0,3.0,2.0,unknown,yes,unknown,unknown,3300000.0,26612.9,appartement,sale,,unknown,Tue Sep 01 2026 18:35:37 GMT+0100 (UTC+01:00),https://www.mubawab.ma/fr/a/8400636/opportunit%C3%A9-%C3%A0-saisir-appartement-presque-neuf,valid,,unique,,Opportunité à saisir: Appartement presque neuf,3300000.0 MAD,Souissi à Rabat,,data\external\recovery_archive\20260902T224619Z\dangling_v3_tree_87e06eeb\data\raw\maisonlux_scrapy_v3.csv
mubawab.ma:content:665881441a06310a88dc54ed,mubawab.ma,,Marrakech,Hivernage,Marrakech-Safi,,,160.0,3.0,2.0,unknown,unknown,unknown,unknown,4000000.0,25000.0,appartement,sale,,unknown,Fri Aug 14 2026 16:31:10 GMT+0100 (UTC+01:00),,valid,,unique,,Appartement à l'achat à Hivernage. 6 pièces. Tout confort av...,4 000 000 DH,"Hivernage, Marrakech",160 m² 6 Pièces 3 Chambres 2 Salles de bains,git:HEAD:data/raw/maisonlux_maroc_complet.csv
mubawab.ma:content:a94eea6e3fc3c8eb9d4dd28e,mubawab.ma,,Tanger,Zemmouri,Tangier-Tetouan-Al Hoceima,,,107.0,2.0,1.0,unknown,unknown,unknown,unknown,1150000.0,10747.66,appartement,sale,,unknown,Fri Aug 14 2026 16:31:10 GMT+0100 (UTC+01:00),,valid,,unique,,Appartment à vendre à Zemmouri 107m2,1 150 000 DH,"Zemmouri, Tanger",107 m² 1 Pièce 2 Chambres 1 Salle de bain,git:HEAD:data/raw/maisonlux_maroc_complet.csv
mubawab.ma:content:283936f3b80e45cd24d2609e,mubawab.ma,,Casablanca,Beausite,Casablanca-Settat,,,55.0,2.0,1.0,unknown,unknown,unknown,unknown,390000.0,7090.91,appartement,sale,,unknown,Fri Aug 14 2026 16:31:10 GMT+0100 (UTC+01:00),,valid,,unique,,Appartement à vendre Ain sebaa coté ENCG et Marjan,390 000 DH,"Beausite, Casablanca",55 m² 1 Pièce 2 Chambres 1 Salle de bain,git:HEAD:data/raw/maisonlux_maroc_complet.csv
mubawab.ma:content:6ebf06f9c544ccf84abd4156,mubawab.ma,,Casablanca,Palmier,Casablanca-Settat,,,60.0,2.0,1.0,unknown,unknown,unknown,unknown,1260000.0,21000.0,appartement,sale,,unknown,Fri Aug 14 2026 16:31:10 GMT+0100 (UTC+01:00),,valid,,unique,,Reserver votre appartement des maintenant,1 260 000 DH,"Palmier, Casablanca",60 m² 3 Pièces 2 Chambres 1 Salle de bain,git:HEAD:data/raw/maisonlux_maroc_complet.csv
mubawab.ma:url:0f94ee5dde7bbc8d04a90b2a,mubawab.ma,,Casablanca,Oasis,Casablanca-Settat,,,73.0,2.0,1.0,unknown,yes,unknown,unknown,1825000.0,25000.0,appartement,sale,,unknown,Wed Sep 02 2026 02:56:44 GMT+0100 (UTC+01:00),https://www.mubawab.ma/fr/pa/8319811/appartement-%C3%A0-vendre-%C3%A0-oasis-superficie-73m%C2%B2,valid,,unique,,,,,,data\external\recovery_archive\20260902T224619Z\misplaced_notebook_data\data\raw\maisondelux_raw.csv
mubawab.ma:content:79d1ebf6697c4eda03af21c3,mubawab.ma,,Tanger,Achakar,Tangier-Tetouan-Al Hoceima,,,60.0,2.0,1.0,unknown,unknown,unknown,unknown,450000.0,7500.0,appartement,sale,,unknown,Fri Aug 14 2026 16:31:10 GMT+0100 (UTC+01:00),,valid,,unique,,Superbe appartement à vendre à Achakar. 1 Pièce. Salon typiq...,450 000 DH,"Achakar, Tanger",60 m² 1 Pièce 2 Chambres 1 Salle de bain,git:HEAD:data/raw/maisonlux_maroc_complet.csv
mubawab.ma:content:3e6c5b4e595f12aa84eb687b,mubawab.ma,,Casablanca,Californie,Casablanca-Settat,,,101.0,2.0,3.0,unknown,unknown,unknown,unknown,1380000.0,13663.37,appartement,sale,,unknown,Fri Aug 14 2026 16:31:10 GMT+0100 (UTC+01:00),,valid,,unique,,"Appartement à Vendre de 101.0 m² à Casablanca, Californie",1 380 000 DH,"Californie, Casablanca",101 m² 4 Pièces 2 Chambres 3 Salles de bains,git:HEAD:data/raw/maisonlux_maroc_complet.csv
mubawab.ma:native:8306414,mubawab.ma,8306414,Casablanca,Aïn Sebaâ,Casablanca-Settat,,,64.0,2.0,1.0,unknown,unknown,unknown,unknown,8850000.0,138281.25,appartement,sale,,unknown,Wed Sep 02 2026 11:42:54 GMT+0100 (UTC+01:00),https://www.mubawab.ma/fr/a/8306414/vente-appartement-%C3%A0-ain-sebaa,valid,,unique,,,,,,data\external\recovery_archive\20260902T224619Z\misplaced_notebook_data\data\raw\maisondelux_raw.csv
mubawab.ma:content:25c2fd613342b97a9f33e427,mubawab.ma,,Casablanca,Almaz,Casablanca-Settat,,,142.0,3.0,2.0,unknown,unknown,unknown,unknown,2300000.0,16197.18,appartement,sale,,unknown,Fri Aug 14 2026 16:31:10 GMT+0100 (UTC+01:00),,valid,,unique,,Appartement haut standing à vendre Quartier Almaz,2 300 000 DH,"Almaz, Casablanca",142 m² 10 Pièces 3 Chambres 2 Salles de bains,git:HEAD:data/raw/maisonlux_maroc_complet.csv
mubawab.ma:content:59928e84e1b83aa0e6fb4a0c,mubawab.ma,,Casablanca,Les Hôpitaux,Casablanca-Settat,,,119.0,3.0,2.0,unknown,unknown,unknown,unknown,1450000.0,12184.87,appartement,sale,,unknown,Fri Aug 14 2026 16:31:10 GMT+0100 (UTC+01:00),,valid,,unique,,"Appartement à Vendre de 119.0 m² à Casablanca, Hopitaux",1 450 000 DH,"Les Hôpitaux, Casablanca",119 m² 5 Pièces 3 Chambres 2 Salles de bains,git:HEAD:data/raw/maisonlux_maroc_complet.csv
mubawab.ma:content:d9278168d150a0a77c50a590,mubawab.ma,,Mohammedia,La Siesta,Casablanca-Settat,,,135.0,3.0,2.0,unknown,unknown,unknown,unknown,2000000.0,14814.81,appartement,sale,,unknown,Fri Aug 14 2026 16:31:10 GMT+0100 (UTC+01:00),,valid,,unique,,Appartement El Mansouria luxe et confort,2 000 000 DH,"La Siesta, Mohammedia",135 m² 7 Pièces 3 Chambres 2 Salles de bains,git:HEAD:data/raw/maisonlux_maroc_complet.csv
mubawab.ma:content:8b99e2fe5866dcde2c51dc23,mubawab.ma,,Tanger,Sania,Tangier-Tetouan-Al Hoceima,,,112.0,3.0,2.0,unknown,unknown,unknown,unknown,2184000.0,19500.0,appartement,sale,,unknown,Fri Aug 14 2026 16:31:10 GMT+0100 (UTC+01:00),,valid,,unique,,Appartement MALABATA HILLS 3 chambres,2 184 000 DH,"Sania, Tanger",112 m² 5 Pièces 3 Chambres 2 Salles de bains,git:HEAD:data/raw/maisonlux_maroc_complet.csv
mubawab.ma:content:9b9719fa63f9b5346894b23a,mubawab.ma,,Agadir,Riad Salam,Souss-Massa,,,77.0,2.0,1.0,unknown,unknown,unknown,unknown,900000.0,11688.31,appartement,sale,,unknown,Fri Aug 14 2026 16:31:10 GMT+0100 (UTC+01:00),,valid,,unique,,Appartement proximité souk El Had,900 000 DH,"Riad Salam, Agadir",77 m² 3 Pièces 2 Chambres 1 Salle de bain,git:HEAD:data/raw/maisonlux_maroc_complet.csv
mubawab.ma:content:1dc6b1d0848cb06028b5304c,mubawab.ma,,Casablanca,Sidi Moumen,Casablanca-Settat,,,61.0,2.0,1.0,unknown,unknown,unknown,unknown,460000.0,7540.98,appartement,sale,,unknown,Fri Aug 14 2026 16:31:10 GMT+0100 (UTC+01:00),,valid,,unique,,Appartement à vendre,460 000 DH,"Sidi Moumen, Casablanca",61 m² 4 Pièces 2 Chambres 1 Salle de bain,git:HEAD:data/raw/maisonlux_maroc_complet.csv
mubawab.ma:native:8315038,mubawab.ma,8315038,Casablanca,Beauséjour,Casablanca-Settat,,,132.0,4.0,2.0,furnished,yes,unknown,unknown,1800000.0,13636.36,appartement,sale,,unknown,Wed Sep 02 2026 11:45:19 GMT+0100 (UTC+01:00),https://www.mubawab.ma/fr/a/8315038/appartement-%C3%A0-vendre-132-m%C2%B2-4-chambres-beaus%C3%A9jour-casablanca,valid,,unique,,,,,,data\external\recovery_archive\20260902T224619Z\misplaced_notebook_data\data\raw\maisondelux_raw.csv
mubawab.ma:native:8288019,mubawab.ma,8288019,Casablanca,Maârif Extension,Casablanca-Settat,,,167.0,3.0,3.0,unknown,yes,unknown,unknown,2100000.0,12574.85,appartement,sale,,unknown,Wed Sep 02 2026 11:12:45 GMT+0100 (UTC+01:00),https://www.mubawab.ma/fr/a/8288019/appartement-%C3%A0-vendre-167-m%C2%B2-3-chambres-ma%C3%A2rif-extension-casablanca,valid,,unique,,,,,,data\external\recovery_archive\20260902T224619Z\misplaced_notebook_data\data\raw\maisondelux_raw.csv
mubawab.ma:content:29cd29cadcc15d439d89c93d,mubawab.ma,,Casablanca,Anfa,Casablanca-Settat,,,162.0,3.0,2.0,unknown,unknown,unknown,unknown,1900000.0,11728.4,appartement,sale,,unknown,Fri Aug 14 2026 16:31:10 GMT+0100 (UTC+01:00),,valid,,unique,,Appartement avec vue exceptionnelle sur mer – Boulevard d’An...,1 900 000 DH,"Anfa, Casablanca",162 m² 5 Pièces 3 Chambres 2 Salles de bains,git:HEAD:data/raw/maisonlux_maroc_complet.csv
mubawab.ma:content:7d231eef46a1f7f7a89f94b2,mubawab.ma,,Casablanca,Les Hôpitaux,Casablanca-Settat,,,154.0,3.0,2.0,unknown,unknown,unknown,unknown,1650000.0,10714.29,appartement,sale,,unknown,Fri Aug 14 2026 16:31:10 GMT+0100 (UTC+01:00),,valid,,unique,,Particulier Vend appartement à Les Hôpitaux. Surface de 154...,1 650 000 DH,"Les Hôpitaux, Casablanca",154 m² 3 Pièces 3 Chambres 2 Salles de bains,git:HEAD:data/raw/maisonlux_maroc_complet.csv
mubawab.ma:native:8367500,mubawab.ma,8367500,Casablanca,Roches Noires,Casablanca-Settat,,,122.0,3.0,1.0,furnished,yes,unknown,unknown,1220000.0,10000.0,appartement,sale,,unknown,Wed Sep 02 2026 07:33:46 GMT+0100 (UTC+01:00),https://www.mubawab.ma/fr/a/8367500/appartement-%C3%A0-vendre-de-122-0-m%C2%B2-%C3%A0-casablanca-roches-noires,valid,,unique,,,,,,data\external\recovery_archive\20260902T224619Z\misplaced_notebook_data\data\raw\maisondelux_raw.csv
mubawab.ma:native:8261978,mubawab.ma,8261978,Casablanca,Maârif Extension,Casablanca-Settat,,,95.0,2.0,2.0,unknown,yes,yes,unknown,1400000.0,14736.84,appartement,sale,,unknown,Wed Sep 02 2026 07:24:09 GMT+0100 (UTC+01:00),https://www.mubawab.ma/fr/a/8261978/appartement-%C3%A0-vendre-95-m%C2%B2-2-chambres-ma%C3%A2rif-extension-casablanca,valid,,unique,,,,,,data\external\recovery_archive\20260902T224619Z\misplaced_notebook_data\data\raw\maisondelux_raw.csv
mubawab.ma:content:3121fcab1b3784db7d9d6102,mubawab.ma,,Casablanca,Oulfa,Casablanca-Settat,,,79.0,3.0,1.0,unknown,unknown,unknown,unknown,908500.0,11500.0,appartement,sale,,unknown,Fri Aug 14 2026 16:31:10 GMT+0100 (UTC+01:00),,valid,,unique,,Bel appartement à vendre à Oulfa. 3 chambres,908 500 DH,"Oulfa, Casablanca",79 m² 4 Pièces 3 Chambres 1 Salle de bain,git:HEAD:data/raw/maisonlux_maroc_complet.csv
mubawab.ma:native:8352964,mubawab.ma,8352964,Casablanca,Sidi Maarouf,Casablanca-Settat,,,105.0,3.0,1.0,furnished,yes,unknown,unknown,1150000.0,10952.38,appartement,sale,,unknown,Wed Sep 02 2026 09:00:43 GMT+0100 (UTC+01:00),https://www.mubawab.ma/fr/a/8352964/appartement-en-vente-%C3%A0-sidi-ma%C3%A2rouf-4-pi%C3%A8ces-confortables-ascenseur,valid,,unique,,,,,,data\external\recovery_archive\20260902T224619Z\misplaced_notebook_data\data\raw\maisondelux_raw.csv
mubawab.ma:content:e1340eb2e1d51e49fa8fe115,mubawab.ma,,Tanger,Moujahidine,Tangier-Tetouan-Al Hoceima,,,100.0,3.0,2.0,unknown,unknown,unknown,unknown,1060000.0,10600.0,appartement,sale,,unknown,Fri Aug 14 2026 16:31:10 GMT+0100 (UTC+01:00),,valid,,unique,,Appartements neufs à vendre à Moujahidine,1 060 000 DH,"Moujahidine, Tanger",100 m² 5 Pièces 3 Chambres 2 Salles de bains,git:HEAD:data/raw/maisonlux_maroc_complet.csv
mubawab.ma:content:8f67d1b3f7ec979ac17bda23,mubawab.ma,,Marrakech,Hivernage,Marrakech-Safi,,,133.0,3.0,2.0,unknown,unknown,unknown,unknown,2650000.0,19924.81,appartement,sale,,unknown,Fri Aug 14 2026 16:31:10 GMT+0100 (UTC+01:00),,valid,,unique,,Superbe appartement avec terrasse à hivernage,2 650 000 DH,"Hivernage, Marrakech",133 m² 4 Pièces 3 Chambres 2 Salles de bains,git:HEAD:data/raw/maisonlux_maroc_complet.csv
mubawab.ma:content:ca5a109d9004a1150f0af290,mubawab.ma,,Casablanca,Anfa,Casablanca-Settat,,,124.0,4.0,2.0,unknown,unknown,unknown,unknown,1350000.0,10887.1,appartement,sale,,unknown,Fri Aug 14 2026 16:31:10 GMT+0100 (UTC+01:00),,valid,,unique,,Vente appartement au quartier des hopitaux,1 350 000 DH,"Anfa, Casablanca",124 m² 4 Pièces 4 Chambres 2 Salles de bains,git:HEAD:data/raw/maisonlux_maroc_complet.csv
mubawab.ma:content:c7cb70b7df792785f2ab71d3,mubawab.ma,,Marrakech,Boulevard Med 6,Marrakech-Safi,,,141.0,2.0,2.0,unknown,unknown,unknown,unknown,3200000.0,22695.04,appartement,sale,,unknown,Fri Aug 14 2026 16:31:10 GMT+0100 (UTC+01:00),,valid,,unique,,Spacieux Appartement à vendre VE26016,3 200 000 DH,"Boulevard Med 6, Marrakech",141 m² 4 Pièces 2 Chambres 2 Salles de bains,git:HEAD:data/raw/maisonlux_maroc_complet.csv
mubawab.ma:content:73ddaf8695e9f74b8e806430,mubawab.ma,,Casablanca,Gauthier,Casablanca-Settat,,,136.0,2.0,1.0,unknown,unknown,unknown,unknown,1500000.0,11029.41,appartement,sale,,unknown,Fri Aug 14 2026 16:31:10 GMT+0100 (UTC+01:00),,valid,,unique,,Appartement à vendre à Gauthier. Surface de 136 m²,1 500 000 DH,"Gauthier, Casablanca",136 m² 4 Pièces 2 Chambres 1 Salle de bain,git:HEAD:data/raw/maisonlux_maroc_complet.csv
mubawab.ma:content:f0a1cefbbdf31f5c34d6c038,mubawab.ma,,Témara,Abbadi,Rabat-Salé-Kenitra,,,134.0,3.0,2.0,unknown,unknown,unknown,unknown,1080000.0,8059.7,appartement,sale,,unknown,Fri Aug 14 2026 16:31:10 GMT+0100 (UTC+01:00),,valid,,unique,,Apparemment à vendre sur Temara,1 080 000 DH,"Abbadi, Temara",134 m² 5 Pièces 3 Chambres 2 Salles de bains,git:HEAD:data/raw/maisonlux_maroc_complet.csv
mubawab.ma:content:c7cd5b3ea28d02e5aba876cb,mubawab.ma,,Témara,Al Moustakbal,Rabat-Salé-Kenitra,,,90.0,2.0,2.0,unknown,unknown,unknown,unknown,730000.0,8111.11,appartement,sale,,unknown,Fri Aug 14 2026 16:31:10 GMT+0100 (UTC+01:00),,valid,,unique,,Appt à vendre à Temara,730 000 DH,"Al Moustakbal, Temara",90 m² 2 Pièces 2 Chambres 2 Salles de bains,git:HEAD:data/raw/maisonlux_maroc_complet.csv
mubawab.ma:content:a34a45ea3d7835c1820be760,mubawab.ma,,Marrakech,Agdal,Marrakech-Safi,,,45.0,1.0,1.0,unknown,unknown,unknown,unknown,1490000.0,33111.11,appartement,sale,,unknown,Fri Aug 14 2026 16:31:10 GMT+0100 (UTC+01:00),,valid,,unique,,Vente d'un bel appartement Prestigia,1 490 000 DH,"Agdal, Marrakech",45 m² 2 Pièces 1 Ch. 1 Salle de bain,git:HEAD:data/raw/maisonlux_maroc_complet.csv
mubawab.ma:content:6bffb1828822ad7234b0011d,mubawab.ma,,Casablanca,Aïn Sebaâ,Casablanca-Settat,,,47.0,1.0,1.0,unknown,unknown,unknown,unknown,340000.0,7234.04,appartement,sale,,unknown,Fri Aug 14 2026 16:31:10 GMT+0100 (UTC+01:00),,valid,,unique,,Bel appartement à vendre à Aïn Sebaâ. Superficie 47 m². Pres...,340 000 DH,"Aïn Sebaâ, Casablanca",47 m² 1 Pièce 1 Ch. 1 Salle de bain,git:HEAD:data/raw/maisonlux_maroc_complet.csv
mubawab.ma:content:23c27a51632b0a56f37190e9,mubawab.ma,,Casablanca,Anfa,Casablanca-Settat,,,32.0,1.0,1.0,furnished,unknown,unknown,unknown,1050000.0,32812.5,appartement,sale,,unknown,Fri Aug 14 2026 16:31:10 GMT+0100 (UTC+01:00),,valid,,unique,,Appartement à vendre à Anfa. Surface de 32 m². Meublé,1 050 000 DH,"Anfa, Casablanca",32 m² 1 Pièce 1 Ch. 1 Salle de bain,git:HEAD:data/raw/maisonlux_maroc_complet.csv
mubawab.ma:content:99a0981e67cbc7dccbcf8032,mubawab.ma,,Casablanca,Bourgogne Ouest,Casablanca-Settat,,,100.0,1.0,1.0,unknown,unknown,unknown,unknown,1000000.0,10000.0,appartement,sale,,unknown,Fri Aug 14 2026 16:31:10 GMT+0100 (UTC+01:00),,valid,,unique,,Vente d'un bel appartement à Bourgogne Ouest. Superficie 100...,1 000 000 DH,"Bourgogne Ouest, Casablanca",100 m² 2 Pièces 1 Ch. 1 Salle de bain,git:HEAD:data/raw/maisonlux_maroc_complet.csv
mubawab.ma:native:8394236,mubawab.ma,8394236,Casablanca,Gironde,Casablanca-Settat,,,133.0,2.0,1.0,unknown,unknown,unknown,unknown,1000000.0,7518.8,appartement,sale,,unknown,Wed Sep 02 2026 06:56:07 GMT+0100 (UTC+01:00),https://www.mubawab.ma/fr/a/8394236/appartement-%C3%A0-vendre-133-m%C2%B2-2-chambres-la-gironde-casablanca,valid,,unique,,,,,,data\external\recovery_archive\20260902T224619Z\misplaced_notebook_data\data\raw\maisondelux_raw.csv
mubawab.ma:content:0014ecc8137279ab4e54ce08,mubawab.ma,,Tanger,Branes Kdima,Tangier-Tetouan-Al Hoceima,,,93.0,3.0,2.0,unknown,unknown,unknown,unknown,1120000.0,12043.01,appartement,sale,,unknown,Fri Aug 14 2026 16:31:10 GMT+0100 (UTC+01:00),,valid,,unique,,Vente d'un bel appartement à Branes Kdima. Superficie 93 m²...,1 120 000 DH,"Branes Kdima, Tanger",93 m² 4 Pièces 3 Chambres 2 Salles de bains,git:HEAD:data/raw/maisonlux_maroc_complet.csv
mubawab.ma:content:5faa76034670c5ae1f51a453,mubawab.ma,,Casablanca,Ain Diab,Casablanca-Settat,,,130.0,3.0,2.0,unknown,unknown,unknown,unknown,3750000.0,28846.15,appartement,sale,,unknown,Fri Aug 14 2026 16:31:10 GMT+0100 (UTC+01:00),,valid,,unique,,Superbe appartement à vendre à Ain Diab. Surface totale 130...,3 750 000 DH,"Ain Diab, Casablanca",130 m² 2 Pièces 3 Chambres 2 Salles de bains,git:HEAD:data/raw/maisonlux_maroc_complet.csv
mubawab.ma:content:888235d76a803d1c432e5b06,mubawab.ma,,Casablanca,Oulfa,Casablanca-Settat,,,53.0,2.0,1.0,unknown,unknown,unknown,unknown,650000.0,12264.15,appartement,sale,,unknown,Fri Aug 14 2026 16:31:10 GMT+0100 (UTC+01:00),,valid,,unique,,Superbe appartement à vendre à Oulfa. 2 belles chambres. S...,650 000 DH,"Oulfa, Casablanca",53 m² 4 Pièces 2 Chambres 1 Salle de bain,git:HEAD:data/raw/maisonlux_maroc_complet.csv
mubawab.ma:native:8360871,mubawab.ma,8360871,Casablanca,Ain Diab,Casablanca-Settat,,,128.0,3.0,2.0,unknown,yes,unknown,unknown,2450000.0,19140.62,appartement,sale,,unknown,Wed Sep 02 2026 08:44:33 GMT+0100 (UTC+01:00),https://www.mubawab.ma/fr/a/8360871/rare-rez-de-jardin-%C3%A0-ain-diab-3-chambres,valid,,unique,,,,,,data\external\recovery_archive\20260902T224619Z\misplaced_notebook_data\data\raw\maisondelux_raw.csv
mubawab.ma:native:8363467,mubawab.ma,8363467,Marrakech,le quartier prisé de l'Agdal à,Marrakech-Safi,,,104.0,2.0,2.0,unknown,yes,yes,unknown,2300000.0,22115.38,appartement,sale,,unknown,Wed Sep 02 2026 22:01:37 GMT+0100 (UTC+01:00),https://www.mubawab.ma/fr/a/8363467/prestigieux-lumineux-calme,valid,,unique,,,,,,data\external\recovery_archive\20260902T224619Z\misplaced_notebook_data\data\raw\maisondelux_raw.csv
mubawab.ma:content:298d02f7beb661c38bf5ff19,mubawab.ma,,Meknès,Al bassatine,Fez-Meknes,,,120.0,3.0,2.0,unknown,unknown,unknown,unknown,510000.0,4250.0,appartement,sale,,unknown,Fri Aug 14 2026 16:31:10 GMT+0100 (UTC+01:00),,valid,,unique,,Appartement A El Bassatine à Meknès,510 000 DH,"Al bassatine, Meknes",120 m² 6 Pièces 3 Chambres 2 Salles de bains,git:HEAD:data/raw/maisonlux_maroc_complet.csv
mubawab.ma:content:1972a3f7b4eaf87ae20e90a7,mubawab.ma,,Casablanca,Casablanca Finance City,Casablanca-Settat,,,77.0,1.0,1.0,unknown,unknown,unknown,unknown,1780000.0,23116.88,appartement,sale,,unknown,Fri Aug 14 2026 16:31:10 GMT+0100 (UTC+01:00),,valid,,unique,,Appartement à l'achat à Casablanca Finance City,1 780 000 DH,"Casablanca Finance City, Casablanca",77 m² 2 Pièces 1 Ch. 1 Salle de bain,git:HEAD:data/raw/maisonlux_maroc_complet.csv
mubawab.ma:content:b8c21a60a44b34364bf50c38,mubawab.ma,,Casablanca,Californie,Casablanca-Settat,,,137.0,3.0,2.0,unknown,unknown,unknown,unknown,1800000.0,13138.69,appartement,sale,,unknown,Fri Aug 14 2026 16:31:10 GMT+0100 (UTC+01:00),,valid,,unique,,"Appartement à vendre 137 m², 3 chambres Californie Casablanc...",1 800 000 DH,"Californie, Casablanca",137 m² 3 Chambres 2 Salles de bains,git:HEAD:data/raw/maisonlux_maroc_complet.csv
mubawab.ma:content:8ad8b4c2b4e6213332de61fa,mubawab.ma,,Casablanca,Aïn Sebaâ,Casablanca-Settat,,,93.0,3.0,2.0,unknown,unknown,unknown,unknown,1060620.0,11404.52,appartement,sale,,unknown,Fri Aug 14 2026 16:31:10 GMT+0100 (UTC+01:00),,valid,,unique,,Nozha Résidence à Ain Sebaâ _ Appartement 3 chambres Salon,1 060 620 DH,"Aïn Sebaâ, Casablanca",93 m² 4 Pièces 3 Chambres 2 Salles de bains,git:HEAD:data/raw/maisonlux_maroc_complet.csv
mubawab.ma:content:7ff3f0d4a2030fb79ea69aef,mubawab.ma,,Casablanca,Ain Diab,Casablanca-Settat,,,145.0,2.0,2.0,unknown,unknown,unknown,unknown,4000000.0,27586.21,appartement,sale,,unknown,Fri Aug 14 2026 16:31:10 GMT+0100 (UTC+01:00),,valid,,unique,,Vente Exceptionnel appartement 2chambres sans vis à vis Ain...,4 000 000 DH,"Ain Diab, Casablanca",145 m² 2 Chambres 2 Salles de bains,git:HEAD:data/raw/maisonlux_maroc_complet.csv
mubawab.ma:content:8c394f8e33d2d2d1a8070c6d,mubawab.ma,,Marrakech,Izdihar,Marrakech-Safi,,,89.0,2.0,1.0,unknown,unknown,unknown,unknown,1200000.0,13483.15,appartement,sale,,unknown,Fri Aug 14 2026 16:31:10 GMT+0100 (UTC+01:00),,valid,,unique,,"Appartement à vendre 89 m², 2 chambres Essaada Marrakech",1 200 000 DH,"Izdihar, Marrakech",89 m² 2 Chambres 1 Salle de bain,git:HEAD:data/raw/maisonlux_maroc_complet.csv
mubawab.ma:content:3f1c37609a81e9d59cb20a14,mubawab.ma,,Rabat,Hay Al Kora,Rabat-Salé-Kenitra,,,78.0,2.0,2.0,unknown,unknown,unknown,unknown,1200000.0,15384.62,appartement,sale,,unknown,Fri Aug 14 2026 16:31:10 GMT+0100 (UTC+01:00),,valid,,unique,,Appartement à vendre à Hay Al Kora. Superficie 78 m². Avec...,1 200 000 DH,"Hay Al Kora, Rabat",78 m² 1 Pièce 2 Chambres 2 Salles de bains,git:HEAD:data/raw/maisonlux_maroc_complet.csv
mubawab.ma:content:b6f99df3d8258e198e2e3243,mubawab.ma,,Casablanca,Belvédère,Casablanca-Settat,,,118.0,2.0,1.0,unknown,unknown,unknown,unknown,1250000.0,10593.22,appartement,sale,,unknown,Fri Aug 14 2026 16:31:10 GMT+0100 (UTC+01:00),,valid,,unique,,"Appartement à vendre 118 m², 2 chambres Belvédère Casablanca",1 250 000 DH,"Belvédère, Casablanca",118 m² 2 Chambres 1 Salle de bain,git:HEAD:data/raw/maisonlux_maroc_complet.csv
mubawab.ma:content:04ea60cfde16771d397701da,mubawab.ma,,Casablanca,Al Osra,Casablanca-Settat,,,74.0,2.0,1.0,unknown,unknown,unknown,unknown,900000.0,12162.16,appartement,sale,,unknown,Fri Aug 14 2026 16:31:10 GMT+0100 (UTC+01:00),,valid,,unique,,Vendre un appartement,900 000 DH,"Al Osra, Casablanca",74 m² 4 Pièces 2 Chambres 1 Salle de bain,git:HEAD:data/raw/maisonlux_maroc_complet.csv
mubawab.ma:content:59f589172c3ef6b99bb51957,mubawab.ma,,Tanger,Tanger City Center,Tangier-Tetouan-Al Hoceima,,,87.0,2.0,,unknown,unknown,unknown,unknown,2560000.0,29425.29,appartement,sale,,unknown,Fri Aug 14 2026 16:31:10 GMT+0100 (UTC+01:00),,valid,,unique,,Vend appartement à View Tower,2 560 000 DH,"Tanger City Center, Tanger",87 m² 3 Pièces 2 Chambres,git:HEAD:data/raw/maisonlux_maroc_complet.csv
mubawab.ma:native:7950457,mubawab.ma,7950457,Tanger,Malabata,Tangier-Tetouan-Al Hoceima,,,103.0,3.0,2.0,unknown,yes,yes,yes,2370000.0,23009.71,appartement,sale,,unknown,Tue Sep 01 2026 23:24:42 GMT+0100 (UTC+01:00),https://www.mubawab.ma/fr/a/7950457/appartement-de-luxe-%C3%A0-vendre-%C3%A0-malabata-hills,valid,,unique,,,,,,data\external\recovery_archive\20260902T224619Z\misplaced_notebook_data\data\raw\maisondelux_raw.csv
mubawab.ma:content:ef9e68ff928a70e821cdbcde,mubawab.ma,,Ouarzazate,Ouarzazate,Drâa-Tafilalet,,,93.0,6.0,3.0,unknown,unknown,unknown,unknown,750000.0,8064.52,appartement,sale,,unknown,Fri Aug 14 2026 16:31:10 GMT+0100 (UTC+01:00),,valid,,unique,,Appartement à l'achat à Ouarzazate. 6 grandes pièces,750 000 DH,"Ouarzazate, Ouarzazate",93 m² 6 Pièces 6 Chambres 3 Salles de bains,git:HEAD:data/raw/maisonlux_maroc_complet.csv
mubawab.ma:content:caa5fdc321838d3157786656,mubawab.ma,,Casablanca,Palmier,Casablanca-Settat,,,120.0,3.0,2.0,unknown,unknown,unknown,unknown,2250000.0,18750.0,appartement,sale,,unknown,Fri Aug 14 2026 16:31:10 GMT+0100 (UTC+01:00),,valid,,unique,,Appartement à vendre à Palmier. 3 belles chambres. Cuisine...,2 250 000 DH,"Palmier, Casablanca",120 m² 4 Pièces 3 Chambres 2 Salles de bains,git:HEAD:data/raw/maisonlux_maroc_complet.csv
mubawab.ma:native:8408423,mubawab.ma,8408423,Marrakech,Résidence Vizir à,Marrakech-Safi,,,74.0,2.0,2.0,furnished,yes,yes,unknown,1400000.0,18918.92,appartement,sale,,unknown,Wed Sep 02 2026 15:46:54 GMT+0100 (UTC+01:00),https://www.mubawab.ma/fr/a/8408423/appartement-moderne-et-lumineux-avec-terrasse,valid,,unique,,,,,,data\external\recovery_archive\20260902T224619Z\misplaced_notebook_data\data\raw\maisondelux_raw.csv
mubawab.ma:content:355476cbfc55052659e8a3f6,mubawab.ma,,Casablanca,Belvédère,Casablanca-Settat,,,126.0,2.0,2.0,unknown,unknown,unknown,unknown,1350000.0,10714.29,appartement,sale,,unknown,Fri Aug 14 2026 16:31:10 GMT+0100 (UTC+01:00),,valid,,unique,,"Appartement à Vendre de 126.0 m² à Casablanca, Belvedere Roc...",1 350 000 DH,"Belvédère, Casablanca",126 m² 4 Pièces 2 Chambres 2 Salles de bains,git:HEAD:data/raw/maisonlux_maroc_complet.csv
mubawab.ma:content:78b88fbbbc4aa2a07daea523,mubawab.ma,,Agadir,Haut Anza,Souss-Massa,,,77.0,2.0,1.0,unknown,unknown,unknown,unknown,640000.0,8311.69,appartement,sale,,unknown,Fri Aug 14 2026 16:31:10 GMT+0100 (UTC+01:00),,valid,,unique,,"Appartement à vendre 77 m², 2 chambres Agadir Agadir",640 000 DH,"Haut Anza, Agadir",77 m² 2 Chambres 1 Salle de bain,git:HEAD:data/raw/maisonlux_maroc_complet.csv
mubawab.ma:content:c66f78bb46ecc00eaab8654a,mubawab.ma,,Marrakech,Guéliz,Marrakech-Safi,,,85.0,2.0,1.0,unknown,unknown,unknown,unknown,1200000.0,14117.65,appartement,sale,,unknown,Fri Aug 14 2026 16:31:10 GMT+0100 (UTC+01:00),,valid,,unique,,Appartement à vendre à Guéliz. 3 pièces,1 200 000 DH,"Guéliz, Marrakech",85 m² 3 Pièces 2 Chambres 1 Salle de bain,git:HEAD:data/raw/maisonlux_maroc_complet.csv
mubawab.ma:native:8294834,mubawab.ma,8294834,Marrakech,l’Hivernage,Marrakech-Safi,,,125.0,2.0,1.0,unknown,yes,yes,unknown,3740000.0,29920.0,appartement,sale,,unknown,Wed Sep 02 2026 21:58:02 GMT+0100 (UTC+01:00),https://www.mubawab.ma/fr/a/8294834/bel-appartement-situ%C3%A9-au-2%C3%A8me-%C3%A9tage-d%E2%80%99une-r%C3%A9sidence-au-c%C5%93ur-de-l-hivernage,valid,,unique,,,,,,data\external\recovery_archive\20260902T224619Z\misplaced_notebook_data\data\raw\maisondelux_raw.csv
mubawab.ma:native:8261950,mubawab.ma,8261950,Casablanca,Les Hôpitaux,Casablanca-Settat,,,188.0,4.0,2.0,unknown,yes,yes,unknown,2450000.0,13031.91,appartement,sale,,unknown,Wed Sep 02 2026 11:48:57 GMT+0100 (UTC+01:00),https://www.mubawab.ma/fr/a/8261950/appartement-%C3%A0-vendre-188-m%C2%B2-4-chambres-les-h%C3%B4pitaux-casablanca,valid,,unique,,,,,,data\external\recovery_archive\20260902T224619Z\misplaced_notebook_data\data\raw\maisondelux_raw.csv
mubawab.ma:content:d205527cb9f286c53d44634d,mubawab.ma,,Casablanca,Belvédère,Casablanca-Settat,,,129.0,3.0,2.0,unknown,unknown,unknown,unknown,1150000.0,8914.73,appartement,sale,,unknown,Fri Aug 14 2026 16:31:10 GMT+0100 (UTC+01:00),,valid,,unique,,"Appartement à vendre 129 m², 3 chambres Belvédère Casablanca",1 150 000 DH,"Belvédère, Casablanca",129 m² 3 Chambres 2 Salles de bains,git:HEAD:data/raw/maisonlux_maroc_complet.csv
mubawab.ma:content:272034454ff430a4593f48dc,mubawab.ma,,Casablanca,Almaz,Casablanca-Settat,,,87.0,2.0,1.0,unknown,unknown,unknown,unknown,790000.0,9080.46,appartement,sale,,unknown,Fri Aug 14 2026 16:31:10 GMT+0100 (UTC+01:00),,valid,,unique,,Appartement à vendre dans le quartier Ryad Sofia,790 000 DH,"Almaz, Casablanca",87 m² 3 Pièces 2 Chambres 1 Salle de bain,git:HEAD:data/raw/maisonlux_maroc_complet.csv
mubawab.ma:content:c982a5d2e3b131a98bb864e4,mubawab.ma,,Marrakech,Majorelle,Marrakech-Safi,,,106.0,2.0,1.0,unknown,unknown,unknown,unknown,1750000.0,16509.43,appartement,sale,,unknown,Fri Aug 14 2026 16:31:10 GMT+0100 (UTC+01:00),,valid,,unique,,Bel Appartement de 106m² à Proximité Majorelle,1 750 000 DH,"Majorelle, Marrakech",106 m² 3 Pièces 2 Chambres 1 Salle de bain,git:HEAD:data/raw/maisonlux_maroc_complet.csv
mubawab.ma:content:db9331cc1403354cdfc8714d,mubawab.ma,,Casablanca,Bernoussi,Casablanca-Settat,,,63.0,2.0,1.0,unknown,unknown,unknown,unknown,440000.0,6984.13,appartement,sale,,unknown,Fri Aug 14 2026 16:31:10 GMT+0100 (UTC+01:00),,valid,,unique,,Appartement élégant à vendre à Anassi 15 – Emplace,440 000 DH,"Bernoussi, Casablanca",63 m² 1 Pièce 2 Chambres 1 Salle de bain,git:HEAD:data/raw/maisonlux_maroc_complet.csv
mubawab.ma:content:2f351f3e5c394c6fd7e44c7d,mubawab.ma,,Tanger,Tanja Balia,Tangier-Tetouan-Al Hoceima,,,83.0,3.0,2.0,unknown,unknown,unknown,unknown,1162000.0,14000.0,appartement,sale,,unknown,Fri Aug 14 2026 16:31:10 GMT+0100 (UTC+01:00),,valid,,unique,,Appartement à vendre – Tanger Balia,1 162 000 DH,"Tanja Balia, Tanger",83 m² 3 Pièces 3 Chambres 2 Salles de bains,git:HEAD:data/raw/maisonlux_maroc_complet.csv
mubawab.ma:content:4f25f81af03ef8cf8e9f5d1c,mubawab.ma,,Casablanca,Beausite,Casablanca-Settat,,,76.0,2.0,2.0,unknown,unknown,unknown,unknown,880000.0,11578.95,appartement,sale,,unknown,Fri Aug 14 2026 16:31:10 GMT+0100 (UTC+01:00),,valid,,unique,,Appartement 76m² Ain Sebaâ à vendre,880 000 DH,"Beausite, Casablanca",76 m² 3 Pièces 2 Chambres 2 Salles de bains,git:HEAD:data/raw/maisonlux_maroc_complet.csv
mubawab.ma:content:f8195a4301296e91fae04158,mubawab.ma,,Casablanca,Mers Sultan,Casablanca-Settat,,,89.0,3.0,2.0,unknown,unknown,unknown,unknown,1650000.0,18539.33,appartement,sale,,unknown,Fri Aug 14 2026 16:31:10 GMT+0100 (UTC+01:00),,valid,,unique,,"Appartement à Vendre de 89.0 m² à Casablanca, Mers Sultan",1 650 000 DH,"Mers Sultan, Casablanca",89 m² 5 Pièces 3 Chambres 2 Salles de bains,git:HEAD:data/raw/maisonlux_maroc_complet.csv
mubawab.ma:content:9a2702f9f69d442f6cb7adf8,mubawab.ma,,Marrakech,Ennakhil (Palmeraie),Marrakech-Safi,,,145.0,3.0,2.0,unknown,unknown,unknown,unknown,2880000.0,19862.07,appartement,sale,,unknown,Fri Aug 14 2026 16:31:10 GMT+0100 (UTC+01:00),,valid,,unique,,Palmeraie 2 – Appartement 3 chambres 144 m²,2 880 000 DH,"Ennakhil (Palmeraie), Marrakech",145 m² 5 Pièces 3 Chambres 2 Salles de bains,git:HEAD:data/raw/maisonlux_maroc_complet.csv
mubawab.ma:content:6cbcea1ace27f11d8b72497c,mubawab.ma,,Marrakech,Agdal,Marrakech-Safi,,,115.0,2.0,2.0,furnished,unknown,unknown,unknown,3100000.0,26956.52,appartement,sale,,unknown,Fri Aug 14 2026 16:31:10 GMT+0100 (UTC+01:00),,valid,,unique,,Appartement à l'achat à Agdal. 5 grandes pièces. Meublé,3 100 000 DH,"Agdal, Marrakech",115 m² 5 Pièces 2 Chambres 2 Salles de bains,git:HEAD:data/raw/maisonlux_maroc_complet.csv
mubawab.ma:content:14ea7595a506a3657ff8365d,mubawab.ma,,Tanger,Hay Hassani,Tangier-Tetouan-Al Hoceima,,,82.0,2.0,1.0,unknown,unknown,unknown,unknown,700000.0,8536.59,appartement,sale,,unknown,Fri Aug 14 2026 16:31:10 GMT+0100 (UTC+01:00),,valid,,unique,,Appartement à vendre – tanger,700 000 DH,"Hay Hassani, Tanger",82 m² 1 Pièce 2 Chambres 1 Salle de bain,git:HEAD:data/raw/maisonlux_maroc_complet.csv
mubawab.ma:content:662305cdcc272aeea6816b27,mubawab.ma,,Marrakech,Agdal,Marrakech-Safi,,,95.0,3.0,2.0,unknown,unknown,unknown,unknown,2700000.0,28421.05,appartement,sale,,unknown,Fri Aug 14 2026 16:31:10 GMT+0100 (UTC+01:00),,valid,,unique,,Appartement avec vue spectaculaire,2 700 000 DH,"Agdal, Marrakech",95 m² 5 Pièces 3 Chambres 2 Salles de bains,git:HEAD:data/raw/maisonlux_maroc_complet.csv
mubawab.ma:content:169c3ca9d4a4c41809665ffe,mubawab.ma,,Casablanca,Gauthier,Casablanca-Settat,,,48.0,1.0,1.0,furnished,unknown,unknown,unknown,850000.0,17708.33,appartement,sale,,unknown,Fri Aug 14 2026 16:31:10 GMT+0100 (UTC+01:00),,valid,,unique,,Meuble en plein coeur de gauthier,850 000 DH,Casablanca,48 m² 2 Pièces 1 Ch. 1 Salle de bain,git:HEAD:data/raw/maisonlux_maroc_complet.csv
mubawab.ma:native:8328858,mubawab.ma,8328858,Marrakech,vis à Agdal,Marrakech-Safi,,,243.0,2.0,3.0,unknown,yes,yes,unknown,2800000.0,11522.63,appartement,sale,,unknown,Wed Sep 02 2026 22:11:19 GMT+0100 (UTC+01:00),https://www.mubawab.ma/fr/a/8328858/jolie-maisonette-sans-vis-%C3%A0-vis-%C3%A0-agdal-marrakech,valid,,unique,,,,,,data\external\recovery_archive\20260902T224619Z\misplaced_notebook_data\data\raw\maisondelux_raw.csv
mubawab.ma:content:89e0a09d3742275fbdeaee98,mubawab.ma,,Casablanca,Beauséjour,Casablanca-Settat,,,90.0,3.0,1.0,unknown,unknown,unknown,unknown,1350000.0,15000.0,appartement,sale,,unknown,Fri Aug 14 2026 16:31:10 GMT+0100 (UTC+01:00),,valid,,unique,,Magnifique appartement à vendre Beauséjour à casa,1 350 000 DH,"Beauséjour, Casablanca",90 m² 4 Pièces 3 Chambres 1 Salle de bain,git:HEAD:data/raw/maisonlux_maroc_complet.csv
mubawab.ma:content:e6cc9d17c8adce456c0a18b4,mubawab.ma,,Marrakech,Hay Saada 1,Marrakech-Safi,,,127.0,2.0,1.0,unknown,unknown,unknown,unknown,1250000.0,9842.52,appartement,sale,,unknown,Fri Aug 14 2026 16:31:10 GMT+0100 (UTC+01:00),,valid,,unique,,Appartement lumineux,1 250 000 DH,"Hay Saada 1, Marrakech",127 m² 7 Pièces 2 Chambres 1 Salle de bain,git:HEAD:data/raw/maisonlux_maroc_complet.csv
mubawab.ma:native:8214312,mubawab.ma,8214312,Marrakech,prestigieuse Palmeraie de,Marrakech-Safi,,,150.0,2.0,3.0,unknown,unknown,yes,unknown,2450000.0,16333.33,appartement,sale,,unknown,Wed Sep 02 2026 17:09:53 GMT+0100 (UTC+01:00),https://www.mubawab.ma/fr/a/8214312/superbe-appartement-a-vendre-a-la-palmeraie,valid,,unique,,,,,,data\external\recovery_archive\20260902T224619Z\misplaced_notebook_data\data\raw\maisondelux_raw.csv
mubawab.ma:content:f8d06cd12b904284c59e12b1,mubawab.ma,,Casablanca,Roches Noires,Casablanca-Settat,,,142.0,4.0,1.0,unknown,unknown,unknown,unknown,932400.0,6566.2,appartement,sale,,unknown,Fri Aug 14 2026 16:31:10 GMT+0100 (UTC+01:00),,valid,,unique,,"Appartement à vendre 142 m², 4 chambres Roches Noires Casabl...",932 400 DH,"Roches Noires, Casablanca",142 m² 4 Chambres 1 Salle de bain,git:HEAD:data/raw/maisonlux_maroc_complet.csv
mubawab.ma:content:26986c8b144e312b9809ca3d,mubawab.ma,,Marrakech,Arset Sbaia,Marrakech-Safi,,,89.0,2.0,1.0,unknown,unknown,unknown,unknown,900000.0,10112.36,appartement,sale,,unknown,Fri Aug 14 2026 16:31:10 GMT+0100 (UTC+01:00),,valid,,unique,,Appartement à vendre à Arset Sbaia. 2pièces. Vue sur les mon...,900 000 DH,"Arset Sbaia, Marrakech",89 m² 3 Pièces 2 Chambres 1 Salle de bain,git:HEAD:data/raw/maisonlux_maroc_complet.csv
mubawab.ma:native:8358991,mubawab.ma,8358991,Casablanca,Roches Noires,Casablanca-Settat,,,95.0,3.0,2.0,furnished,yes,yes,unknown,1100000.0,11578.95,appartement,sale,,unknown,Wed Sep 02 2026 08:52:56 GMT+0100 (UTC+01:00),https://www.mubawab.ma/fr/a/8358991/appartement-%C3%A0-vendre-de-95-0-m%C2%B2-%C3%A0-casablanca-belvedere-roches-noires,valid,,unique,,,,,,data\external\recovery_archive\20260902T224619Z\misplaced_notebook_data\data\raw\maisondelux_raw.csv
mubawab.ma:native:8311282,mubawab.ma,8311282,Casablanca,Gauthier,Casablanca-Settat,,,98.0,2.0,1.0,unknown,yes,unknown,unknown,2200000.0,22448.98,appartement,sale,,unknown,Wed Sep 02 2026 11:44:42 GMT+0100 (UTC+01:00),https://www.mubawab.ma/fr/a/8311282/joli-appartement-%C3%A0-vendre-gauthier,valid,,unique,,,,,,data\external\recovery_archive\20260902T224619Z\misplaced_notebook_data\data\raw\maisondelux_raw.csv
mubawab.ma:content:2d19ae3d2c2606f5ea5be8c7,mubawab.ma,,Casablanca,Ferme Bretonne (Hay Arraha),Casablanca-Settat,,,104.0,2.0,1.0,unknown,unknown,unknown,unknown,1920000.0,18461.54,appartement,sale,,unknown,Fri Aug 14 2026 16:31:10 GMT+0100 (UTC+01:00),,valid,,unique,,Appartement de 104 m² à Casablanca,1 920 000 DH,"Ferme Bretonne (Hay Arraha), Casablanca",104 m² 4 Pièces 2 Chambres 1 Salle de bain,git:HEAD:data/raw/maisonlux_maroc_complet.csv
mubawab.ma:native:8084460,mubawab.ma,8084460,Tanger,Tanger City Center,Tangier-Tetouan-Al Hoceima,,,51.0,2.0,1.0,furnished,yes,yes,unknown,1800000.0,35294.12,appartement,sale,,unknown,Tue Sep 01 2026 23:24:51 GMT+0100 (UTC+01:00),https://www.mubawab.ma/fr/a/8084460/superbe-appartement-%C3%A0-vendre-%C3%A0-tanger-city-center-surface-de-51-m%C2%B2-meubl%C3%A9,valid,,unique,,,,,,data\external\recovery_archive\20260902T224619Z\misplaced_notebook_data\data\raw\maisondelux_raw.csv
mubawab.ma:content:34ef251c40c07ea1bfdebb3c,mubawab.ma,,Casablanca,Benjdia,Casablanca-Settat,,,160.0,3.0,3.0,unknown,unknown,unknown,unknown,1700000.0,10625.0,appartement,sale,,unknown,Fri Aug 14 2026 16:31:10 GMT+0100 (UTC+01:00),,valid,,unique,,Appartement de 3 chambres à vendre à Benjdia,1 700 000 DH,"Benjdia, Casablanca",160 m² 9 Pièces 3 Chambres 3 Salles de bains,git:HEAD:data/raw/maisonlux_maroc_complet.csv
mubawab.ma:content:4ef079ee18692fab699692a3,mubawab.ma,,Casablanca,Val Fleury,Casablanca-Settat,,,183.0,3.0,2.0,unknown,unknown,unknown,unknown,2680000.0,14644.81,appartement,sale,,unknown,Fri Aug 14 2026 16:31:10 GMT+0100 (UTC+01:00),,valid,,unique,,Dernier Étage,2 680 000 DH,"Val Fleury, Casablanca",183 m² 4 Pièces 3 Chambres 2 Salles de bains,git:HEAD:data/raw/maisonlux_maroc_complet.csv
mubawab.ma:content:fd5aa9de856b46b9724f0d26,mubawab.ma,,Casablanca,Derb Loubila,Casablanca-Settat,,,85.0,3.0,2.0,unknown,unknown,unknown,yes,1317500.0,15500.0,appartement,sale,,unknown,Fri Aug 14 2026 16:31:10 GMT+0100 (UTC+01:00),,valid,,unique,,À vendre – Appartement de 85 m² avec vue sur mer,1 317 500 DH,"Derb Loubila, Casablanca",85 m² 4 Pièces 3 Chambres 2 Salles de bains,git:HEAD:data/raw/maisonlux_maroc_complet.csv
mubawab.ma:content:68d03bf78e865b80f2f6145a,mubawab.ma,,Marrakech,Guéliz,Marrakech-Safi,,,130.0,2.0,3.0,unknown,unknown,unknown,unknown,5500000.0,42307.69,appartement,sale,,unknown,Fri Aug 14 2026 16:31:10 GMT+0100 (UTC+01:00),,valid,,unique,,À vendre – appartement prestigieux à l'hivernage,5 500 000 DH,"Guéliz, Marrakech",130 m² 4 Pièces 2 Chambres 3 Salles de bains,git:HEAD:data/raw/maisonlux_maroc_complet.csv
mubawab.ma:native:8323199,mubawab.ma,8323199,Casablanca,Maârif Extension,Casablanca-Settat,,,111.0,2.0,3.0,furnished,yes,yes,unknown,12180000.0,109729.73,appartement,sale,,unknown,Wed Sep 02 2026 11:37:18 GMT+0100 (UTC+01:00),https://www.mubawab.ma/fr/a/8323199/superbe-appartement-%C3%A0-vendre-%C3%A0-ma%C3%A2rif-extension-2-belles-chambres-meubl%C3%A9,valid,,unique,,,,,,data\external\recovery_archive\20260902T224619Z\misplaced_notebook_data\data\raw\maisondelux_raw.csv
mubawab.ma:content:a5e42d0825f5d9d57229a2e5,mubawab.ma,,Casablanca,Maârif Extension,Casablanca-Settat,,,76.0,2.0,2.0,unknown,unknown,unknown,unknown,1800000.0,23684.21,appartement,sale,,unknown,Fri Aug 14 2026 16:31:10 GMT+0100 (UTC+01:00),,valid,,unique,,Vente d'un bel appartement à Maârif Extension. Surface total...,1 800 000 DH,"Maârif Extension, Casablanca",76 m² 3 Pièces 2 Chambres 2 Salles de bains,git:HEAD:data/raw/maisonlux_maroc_complet.csv
mubawab.ma:content:fd40db4e95e0af56c36dae16,mubawab.ma,,Casablanca,Sour Jdid,Casablanca-Settat,,,53.0,1.0,1.0,unknown,unknown,unknown,unknown,1350000.0,25471.7,appartement,sale,,unknown,Fri Aug 14 2026 16:31:10 GMT+0100 (UTC+01:00),,valid,,unique,,Appartement à vendre à Marrakech Menara Mall,1 350 000 DH,"Sour Jdid, Casablanca",53 m² 3 Pièces 1 Ch. 1 Salle de bain,git:HEAD:data/raw/maisonlux_maroc_complet.csv
mubawab.ma:native:8367695,mubawab.ma,8367695,Casablanca,Almaz,Casablanca-Settat,,,137.0,3.0,2.0,unknown,yes,yes,unknown,1600000.0,11678.83,appartement,sale,,unknown,Wed Sep 02 2026 08:43:36 GMT+0100 (UTC+01:00),https://www.mubawab.ma/fr/a/8367695/appartement-%C3%A0-vendre-137-m%C2%B2-3-chambres-almaz-casablanca,valid,,unique,,,,,,data\external\recovery_archive\20260902T224619Z\misplaced_notebook_data\data\raw\maisondelux_raw.csv
mubawab.ma:content:5b881c184e7872883b6618dd,mubawab.ma,,Tanger,Marchan,Tangier-Tetouan-Al Hoceima,,,123.0,3.0,1.0,unknown,unknown,unknown,unknown,1500000.0,12195.12,appartement,sale,,unknown,Fri Aug 14 2026 16:31:10 GMT+0100 (UTC+01:00),,valid,,unique,,"À VENDRE Appartement Marchan, Centre Ville. De 123 m² à réno...",1 500 000 DH,"Marchan, Tanger",123 m² 3 Pièces 3 Chambres 1 Salle de bain,git:HEAD:data/raw/maisonlux_maroc_complet.csv
mubawab.ma:content:b248682fe9d45f44cd89407b,mubawab.ma,,Fès,Champ de course,Fez-Meknes,,,99.0,3.0,1.0,unknown,unknown,unknown,unknown,750000.0,7575.76,appartement,sale,,unknown,Fri Aug 14 2026 16:31:10 GMT+0100 (UTC+01:00),,valid,,unique,,"Appartement à vendre 99 m², 3 chambres Champ de course Fès",750 000 DH,"Champ de course, Fès",99 m² 3 Chambres 1 Salle de bain,git:HEAD:data/raw/maisonlux_maroc_complet.csv
mubawab.ma:content:74f4562e47a82d4d95541d49,mubawab.ma,,Tanger,Centre,Tangier-Tetouan-Al Hoceima,,,84.0,2.0,1.0,unknown,unknown,unknown,unknown,1700000.0,20238.1,appartement,sale,,unknown,Fri Aug 14 2026 16:31:10 GMT+0100 (UTC+01:00),,valid,,unique,,Appartement à la vente,1 700 000 DH,"Centre, Tanger",84 m² 3 Pièces 2 Chambres 1 Salle de bain,git:HEAD:data/raw/maisonlux_maroc_complet.csv
mubawab.ma:content:a591f706ee03765d7a37f633,mubawab.ma,,Casablanca,Roches Noires,Casablanca-Settat,,,69.0,2.0,1.0,unknown,unknown,unknown,unknown,1000000.0,14492.75,appartement,sale,,unknown,Fri Aug 14 2026 16:31:10 GMT+0100 (UTC+01:00),,valid,,unique,,Appartement à vendre à Roches Noires. 2 belles chambres,1 000 000 DH,"Roches Noires, Casablanca",69 m² 2 Chambres 1 Salle de bain,git:HEAD:data/raw/maisonlux_maroc_complet.csv
mubawab.ma:native:8117095,mubawab.ma,8117095,Marrakech,Guéliz,Marrakech-Safi,,,154.0,3.0,3.0,unknown,yes,yes,unknown,2610000.0,16948.05,appartement,sale,,unknown,Wed Sep 02 2026 15:46:03 GMT+0100 (UTC+01:00),https://www.mubawab.ma/fr/a/8117095/appartement-neuf-de-154-m%C2%B2-%C3%A0-gu%C3%A9liz,valid,,unique,,,,,,data\external\recovery_archive\20260902T224619Z\misplaced_notebook_data\data\raw\maisondelux_raw.csv
mubawab.ma:content:20cc058445feec8c1978d284,mubawab.ma,,Marrakech,Mhamid,Marrakech-Safi,,,126.0,2.0,2.0,unknown,unknown,unknown,unknown,820000.0,6507.94,appartement,sale,,unknown,Fri Aug 14 2026 16:31:10 GMT+0100 (UTC+01:00),,valid,,unique,,Grand Appartement Mhamid Avenue Nakhil,820 000 DH,"Mhamid, Marrakech",126 m² 2 Pièces 2 Chambres 2 Salles de bains,git:HEAD:data/raw/maisonlux_maroc_complet.csv
mubawab.ma:native:7809027,mubawab.ma,7809027,Casablanca,Sidi Maarouf,Casablanca-Settat,,,81.0,2.0,1.0,furnished,unknown,yes,unknown,4850000.0,59876.54,appartement,sale,,unknown,Wed Sep 02 2026 04:34:45 GMT+0100 (UTC+01:00),https://www.mubawab.ma/fr/a/7809027/bel-appartement-%C3%A0-vendre-%C3%A0-sidi-maarouf,valid,,unique,,,,,,data\external\recovery_archive\20260902T224619Z\misplaced_notebook_data\data\raw\maisondelux_raw.csv
mubawab.ma:content:e38b940f7735c1eafa19e389,mubawab.ma,,Casablanca,Maârif Extension,Casablanca-Settat,,,150.0,3.0,2.0,unknown,unknown,unknown,unknown,1500000.0,10000.0,appartement,sale,,unknown,Fri Aug 14 2026 16:31:10 GMT+0100 (UTC+01:00),,valid,,unique,,"Appartement à vendre 150 m², 3 chambres Maârif Extension Cas...",1 500 000 DH,"Maârif Extension, Casablanca",150 m² 3 Chambres 2 Salles de bains,git:HEAD:data/raw/maisonlux_maroc_complet.csv
mubawab.ma:content:3067923eaff69858688e1652,mubawab.ma,,Casablanca,Palmier,Casablanca-Settat,,,74.0,1.0,1.0,unknown,unknown,unknown,unknown,1460000.0,19729.73,appartement,sale,,unknown,Fri Aug 14 2026 16:31:10 GMT+0100 (UTC+01:00),,valid,,unique,,Superbe appartement à vendre à Palmier. 2 grandes pièces. As...,1 460 000 DH,"Palmier, Casablanca",74 m² 2 Pièces 1 Ch. 1 Salle de bain,git:HEAD:data/raw/maisonlux_maroc_complet.csv
mubawab.ma:content:0a2d723653820f20d920085f,mubawab.ma,,Marrakech,Hay Al Hassani,Marrakech-Safi,,,73.0,4.0,3.0,unknown,unknown,unknown,unknown,1100000.0,15068.49,appartement,sale,,unknown,Fri Aug 14 2026 16:31:10 GMT+0100 (UTC+01:00),,valid,,unique,,Maisons à vendre Hay Hassani Marrakech,1 100 000 DH,"Hay Al Hassani, Marrakech",73 m² 4 Pièces 4 Chambres 3 Salles de bains,git:HEAD:data/raw/maisonlux_maroc_complet.csv
mubawab.ma:content:3518417067564603638e63ac,mubawab.ma,,Marrakech,Agdal,Marrakech-Safi,,,98.0,3.0,2.0,unfurnished,unknown,unknown,unknown,2500000.0,25510.2,appartement,sale,,unknown,Fri Aug 14 2026 16:31:10 GMT+0100 (UTC+01:00),,valid,,unique,,Appartement non meublé 3 ch à vendre Prestigia,2 500 000 DH,"Agdal, Marrakech",98 m² 4 Pièces 3 Chambres 2 Salles de bains,git:HEAD:data/raw/maisonlux_maroc_complet.csv
mubawab.ma:content:8d1a7bde8e6a75a4df35d8bf,mubawab.ma,,Rabat,Hassan - Centre Ville,Rabat-Salé-Kenitra,,,94.0,2.0,2.0,unknown,unknown,unknown,unknown,1900000.0,20212.77,appartement,sale,,unknown,Fri Aug 14 2026 16:31:10 GMT+0100 (UTC+01:00),,valid,,unique,,Appartement à vendre à Hassan,1 900 000 DH,"Hassan - Centre Ville, Rabat",94 m² 3 Pièces 2 Chambres 2 Salles de bains,git:HEAD:data/raw/maisonlux_maroc_complet.csv
mubawab.ma:content:e1bbbc4666861a7b13157f81,mubawab.ma,,El Jadida,Hay Essalam,Casablanca-Settat,,,80.0,3.0,3.0,unknown,unknown,unknown,unknown,740000.0,9250.0,appartement,sale,,unknown,Fri Aug 14 2026 16:31:10 GMT+0100 (UTC+01:00),,valid,,unique,,Appart a vendre,740 000 DH,"Hay Essalam, El Jadida",80 m² 5 Pièces 3 Chambres 3 Salles de bains,git:HEAD:data/raw/maisonlux_maroc_complet.csv
mubawab.ma:content:f91103bb2e6a068dae1ddbfb,mubawab.ma,,Casablanca,Alsace Lorraine,Casablanca-Settat,,,164.0,3.0,1.0,unknown,unknown,unknown,unknown,2050000.0,12500.0,appartement,sale,,unknown,Fri Aug 14 2026 16:31:10 GMT+0100 (UTC+01:00),,valid,,unique,,"Appartement à vendre 164 m², 3 chambres Alsace Lorraine Casa...",2 050 000 DH,"Alsace Lorraine, Casablanca",164 m² 3 Chambres 1 Salle de bain,git:HEAD:data/raw/maisonlux_maroc_complet.csv
mubawab.ma:content:90c9a871b38fbda2cf2c00a7,mubawab.ma,,Casablanca,Sidi Maarouf,Casablanca-Settat,,,101.0,2.0,2.0,unknown,unknown,unknown,unknown,980000.0,9702.97,appartement,sale,,unknown,Fri Aug 14 2026 16:31:10 GMT+0100 (UTC+01:00),,valid,,unique,,"Appartement à vendre 101 m², 2 chambres Sidi Maarouf Casabla...",980 000 DH,"Sidi Maarouf, Casablanca",101 m² 2 Chambres 2 Salles de bains,git:HEAD:data/raw/maisonlux_maroc_complet.csv
mubawab.ma:content:c47a029f0635a6a2a70150e8,mubawab.ma,,Casablanca,Plateau (Al Batha),Casablanca-Settat,,,121.0,3.0,2.0,unknown,unknown,unknown,unknown,1650000.0,13636.36,appartement,sale,,unknown,Fri Aug 14 2026 16:31:10 GMT+0100 (UTC+01:00),,valid,,unique,,"Appartement à Vendre de 121.0 m² à Casablanca, Plateau",1 650 000 DH,"Plateau (Al Batha), Casablanca",121 m² 5 Pièces 3 Chambres 2 Salles de bains,git:HEAD:data/raw/maisonlux_maroc_complet.csv
mubawab.ma:content:3a9d3127f2b0c6529194a797,mubawab.ma,,Casablanca,Oulfa,Casablanca-Settat,,,84.0,3.0,2.0,unknown,unknown,unknown,unknown,1000000.0,11904.76,appartement,sale,,unknown,Fri Aug 14 2026 16:31:10 GMT+0100 (UTC+01:00),,valid,,unique,,Appartement a vendre,1 000 000 DH,"Oulfa, Casablanca",84 m² 3 Pièces 3 Chambres 2 Salles de bains,git:HEAD:data/raw/maisonlux_maroc_complet.csv
mubawab.ma:content:fe82b746f91286abef1a45e7,mubawab.ma,,Casablanca,Californie,Casablanca-Settat,,,147.0,1.0,2.0,unknown,unknown,unknown,unknown,1250000.0,8503.4,appartement,sale,,unknown,Fri Aug 14 2026 16:31:10 GMT+0100 (UTC+01:00),,valid,,unique,,"Appartement à Vendre de 147.0 m² à Casablanca, Californie",1 250 000 DH,"Californie, Casablanca",147 m² 3 Pièces 1 Ch. 2 Salles de bains,git:HEAD:data/raw/maisonlux_maroc_complet.csv
mubawab.ma:url:e71577c5cb84044dc4616283,mubawab.ma,,Agadir,RÉSIDENCES — Haut Anza,Souss-Massa,,,57.0,2.0,1.0,furnished,unknown,yes,unknown,4560000.0,80000.0,appartement,sale,,unknown,Wed Sep 02 2026 00:48:19 GMT+0100 (UTC+01:00),https://www.mubawab.ma/fr/pa/8227928/appartement-en-vente-%C3%A0-haut-anza-2-chambres-agr%C3%A9ables-grande-terrasse,valid,,unique,,,,,,data\external\recovery_archive\20260902T224619Z\misplaced_notebook_data\data\raw\maisondelux_raw.csv
mubawab.ma:content:101572af94ad3379c68dda61,mubawab.ma,,Fès,Bourmana,Fez-Meknes,,,84.0,2.0,1.0,unknown,unknown,unknown,unknown,720000.0,8571.43,appartement,sale,,unknown,Fri Aug 14 2026 16:31:10 GMT+0100 (UTC+01:00),,valid,,unique,,Bel appartement à vendre à Bourmana. 2 chambres. Porte blind...,720 000 DH,"Bourmana, Fès",84 m² 2 Pièces 2 Chambres 1 Salle de bain,git:HEAD:data/raw/maisonlux_maroc_complet.csv
mubawab.ma:content:be02bb70c3fe2918ed070732,mubawab.ma,,Larache,Larache,Tangier-Tetouan-Al Hoceima,,,96.0,3.0,1.0,unknown,unknown,unknown,unknown,600000.0,6250.0,appartement,sale,,unknown,Fri Aug 14 2026 16:31:10 GMT+0100 (UTC+01:00),,valid,,unique,,Bel appartement à vendre à Larache. 3 pièces confortables. S...,600 000 DH,"Larache, Larache",96 m² 3 Pièces 3 Chambres 1 Salle de bain,git:HEAD:data/raw/maisonlux_maroc_complet.csv
mubawab.ma:content:5c2defea8fb16a0317da1d43,mubawab.ma,,Casablanca,Sidi Maarouf,Casablanca-Settat,,,111.0,2.0,2.0,unknown,unknown,unknown,unknown,1750000.0,15765.77,appartement,sale,,unknown,Fri Aug 14 2026 16:31:10 GMT+0100 (UTC+01:00),,valid,,unique,,"Appartement à vendre 111 m², 2 chambres Sidi Maarouf Casabla...",1 750 000 DH,"Sidi Maarouf, Casablanca",111 m² 2 Chambres 2 Salles de bains,git:HEAD:data/raw/maisonlux_maroc_complet.csv
mubawab.ma:native:8381318,mubawab.ma,8381318,Casablanca,Al Qods,Casablanca-Settat,,,150.0,3.0,2.0,furnished,unknown,unknown,unknown,1250000.0,8333.33,appartement,sale,,unknown,Wed Sep 02 2026 07:23:08 GMT+0100 (UTC+01:00),https://www.mubawab.ma/fr/a/8381318/superbe-appartement-%C3%A0-vendre-%C3%A0-al-qods-8-pi%C3%A8ces-confortables-fen%C3%AAtres-double-vitrage,valid,,unique,,,,,,data\external\recovery_archive\20260902T224619Z\misplaced_notebook_data\data\raw\maisondelux_raw.csv
mubawab.ma:content:6eae6b5de29d7c8158c0f2f3,mubawab.ma,,Casablanca,Sidi Maarouf,Casablanca-Settat,,,90.0,2.0,1.0,unknown,unknown,unknown,unknown,945000.0,10500.0,appartement,sale,,unknown,Fri Aug 14 2026 16:31:10 GMT+0100 (UTC+01:00),,valid,,unique,,Appt à vendre à Chaimaa Sidi Maarouf 90m²,945 000 DH,"Sidi Maarouf, Casablanca",90 m² 3 Pièces 2 Chambres 1 Salle de bain,git:HEAD:data/raw/maisonlux_maroc_complet.csv
mubawab.ma:native:8264223,mubawab.ma,8264223,Casablanca,Lissasfa,Casablanca-Settat,,,102.0,3.0,1.0,furnished,yes,unknown,unknown,1100000.0,10784.31,appartement,sale,,unknown,Wed Sep 02 2026 13:41:57 GMT+0100 (UTC+01:00),https://www.mubawab.ma/fr/a/8264223/appartement-%C3%A0-vendre-102-m%C2%B2-3-chambres-lissasfa-casablanca,valid,,unique,,,,,,data\external\recovery_archive\20260902T224619Z\misplaced_notebook_data\data\raw\maisondelux_raw.csv
mubawab.ma:native:8251196,mubawab.ma,8251196,Casablanca,Riviera,Casablanca-Settat,,,70.0,2.0,2.0,furnished,yes,yes,unknown,1450000.0,20714.29,appartement,sale,,unknown,Wed Sep 02 2026 11:16:36 GMT+0100 (UTC+01:00),https://www.mubawab.ma/fr/a/8251196/appartement-neuf-%C3%A0-vendre-%E2%80%93-riviera,valid,,unique,,,,,,data\external\recovery_archive\20260902T224619Z\misplaced_notebook_data\data\raw\maisondelux_raw.csv
mubawab.ma:content:a1de76df927412b94a0485ee,mubawab.ma,,Casablanca,Maârif Extension,Casablanca-Settat,,,109.0,2.0,2.0,unknown,unknown,unknown,unknown,2100000.0,19266.06,appartement,sale,,unknown,Fri Aug 14 2026 16:31:10 GMT+0100 (UTC+01:00),,valid,,unique,,"Appartement moderne, belle résidence sécurisée",2 100 000 DH,"Maârif Extension, Casablanca",109 m² 3 Pièces 2 Chambres 2 Salles de bains,git:HEAD:data/raw/maisonlux_maroc_complet.csv
mubawab.ma:content:096b1255869678871cce5be9,mubawab.ma,,Tanger,Mozart,Tangier-Tetouan-Al Hoceima,,,492.0,6.0,3.0,unknown,unknown,unknown,unknown,7500000.0,15243.9,appartement,sale,,unknown,Fri Aug 14 2026 16:31:10 GMT+0100 (UTC+01:00),,valid,,unique,,"Appartement à vendre 492 m², 6 chambres Mozart Tanger",7 500 000 DH,"Mozart, Tanger",492 m² 6 Chambres 3 Salles de bains,git:HEAD:data/raw/maisonlux_maroc_complet.csv
mubawab.ma:native:8299662,mubawab.ma,8299662,Casablanca,l'achat à,Casablanca-Settat,,,133.0,3.0,2.0,unknown,yes,unknown,unknown,1414800.0,10637.59,appartement,sale,,unknown,Wed Sep 02 2026 12:08:24 GMT+0100 (UTC+01:00),https://www.mubawab.ma/fr/a/8299662/appartement-%C3%A0-l-achat-%C3%A0-hay-chrifa-3-chambres-prestation-de-conciergerie-air-conditionn%C3%A9,valid,,unique,,,,,,data\external\recovery_archive\20260902T224619Z\misplaced_notebook_data\data\raw\maisondelux_raw.csv
mubawab.ma:content:cfb6150f88490016756e1f06,mubawab.ma,,Casablanca,Roches Noires,Casablanca-Settat,,,81.0,2.0,2.0,unknown,unknown,unknown,unknown,920000.0,11358.02,appartement,sale,,unknown,Fri Aug 14 2026 16:31:10 GMT+0100 (UTC+01:00),,valid,,unique,,Appartement a vendre Roches noires,920 000 DH,"Roches Noires, Casablanca",81 m² 5 Pièces 2 Chambres 2 Salles de bains,git:HEAD:data/raw/maisonlux_maroc_complet.csv
mubawab.ma:url:11428700fd64a919120bb711,mubawab.ma,,Casablanca,Californie,Casablanca-Settat,,,96.0,2.0,,unknown,unknown,unknown,unknown,1639000.0,17072.92,appartement,sale,,unknown,Wed Sep 02 2026 03:08:04 GMT+0100 (UTC+01:00),https://www.mubawab.ma/fr/pa/8191768/vend-appartement-%C3%A0-californie-superficie-96-m%C2%B2,valid,,unique,,,,,,data\external\recovery_archive\20260902T224619Z\misplaced_notebook_data\data\raw\maisondelux_raw.csv
mubawab.ma:content:8668b32fd267da8a712face3,mubawab.ma,,Casablanca,Roches Noires,Casablanca-Settat,,,140.0,3.0,2.0,unknown,unknown,unknown,unknown,1450000.0,10357.14,appartement,sale,,unknown,Fri Aug 14 2026 16:31:10 GMT+0100 (UTC+01:00),,valid,,unique,,Superbe appartement complètement rénové de 140 m²,1 450 000 DH,"Roches Noires, Casablanca",140 m² 4 Pièces 3 Chambres 2 Salles de bains,git:HEAD:data/raw/maisonlux_maroc_complet.csv
mubawab.ma:native:8400247,mubawab.ma,8400247,Casablanca,Aïn Sebaâ,Casablanca-Settat,,,87.0,2.0,2.0,unknown,yes,unknown,unknown,1050000.0,12068.97,appartement,sale,,unknown,Wed Sep 02 2026 06:43:46 GMT+0100 (UTC+01:00),https://www.mubawab.ma/fr/a/8400247/appartement-%C3%A0-vendre-87-m%C2%B2-%C3%A0-ain-sebaa,valid,,unique,,,,,,data\external\recovery_archive\20260902T224619Z\misplaced_notebook_data\data\raw\maisondelux_raw.csv
mubawab.ma:native:8392708,mubawab.ma,8392708,Agadir,laver Founti à,Souss-Massa,,,79.0,2.0,1.0,furnished,yes,yes,unknown,1700000.0,21518.99,appartement,sale,,unknown,Wed Sep 02 2026 00:47:24 GMT+0100 (UTC+01:00),https://www.mubawab.ma/fr/a/8392708/appartement-haut-standing,valid,,unique,,,,,,data\external\recovery_archive\20260902T224619Z\misplaced_notebook_data\data\raw\maisondelux_raw.csv
mubawab.ma:content:59f244105e2f64c6f56481c1,mubawab.ma,,Casablanca,Benjdia,Casablanca-Settat,,,109.0,2.0,2.0,unknown,unknown,unknown,unknown,1200000.0,11009.17,appartement,sale,,unknown,Fri Aug 14 2026 16:31:10 GMT+0100 (UTC+01:00),,valid,,unique,,Super Appartement à vendre à Benjdia,1 200 000 DH,"Benjdia, Casablanca",109 m² 1 Pièce 2 Chambres 2 Salles de bains,git:HEAD:data/raw/maisonlux_maroc_complet.csv
mubawab.ma:native:8389809,mubawab.ma,8389809,Agadir,le quartier recherché de Hay Essalam à,Souss-Massa,,,54.0,2.0,1.0,unfurnished,yes,yes,unknown,600000.0,11111.11,appartement,sale,,unknown,Wed Sep 02 2026 00:45:24 GMT+0100 (UTC+01:00),https://www.mubawab.ma/fr/a/8389809/appartement-2-chambres-lumineux-hay-essalam-agadir,valid,,unique,,,,,,data\external\recovery_archive\20260902T224619Z\misplaced_notebook_data\data\raw\maisondelux_raw.csv
mubawab.ma:content:74f707d21d6974f124645dea,mubawab.ma,,Marrakech,Route de Safi,Marrakech-Safi,,,156.0,3.0,1.0,unknown,unknown,unknown,unknown,1200000.0,7692.31,appartement,sale,,unknown,Fri Aug 14 2026 16:31:10 GMT+0100 (UTC+01:00),,valid,,unique,,Appartement à vendre à Route de Safi. Superficie 156 m². Jar...,1 200 000 DH,"Route de Safi, Marrakech",156 m² 3 Pièces 3 Chambres 1 Salle de bain,git:HEAD:data/raw/maisonlux_maroc_complet.csv
mubawab.ma:content:3eb1f42f044d3135b8180851,mubawab.ma,,Casablanca,Bourgogne Est,Casablanca-Settat,,,68.0,1.0,1.0,unknown,unknown,unknown,unknown,950000.0,13970.59,appartement,sale,,unknown,Fri Aug 14 2026 16:31:10 GMT+0100 (UTC+01:00),,valid,,unique,,Vente appartement bourgogne avec terrasse,950 000 DH,"Bourgogne Est, Casablanca",68 m² 3 Pièces 1 Ch. 1 Salle de bain,git:HEAD:data/raw/maisonlux_maroc_complet.csv
mubawab.ma:content:ffb531eff6f57923ca522ccc,mubawab.ma,,Tanger,De La Plage,Tangier-Tetouan-Al Hoceima,,,100.0,2.0,2.0,unknown,unknown,unknown,unknown,4600000.0,46000.0,appartement,sale,,unknown,Fri Aug 14 2026 16:31:10 GMT+0100 (UTC+01:00),,valid,,unique,,Luxury Seaview Apartment at Tangier Marina,4 600 000 DH,"De La Plage, Tanger",100 m² 5 Pièces 2 Chambres 2 Salles de bains,git:HEAD:data/raw/maisonlux_maroc_complet.csv
mubawab.ma:content:1ab94e0dcc9a213fbe4637e9,mubawab.ma,,Casablanca,Sidi Maarouf,Casablanca-Settat,,,100.0,3.0,2.0,unknown,unknown,unknown,unknown,1070000.0,10700.0,appartement,sale,,unknown,Fri Aug 14 2026 16:31:10 GMT+0100 (UTC+01:00),,valid,,unique,,Appart à Sidi Maarouf 100 m²,1 070 000 DH,"Sidi Maarouf, Casablanca",100 m² 6 Pièces 3 Chambres 2 Salles de bains,git:HEAD:data/raw/maisonlux_maroc_complet.csv
mubawab.ma:content:5c33f49ef79c6342da5addb7,mubawab.ma,,Safi,Hay Sinaai,Marrakech-Safi,,,69.0,3.0,1.0,unknown,unknown,unknown,unknown,350000.0,5072.46,appartement,sale,,unknown,Fri Aug 14 2026 16:31:10 GMT+0100 (UTC+01:00),,valid,,unique,,Appartement en vente à Hay Sinaai. Superficie 69 m². Fenêtre...,350 000 DH,"Hay Sinaai, Safi",69 m² 3 Pièces 3 Chambres 1 Salle de bain,git:HEAD:data/raw/maisonlux_maroc_complet.csv
mubawab.ma:native:8219085,mubawab.ma,8219085,Tanger,Mozart,Tangier-Tetouan-Al Hoceima,,,478.0,5.0,4.0,furnished,unknown,yes,unknown,7400000.0,15481.17,appartement,sale,,unknown,Tue Sep 01 2026 23:18:16 GMT+0100 (UTC+01:00),https://www.mubawab.ma/fr/a/8219085/appartement-%C3%A0-vendre-%C3%A0-place-mozart-tanger,valid,,unique,,,,,,data\external\recovery_archive\20260902T224619Z\misplaced_notebook_data\data\raw\maisondelux_raw.csv
mubawab.ma:content:d7a84d599011cc6739c59a0b,mubawab.ma,,Casablanca,Maârif Extension,Casablanca-Settat,,,200.0,3.0,3.0,unknown,unknown,unknown,unknown,2350000.0,11750.0,appartement,sale,,unknown,Fri Aug 14 2026 16:31:10 GMT+0100 (UTC+01:00),,valid,,unique,,Opportunité: 200m² 3 chambres avec cour A rénover,2 350 000 DH,"Maârif Extension, Casablanca",200 m² 2 Pièces 3 Chambres 3 Salles de bains,git:HEAD:data/raw/maisonlux_maroc_complet.csv
mubawab.ma:url:66ec74582f249b69d0870bef,mubawab.ma,,Casablanca,Le Domaine D'Anfa,Casablanca-Settat,,,145.0,3.0,3.0,unknown,yes,yes,unknown,3510000.0,24206.9,appartement,sale,,unknown,Wed Sep 02 2026 04:10:00 GMT+0100 (UTC+01:00),https://www.mubawab.ma/fr/pa/8330421/appartement-en-vente-%C3%A0-le-domaine-d-anfa-surface-totale-145-m%C2%B2-concierge-et-piscine,valid,,unique,,,,,,data\external\recovery_archive\20260902T224619Z\misplaced_notebook_data\data\raw\maisondelux_raw.csv
mubawab.ma:url:f29798c27f00de6b452478f1,mubawab.ma,,Casablanca,Ain Diab Extension,Casablanca-Settat,,,108.0,2.0,2.0,unknown,yes,yes,unknown,1560000.0,14444.44,appartement,sale,,unknown,Wed Sep 02 2026 03:04:30 GMT+0100 (UTC+01:00),https://www.mubawab.ma/fr/pa/8236140/superbe-appartement-%C3%A0-vendre-%C3%A0-ain-diab-extension-surface-totale-108-m%C2%B2-parking,valid,,unique,,,,,,data\external\recovery_archive\20260902T224619Z\misplaced_notebook_data\data\raw\maisondelux_raw.csv
mubawab.ma:content:7295464d2fc26e309841db6a,mubawab.ma,,Meknès,Hamria,Fez-Meknes,,,116.0,3.0,2.0,unknown,unknown,unknown,unknown,860000.0,7413.79,appartement,sale,,unknown,Fri Aug 14 2026 16:31:10 GMT+0100 (UTC+01:00),,valid,,unique,,Appartement à l'achat à Hamria. 8 pièces confortables. Asc...,860 000 DH,"Hamria, Meknes",116 m² 8 Pièces 3 Chambres 2 Salles de bains,git:HEAD:data/raw/maisonlux_maroc_complet.csv
mubawab.ma:content:2dc999698b97352e7dc89ced,mubawab.ma,,Marrakech,Agdal,Marrakech-Safi,,,75.0,2.0,2.0,unknown,unknown,unknown,unknown,2240000.0,29866.67,appartement,sale,,unknown,Fri Aug 14 2026 16:31:10 GMT+0100 (UTC+01:00),,valid,,unique,,Appart 2 chambres à vendre Prestigia Marrakech,2 240 000 DH,"Agdal, Marrakech",75 m² 4 Pièces 2 Chambres 2 Salles de bains,git:HEAD:data/raw/maisonlux_maroc_complet.csv
mubawab.ma:content:942e1b7f324685923f8fc1fa,mubawab.ma,,Mohammedia,Hay Mesk Lil,Casablanca-Settat,,,67.0,2.0,1.0,unknown,unknown,unknown,unknown,780000.0,11641.79,appartement,sale,,unknown,Fri Aug 14 2026 16:31:10 GMT+0100 (UTC+01:00),,valid,,unique,,Bel Appartement de 2 chambres à Eden Parc,780 000 DH,"Hay Mesk Lil, Mohammedia",67 m² 3 Pièces 2 Chambres 1 Salle de bain,git:HEAD:data/raw/maisonlux_maroc_complet.csv
mubawab.ma:content:daf9b19ea460d0012d8d533b,mubawab.ma,,Kénitra,Mimosas,Rabat-Salé-Kenitra,,,138.0,3.0,2.0,unknown,unknown,unknown,unknown,1400000.0,10144.93,appartement,sale,,unknown,Fri Aug 14 2026 16:31:10 GMT+0100 (UTC+01:00),,valid,,unique,,Appartement premium sur Avenue Mohammed V – Kénitra,1 400 000 DH,"Mimosas, Kénitra",138 m² 4 Pièces 3 Chambres 2 Salles de bains,git:HEAD:data/raw/maisonlux_maroc_complet.csv
mubawab.ma:content:67ab4c80df70ae71cf88d5e2,mubawab.ma,,Mohammedia,La Siesta,Casablanca-Settat,,,105.0,2.0,1.0,unknown,unknown,unknown,yes,2000000.0,19047.62,appartement,sale,,unknown,Fri Aug 14 2026 16:31:10 GMT+0100 (UTC+01:00),,valid,,unique,,Appartement d’exception avec vue mer – Haut Standing à Manso...,2 000 000 DH,"La Siesta, Mohammedia",105 m² 2 Pièces 2 Chambres 1 Salle de bain,git:HEAD:data/raw/maisonlux_maroc_complet.csv
mubawab.ma:content:98b25e2c0b87166b490e91a2,mubawab.ma,,Marrakech,Route Casablanca,Marrakech-Safi,,,134.0,2.0,1.0,unknown,unknown,unknown,unknown,1515000.0,11305.97,appartement,sale,,unknown,Fri Aug 14 2026 16:31:10 GMT+0100 (UTC+01:00),,valid,,unique,,Vente d'un bel appartement à Marrakech. Surface de 134 m²,1 515 000 DH,"Route Casablanca, Marrakech",134 m² 3 Pièces 2 Chambres 1 Salle de bain,git:HEAD:data/raw/maisonlux_maroc_complet.csv
mubawab.ma:content:570eaf632c823a224a0004a4,mubawab.ma,,Casablanca,Hay Hassani,Casablanca-Settat,,,70.0,2.0,,unknown,unknown,unknown,unknown,928324.0,13261.77,appartement,sale,,unknown,Fri Aug 14 2026 16:31:10 GMT+0100 (UTC+01:00),,valid,,unique,,Un 2 chambres salon à vendre en plein cœur de Casablanca,928 324 DH,"Hay Hassani, Casablanca",70 m² 3 Pièces 2 Chambres,git:HEAD:data/raw/maisonlux_maroc_complet.csv
mubawab.ma:content:891ca7b34c98ad7d4e341c06,mubawab.ma,,Marrakech,Camp Al Ghoul,Marrakech-Safi,,,134.0,3.0,2.0,unknown,unknown,unknown,unknown,1700000.0,12686.57,appartement,sale,,unknown,Fri Aug 14 2026 16:31:10 GMT+0100 (UTC+01:00),,valid,,unique,,Appartement 3chambres avec grande terrasse,1 700 000 DH,"Camp Al Ghoul, Marrakech",134 m² 4 Pièces 3 Chambres 2 Salles de bains,git:HEAD:data/raw/maisonlux_maroc_complet.csv
mubawab.ma:content:060e180b176480b04b59b46e,mubawab.ma,,Casablanca,Ferme Bretonne (Hay Arraha),Casablanca-Settat,,,147.0,3.0,2.0,unknown,unknown,unknown,unknown,2793000.0,19000.0,appartement,sale,,unknown,Fri Aug 14 2026 16:31:10 GMT+0100 (UTC+01:00),,valid,,unique,,Appartement à vendre à ferme bretonne à Casablanca,2 793 000 DH,"Ferme Bretonne (Hay Arraha), Casablanca",147 m² 5 Pièces 3 Chambres 2 Salles de bains,git:HEAD:data/raw/maisonlux_maroc_complet.csv
mubawab.ma:content:124c387c6dccbd36b66d66d2,mubawab.ma,,Casablanca,Les princesses,Casablanca-Settat,,,81.0,2.0,2.0,unknown,unknown,unknown,unknown,1944000.0,24000.0,appartement,sale,,unknown,Fri Aug 14 2026 16:31:10 GMT+0100 (UTC+01:00),,valid,,unique,,Princesses/Appartement NEUF 2 chambres,1 944 000 DH,"Les princesses, Casablanca",81 m² 3 Pièces 2 Chambres 2 Salles de bains,git:HEAD:data/raw/maisonlux_maroc_complet.csv
mubawab.ma:content:0f47d04a0c7f496ee964c2f5,mubawab.ma,,Marrakech,Jbilat,Marrakech-Safi,,,89.0,2.0,2.0,unknown,unknown,unknown,unknown,750000.0,8426.97,appartement,sale,,unknown,Fri Aug 14 2026 16:31:10 GMT+0100 (UTC+01:00),,valid,,unique,,Appartement vendre,750 000 DH,"Jbilat, Marrakech",89 m² 2 Pièces 2 Chambres 2 Salles de bains,git:HEAD:data/raw/maisonlux_maroc_complet.csv
mubawab.ma:native:8384503,mubawab.ma,8384503,Casablanca,Maârif,Casablanca-Settat,,,90.0,2.0,2.0,unknown,yes,yes,unknown,1590000.0,17666.67,appartement,sale,,unknown,Wed Sep 02 2026 04:09:09 GMT+0100 (UTC+01:00),https://www.mubawab.ma/fr/a/8384503/appartement-neuf-90m%C2%B2-13m%C2%B2-parking-titr%C3%A9-maarif,valid,,unique,,,,,,data\external\recovery_archive\20260902T224619Z\misplaced_notebook_data\data\raw\maisondelux_raw.csv
mubawab.ma:native:8363534,mubawab.ma,8363534,Casablanca,Mers Sultan,Casablanca-Settat,,,155.0,3.0,2.0,furnished,yes,yes,unknown,1650000.0,10645.16,appartement,sale,,unknown,Wed Sep 02 2026 04:25:33 GMT+0100 (UTC+01:00),https://www.mubawab.ma/fr/a/8363534/vente-appartement-%C3%A0-mers-sultan,valid,,unique,,,,,,data\external\recovery_archive\20260902T224619Z\misplaced_notebook_data\data\raw\maisondelux_raw.csv
mubawab.ma:native:8367887,mubawab.ma,8367887,Agadir,"le quartier ""City Adrar"" à",Souss-Massa,,,56.0,2.0,2.0,furnished,yes,yes,unknown,1510000.0,26964.29,appartement,sale,,unknown,Wed Sep 02 2026 00:50:33 GMT+0100 (UTC+01:00),https://www.mubawab.ma/fr/a/8367887/bel-appartement-%C3%A0-vendre-dans-le-quartier-d-adrar-2-grandes-pi%C3%A8ces-belle-terrasse-et-jardin-,valid,,unique,,,,,,data\external\recovery_archive\20260902T224619Z\misplaced_notebook_data\data\raw\maisondelux_raw.csv
mubawab.ma:native:8221147,mubawab.ma,8221147,Berrechid,Berrechid,Casablanca-Settat,,,107.0,3.0,1.0,unknown,unknown,yes,unknown,11560000.0,108037.38,appartement,sale,,unknown,Wed Sep 02 2026 01:11:00 GMT+0100 (UTC+01:00),https://www.mubawab.ma/fr/a/8221147/superbe-appartement-%C3%A0-vendre-%C3%A0-berrechid-4-pi%C3%A8ces-confortables-porte-blind%C3%A9e-s%C3%A9curit%C3%A9,valid,,unique,,,,,,data\external\recovery_archive\20260902T224619Z\misplaced_notebook_data\data\raw\maisondelux_raw.csv
mubawab.ma:native:8405084,mubawab.ma,8405084,Casablanca,Palmier,Casablanca-Settat,,,62.0,2.0,2.0,furnished,yes,unknown,unknown,1150000.0,18548.39,appartement,sale,,unknown,Wed Sep 02 2026 04:27:58 GMT+0100 (UTC+01:00),https://www.mubawab.ma/fr/a/8405084/appartement-%C3%A0-vendre-de-62-0-m%C2%B2-%C3%A0-casablanca-palmier-maarif,valid,,unique,,,,,,data\external\recovery_archive\20260902T224619Z\misplaced_notebook_data\data\raw\maisondelux_raw.csv
mubawab.ma:content:ca6952f016a5b343ff4b2de3,mubawab.ma,,Casablanca,Le Domaine D'Anfa,Casablanca-Settat,,,127.0,3.0,2.0,unknown,unknown,unknown,unknown,3250000.0,25590.55,appartement,sale,,unknown,Fri Aug 14 2026 16:31:10 GMT+0100 (UTC+01:00),,valid,,unique,,Vente d'un bel appartement à Le Domaine D'Anfa. 5 pièces con...,3 250 000 DH,"Le Domaine D'Anfa, Casablanca",127 m² 5 Pièces 3 Chambres 2 Salles de bains,git:HEAD:data/raw/maisonlux_maroc_complet.csv
mubawab.ma:native:8371688,mubawab.ma,8371688,Marrakech,côté du Stade de,Marrakech-Safi,,,110.0,3.0,2.0,furnished,unknown,yes,unknown,1450000.0,13181.82,appartement,sale,,unknown,Wed Sep 02 2026 17:19:05 GMT+0100 (UTC+01:00),https://www.mubawab.ma/fr/a/8371688/%C3%A0-vendre-%E2%80%93-appartement-de-3-chambres-route-de-casa-%E2%80%93-r%C3%A9sidence-jannat-azaitoun,valid,,unique,,,,,,data\external\recovery_archive\20260902T224619Z\misplaced_notebook_data\data\raw\maisondelux_raw.csv
mubawab.ma:content:aebf147e13fb33c688dfd10c,mubawab.ma,,Casablanca,Maârif,Casablanca-Settat,,,108.0,3.0,3.0,unknown,unknown,unknown,unknown,3800000.0,35185.19,appartement,sale,,unknown,Fri Aug 14 2026 16:31:10 GMT+0100 (UTC+01:00),,valid,,unique,,Appartement haut standing au cœur de Maarif,3 800 000 DH,"Maârif, Casablanca",108 m² 4 Pièces 3 Chambres 3 Salles de bains,git:HEAD:data/raw/maisonlux_maroc_complet.csv
mubawab.ma:native:8275630,mubawab.ma,8275630,Tanger,Centre,Tangier-Tetouan-Al Hoceima,,,145.0,3.0,2.0,unknown,yes,yes,yes,3480000.0,24000.0,appartement,sale,,unknown,Tue Sep 01 2026 23:18:21 GMT+0100 (UTC+01:00),https://www.mubawab.ma/fr/a/8275630/appartements-%C3%A0-vendre-au-centre-ville-tanger,valid,,unique,,,,,,data\external\recovery_archive\20260902T224619Z\misplaced_notebook_data\data\raw\maisondelux_raw.csv
mubawab.ma:content:3bca7d687f0a36f18928618b,mubawab.ma,,Kénitra,La Ville Haute,Rabat-Salé-Kenitra,,,81.0,2.0,1.0,unknown,unknown,unknown,unknown,660000.0,8148.15,appartement,sale,,unknown,Fri Aug 14 2026 16:31:10 GMT+0100 (UTC+01:00),,valid,,unique,,Appartement à vende à la ville haute 81m2 KENITRA,660 000 DH,"La Ville Haute, Kénitra",81 m² 2 Pièces 2 Chambres 1 Salle de bain,git:HEAD:data/raw/maisonlux_maroc_complet.csv
mubawab.ma:native:8351338,mubawab.ma,8351338,Casablanca,l'achat à,Casablanca-Settat,,,50.0,1.0,1.0,unknown,yes,unknown,unknown,1270000.0,25400.0,appartement,sale,,unknown,Wed Sep 02 2026 02:43:10 GMT+0100 (UTC+01:00),https://www.mubawab.ma/fr/a/8351338/appartement-%C3%A0-l-achat-%C3%A0-casablanca-finance-city-1-chambre-salon-typique-marocain-r%C3%A9sidence-s%C3%A9curis%C3%A9e,valid,,unique,,,,,,data\external\recovery_archive\20260902T224619Z\misplaced_notebook_data\data\raw\maisondelux_raw.csv
mubawab.ma:content:6487ef45342759c63e781290,mubawab.ma,,Marrakech,Daoudiat,Marrakech-Safi,,,120.0,3.0,1.0,unknown,unknown,unknown,unknown,890000.0,7416.67,appartement,sale,,unknown,Fri Aug 14 2026 16:31:10 GMT+0100 (UTC+01:00),,valid,,unique,,Charmant appartement à restaurer quartier al badii,890 000 DH,"Daoudiat, Marrakech",120 m² 7 Pièces 3 Chambres 1 Salle de bain,git:HEAD:data/raw/maisonlux_maroc_complet.csv
mubawab.ma:content:8e77380d8b2e7ef66dcf3bcc,mubawab.ma,,Marrakech,Route de Safi,Marrakech-Safi,,,138.0,3.0,2.0,unknown,unknown,unknown,unknown,1200000.0,8695.65,appartement,sale,,unknown,Fri Aug 14 2026 16:31:10 GMT+0100 (UTC+01:00),,valid,,unique,,Appart À Vendre 138 M² Lksour,1 200 000 DH,"Route de Safi, Marrakech",138 m² 4 Pièces 3 Chambres 2 Salles de bains,git:HEAD:data/raw/maisonlux_maroc_complet.csv
mubawab.ma:content:641f6ba3cb393730a26edf8a,mubawab.ma,,Casablanca,Sidi Maarouf,Casablanca-Settat,,,115.0,2.0,4.0,unknown,unknown,unknown,unknown,1000000.0,8695.65,appartement,sale,,unknown,Fri Aug 14 2026 16:31:10 GMT+0100 (UTC+01:00),,valid,,unique,,"Appartement à Vendre de 115.0 m² à Casablanca, Sidi Maarouf",1 000 000 DH,"Sidi Maarouf, Casablanca",115 m² 4 Pièces 2 Chambres 4 Salles de bains,git:HEAD:data/raw/maisonlux_maroc_complet.csv
mubawab.ma:content:af1ccfdfc289d4cea60b8bef,mubawab.ma,,Agadir,Riad Salam,Souss-Massa,,,85.0,2.0,2.0,unknown,unknown,unknown,unknown,1500000.0,17647.06,appartement,sale,,unknown,Fri Aug 14 2026 16:31:10 GMT+0100 (UTC+01:00),,valid,,unique,,Appartement à vendre à Riad Salam. 3 grandes pièces. Bien me...,1 500 000 DH,"Riad Salam, Agadir",85 m² 3 Pièces 2 Chambres 2 Salles de bains,git:HEAD:data/raw/maisonlux_maroc_complet.csv
mubawab.ma:native:8261643,mubawab.ma,8261643,Casablanca,Beauséjour,Casablanca-Settat,,,163.0,3.0,2.0,unknown,yes,unknown,unknown,1900000.0,11656.44,appartement,sale,,unknown,Wed Sep 02 2026 11:46:20 GMT+0100 (UTC+01:00),https://www.mubawab.ma/fr/a/8261643/appartement-%C3%A0-vendre-163-m%C2%B2-3-chambres-beaus%C3%A9jour-casablanca,valid,,unique,,,,,,data\external\recovery_archive\20260902T224619Z\misplaced_notebook_data\data\raw\maisondelux_raw.csv
mubawab.ma:content:dc3db87201bffef8a8873870,mubawab.ma,,Casablanca,Les Hôpitaux,Casablanca-Settat,,,53.0,1.0,1.0,unknown,unknown,unknown,unknown,1345000.0,25377.36,appartement,sale,,unknown,Fri Aug 14 2026 16:31:10 GMT+0100 (UTC+01:00),,valid,,unique,,Appartement à vendre à Les Hôpitaux. 1 belle chambre,1 345 000 DH,"Les Hôpitaux, Casablanca",53 m² 1 Pièce 1 Ch. 1 Salle de bain,git:HEAD:data/raw/maisonlux_maroc_complet.csv
mubawab.ma:native:8389373,mubawab.ma,8389373,Casablanca,Triangle d'Or,Casablanca-Settat,,,193.0,3.0,3.0,unknown,yes,yes,unknown,300000.0,1554.4,appartement,sale,,unknown,Wed Sep 02 2026 06:42:54 GMT+0100 (UTC+01:00),https://www.mubawab.ma/fr/a/8389373/appartement-d-exception-r%C3%A9nov%C3%A9-193m%C2%B2-triangle-d-or,valid,,unique,,,,,,data\external\recovery_archive\20260902T224619Z\misplaced_notebook_data\data\raw\maisondelux_raw.csv
mubawab.ma:content:4822b5317a13ac0d931fcdd9,mubawab.ma,,Marrakech,Hay Mabrouka,Marrakech-Safi,,,83.0,3.0,1.0,unknown,unknown,unknown,unknown,600000.0,7228.92,appartement,sale,,unknown,Fri Aug 14 2026 16:31:10 GMT+0100 (UTC+01:00),,valid,,unique,,Appartement à Vendre situé à Najd,600 000 DH,"Hay Mabrouka, Marrakech",83 m² 4 Pièces 3 Chambres 1 Salle de bain,git:HEAD:data/raw/maisonlux_maroc_complet.csv
mubawab.ma:native:8369114,mubawab.ma,8369114,Casablanca,Ain Diab Extension,Casablanca-Settat,,,93.0,2.0,2.0,unknown,yes,yes,unknown,1500000.0,16129.03,appartement,sale,,unknown,Wed Sep 02 2026 08:42:07 GMT+0100 (UTC+01:00),https://www.mubawab.ma/fr/a/8369114/appartement-neuf-et-moderne-avec-piscine-%E2%80%93-ain-diab-extension,valid,,unique,,,,,,data\external\recovery_archive\20260902T224619Z\misplaced_notebook_data\data\raw\maisondelux_raw.csv
mubawab.ma:content:53c21db77bc0fc66c69c6951,mubawab.ma,,Meknès,Hamria,Fez-Meknes,,,163.0,4.0,3.0,unknown,unknown,unknown,unknown,1390000.0,8527.61,appartement,sale,,unknown,Fri Aug 14 2026 16:31:10 GMT+0100 (UTC+01:00),,valid,,unique,,Appartement haut standing,1 390 000 DH,"Hamria, Meknes",163 m² 7 Pièces 4 Chambres 3 Salles de bains,git:HEAD:data/raw/maisonlux_maroc_complet.csv
mubawab.ma:content:5104d83a1edaafec43c047b5,mubawab.ma,,Casablanca,Quartier Bachkou,Casablanca-Settat,,,134.0,3.0,2.0,unknown,unknown,unknown,unknown,2450000.0,18283.58,appartement,sale,,unknown,Fri Aug 14 2026 16:31:10 GMT+0100 (UTC+01:00),,valid,,unique,,Superbe appartement sans vis à vis 134 m2,2 450 000 DH,"Quartier Bachkou, Casablanca",134 m² 7 Pièces 3 Chambres 2 Salles de bains,git:HEAD:data/raw/maisonlux_maroc_complet.csv
mubawab.ma:content:8de7c5fd59a713c7d18be88c,mubawab.ma,,Casablanca,Bourgogne Ouest,Casablanca-Settat,,,158.0,3.0,4.0,unknown,unknown,unknown,unknown,1850000.0,11708.86,appartement,sale,,unknown,Fri Aug 14 2026 16:31:10 GMT+0100 (UTC+01:00),,valid,,unique,,"Appartement à Vendre de 158.0 m² à Casablanca, Bourgogne Anf...",1 850 000 DH,"Bourgogne Ouest, Casablanca",158 m² 5 Pièces 3 Chambres 4 Salles de bains,git:HEAD:data/raw/maisonlux_maroc_complet.csv
mubawab.ma:content:8d9959f492f6809c059d22f4,mubawab.ma,,Marrakech,Guéliz,Marrakech-Safi,,,124.0,3.0,2.0,unknown,unknown,unknown,unknown,2100000.0,16935.48,appartement,sale,,unknown,Fri Aug 14 2026 16:31:10 GMT+0100 (UTC+01:00),,valid,,unique,,Appartement à l'achat à Menara garden. Superficie 124 m²,2 100 000 DH,"Guéliz, Marrakech",124 m² 4 Pièces 3 Chambres 2 Salles de bains,git:HEAD:data/raw/maisonlux_maroc_complet.csv
mubawab.ma:native:8386390,mubawab.ma,8386390,Marrakech,Hivernage,Marrakech-Safi,,,106.0,2.0,2.0,furnished,yes,yes,unknown,3500000.0,33018.87,appartement,sale,,unknown,Wed Sep 02 2026 17:13:30 GMT+0100 (UTC+01:00),https://www.mubawab.ma/fr/a/8386390/exclusive-apartment-for-sale-in-hivernage,valid,,unique,,,,,,data\external\recovery_archive\20260902T224619Z\misplaced_notebook_data\data\raw\maisondelux_raw.csv
mubawab.ma:content:b03532e4b15a5edb21b8753b,mubawab.ma,,Casablanca,Ferme Bretonne (Hay Arraha),Casablanca-Settat,,,48.0,1.0,1.0,unknown,unknown,unknown,unknown,1220000.0,25416.67,appartement,sale,,unknown,Fri Aug 14 2026 16:31:10 GMT+0100 (UTC+01:00),,valid,,unique,,Appartement en vente à Ferme Bretonne Hay Arraha. 1 belle ch...,1 220 000 DH,"Ferme Bretonne (Hay Arraha), Casablanca",48 m² 1 Pièce 1 Ch. 1 Salle de bain,git:HEAD:data/raw/maisonlux_maroc_complet.csv
mubawab.ma:content:e99dcb6b33450064c57c924f,mubawab.ma,,Casablanca,Palmier,Casablanca-Settat,,,88.0,1.0,1.0,unknown,unknown,unknown,unknown,1330000.0,15113.64,appartement,sale,,unknown,Fri Aug 14 2026 16:31:10 GMT+0100 (UTC+01:00),,valid,,unique,,Vente d'un bel appartement à Palmier. Superficie 88 m². Avec...,1 330 000 DH,"Palmier, Casablanca",88 m² 1 Pièce 1 Ch. 1 Salle de bain,git:HEAD:data/raw/maisonlux_maroc_complet.csv
mubawab.ma:native:8382117,mubawab.ma,8382117,Bouskoura,Victoria,Casablanca-Settat,,,113.0,3.0,2.0,furnished,yes,yes,unknown,1200000.0,10619.47,appartement,sale,,unknown,Wed Sep 02 2026 01:18:25 GMT+0100 (UTC+01:00),https://www.mubawab.ma/fr/a/8382117/appartement-%C3%A0-vendre-de-113-0-m%C2%B2-%C3%A0-bouskoura-victoria,valid,,unique,,,,,,data\external\recovery_archive\20260902T224619Z\misplaced_notebook_data\data\raw\maisondelux_raw.csv
mubawab.ma:content:019b349251d6de09cba5ffe7,mubawab.ma,,Casablanca,Racine,Casablanca-Settat,,,134.0,3.0,2.0,unknown,unknown,unknown,unknown,2480000.0,18507.46,appartement,sale,,unknown,Fri Aug 14 2026 16:31:10 GMT+0100 (UTC+01:00),,valid,,unique,,Appartement de 3 chambres à vendre à Racine,2 480 000 DH,"Racine, Casablanca",134 m² 9 Pièces 3 Chambres 2 Salles de bains,git:HEAD:data/raw/maisonlux_maroc_complet.csv
mubawab.ma:native:8201054,mubawab.ma,8201054,Casablanca,Riviera,Casablanca-Settat,,,62.0,2.0,1.0,unknown,yes,yes,unknown,1310000.0,21129.03,appartement,sale,,unknown,Wed Sep 02 2026 08:39:19 GMT+0100 (UTC+01:00),https://www.mubawab.ma/fr/a/8201054/%C3%A0-vendre-%E2%80%93-studio-neuf-%E2%80%93-quartier-riviera,valid,,unique,,,,,,data\external\recovery_archive\20260902T224619Z\misplaced_notebook_data\data\raw\maisondelux_raw.csv
mubawab.ma:content:412bd9b4a0fef969ee914dc3,mubawab.ma,,Casablanca,Bourgogne Ouest,Casablanca-Settat,,,111.0,3.0,2.0,unknown,unknown,unknown,yes,2800000.0,25225.23,appartement,sale,,unknown,Fri Aug 14 2026 16:31:10 GMT+0100 (UTC+01:00),,valid,,unique,,Corniche/Appartement à vendre 111m² Vue mer,2 800 000 DH,"Bourgogne Ouest, Casablanca",111 m² 4 Pièces 3 Chambres 2 Salles de bains,git:HEAD:data/raw/maisonlux_maroc_complet.csv
mubawab.ma:content:6fad0ff321450df3dbfbe62f,mubawab.ma,,Casablanca,Derb Koréa,Casablanca-Settat,,,65.0,5.0,3.0,unknown,unknown,unknown,unknown,3000000.0,46153.85,appartement,sale,,unknown,Fri Aug 14 2026 16:31:10 GMT+0100 (UTC+01:00),,valid,,unique,,"Appartement à vendre 65 m², 5 chambres Derb Korea Casablanca",3 000 000 DH,"Derb Koréa, Casablanca",65 m² 5 Chambres 3 Salles de bains,git:HEAD:data/raw/maisonlux_maroc_complet.csv
mubawab.ma:native:8319452,mubawab.ma,8319452,Casablanca,Californie,Casablanca-Settat,,,157.0,2.0,2.0,unknown,yes,yes,unknown,1700000.0,10828.03,appartement,sale,,unknown,Wed Sep 02 2026 06:41:13 GMT+0100 (UTC+01:00),https://www.mubawab.ma/fr/a/8319452/too-duplex-en-vente-deux-ch-salon-californie,valid,,unique,,,,,,data\external\recovery_archive\20260902T224619Z\misplaced_notebook_data\data\raw\maisondelux_raw.csv
mubawab.ma:content:bd1dcd1bd0ef12e145ddd5cc,mubawab.ma,,Casablanca,Oulfa,Casablanca-Settat,,,78.0,2.0,2.0,unknown,unknown,unknown,unknown,7900000.0,101282.05,appartement,sale,,unknown,Fri Aug 14 2026 16:31:10 GMT+0100 (UTC+01:00),,valid,,unique,,Appartement à l'achat à Oulfa. 2 grandes pièces. Places de p...,7 900 000 DH,"Oulfa, Casablanca",78 m² 2 Pièces 2 Chambres 2 Salles de bains,git:HEAD:data/raw/maisonlux_maroc_complet.csv
mubawab.ma:content:988f3412f7bd4675268d193a,mubawab.ma,,Casablanca,Maârif Extension,Casablanca-Settat,,,92.0,2.0,2.0,unknown,unknown,unknown,unknown,1450000.0,15760.87,appartement,sale,,unknown,Fri Aug 14 2026 16:31:10 GMT+0100 (UTC+01:00),,valid,,unique,,Vente Appartement à Maârif Extension,1 450 000 DH,"Maârif Extension, Casablanca",92 m² 3 Pièces 2 Chambres 2 Salles de bains,git:HEAD:data/raw/maisonlux_maroc_complet.csv
mubawab.ma:content:51c370c1a66771f866e81281,mubawab.ma,,Casablanca,Casablanca Finance City,Casablanca-Settat,,,142.0,2.0,2.0,unknown,unknown,unknown,unknown,4700000.0,33098.59,appartement,sale,,unknown,Fri Aug 14 2026 16:31:10 GMT+0100 (UTC+01:00),,valid,,unique,,Appartement sans vis à vis au 13 eme étage casa finance cit...,4 700 000 DH,"Casablanca Finance City, Casablanca",142 m² 3 Pièces 2 Chambres 2 Salles de bains,git:HEAD:data/raw/maisonlux_maroc_complet.csv
mubawab.ma:content:856a91012d28ae27d0227272,mubawab.ma,,Casablanca,Val Fleury,Casablanca-Settat,,,85.0,2.0,1.0,unknown,unknown,unknown,unknown,1600000.0,18823.53,appartement,sale,,unknown,Fri Aug 14 2026 16:31:10 GMT+0100 (UTC+01:00),,valid,,unique,,"Appartement à vendre 85 m², 2 chambres Val Fleurie Casablanc...",1 600 000 DH,"Val Fleury, Casablanca",85 m² 2 Chambres 1 Salle de bain,git:HEAD:data/raw/maisonlux_maroc_complet.csv
mubawab.ma:native:8263996,mubawab.ma,8263996,Casablanca,Sidi Maarouf,Casablanca-Settat,,,119.0,3.0,2.0,furnished,unknown,unknown,unknown,1000000.0,8403.36,appartement,sale,,unknown,Wed Sep 02 2026 07:06:23 GMT+0100 (UTC+01:00),https://www.mubawab.ma/fr/a/8263996/appartement-%C3%A0-vendre-119-m%C2%B2-3-chambres-sidi-maarouf-casablanca,valid,,unique,,,,,,data\external\recovery_archive\20260902T224619Z\misplaced_notebook_data\data\raw\maisondelux_raw.csv
mubawab.ma:native:8397376,mubawab.ma,8397376,Casablanca,l'achat à,Casablanca-Settat,,,80.0,2.0,1.0,furnished,yes,unknown,unknown,5800000.0,72500.0,appartement,sale,,unknown,Wed Sep 02 2026 06:48:22 GMT+0100 (UTC+01:00),https://www.mubawab.ma/fr/a/8397376/appartement-%C3%A0-l-achat-%C3%A0-bournazil-1-pi%C3%A8ce-antenne-parabolique-r%C3%A9sidence-s%C3%A9curis%C3%A9e,valid,,unique,,,,,,data\external\recovery_archive\20260902T224619Z\misplaced_notebook_data\data\raw\maisondelux_raw.csv
mubawab.ma:content:64bc194ad48fe071d4432da2,mubawab.ma,,Fès,Route Immouzer,Fez-Meknes,,,144.0,3.0,2.0,unknown,unknown,unknown,unknown,950000.0,6597.22,appartement,sale,,unknown,Fri Aug 14 2026 16:31:10 GMT+0100 (UTC+01:00),,valid,,unique,,"Appartement à vendre 144 m², 3 chambres Route immouzer Fès",950 000 DH,"Route Immouzer, Fès",144 m² 3 Chambres 2 Salles de bains,git:HEAD:data/raw/maisonlux_maroc_complet.csv
mubawab.ma:url:d0603853f3ec8280a1558197,mubawab.ma,,Casablanca,Val Fleury,Casablanca-Settat,,,72.0,2.0,2.0,furnished,yes,yes,unknown,1450000.0,20138.89,appartement,sale,,unknown,Wed Sep 02 2026 03:04:39 GMT+0100 (UTC+01:00),https://www.mubawab.ma/fr/pa/8279825/tres-bel-appartement-72m2-val-fleury,valid,,unique,,,,,,data\external\recovery_archive\20260902T224619Z\misplaced_notebook_data\data\raw\maisondelux_raw.csv
mubawab.ma:content:bb55e1037ff6a0af7a7b2753,mubawab.ma,,Rabat,Hay Al Fath,Rabat-Salé-Kenitra,,,108.0,2.0,1.0,unknown,unknown,unknown,unknown,1290000.0,11944.44,appartement,sale,,unknown,Fri Aug 14 2026 16:31:10 GMT+0100 (UTC+01:00),,valid,,unique,,Appartement à vendre Hay El Fath Massira Rabat,1 290 000 DH,"Hay Al Fath, Rabat",108 m² 4 Pièces 2 Chambres 1 Salle de bain,git:HEAD:data/raw/maisonlux_maroc_complet.csv
mubawab.ma:content:a436349525bb0a30c88134ca,mubawab.ma,,Casablanca,Casablanca Finance City,Casablanca-Settat,,,148.0,2.0,2.0,unknown,unknown,unknown,unknown,2990000.0,20202.7,appartement,sale,,unknown,Fri Aug 14 2026 16:31:10 GMT+0100 (UTC+01:00),,valid,,unique,,LES TOURS VÉGÉTALES YASMINE SIGNATURE Appartement à vendre 1...,2 990 000 DH,"Casablanca Finance City, Casablanca",148 m² 2 Chambres 2 Salles de bains,git:HEAD:data/raw/maisonlux_maroc_complet.csv
mubawab.ma:content:835f44dac1234b43f013b4fd,mubawab.ma,,Casablanca,Val Fleury,Casablanca-Settat,,,81.0,2.0,2.0,unknown,unknown,unknown,unknown,1943000.0,23987.65,appartement,sale,,unknown,Fri Aug 14 2026 16:31:10 GMT+0100 (UTC+01:00),,valid,,unique,,Appartement exceptionnel à Val Fleury,1 943 000 DH,"Val Fleury, Casablanca",81 m² 3 Pièces 2 Chambres 2 Salles de bains,git:HEAD:data/raw/maisonlux_maroc_complet.csv
mubawab.ma:content:94e92890d4547dab1e85ae8b,mubawab.ma,,Casablanca,Californie,Casablanca-Settat,,,52.0,1.0,,unknown,unknown,unknown,unknown,1069000.0,20557.69,appartement,sale,,unknown,Fri Aug 14 2026 16:31:10 GMT+0100 (UTC+01:00),,valid,,unique,,Vente d'un bel appartement à Californie. Surface totale 52 m...,1 069 000 DH,"Californie, Casablanca",52 m² 2 Pièces 1 Ch.,git:HEAD:data/raw/maisonlux_maroc_complet.csv
mubawab.ma:content:c7dda33f0a3c10d15ee5750f,mubawab.ma,,Casablanca,Benjdia,Casablanca-Settat,,,122.0,2.0,2.0,unknown,unknown,unknown,unknown,1200000.0,9836.07,appartement,sale,,unknown,Fri Aug 14 2026 16:31:10 GMT+0100 (UTC+01:00),,valid,,unique,,Appartement de 122m2 Quartier Benjdiya,1 200 000 DH,"Benjdia, Casablanca",122 m² 4 Pièces 2 Chambres 2 Salles de bains,git:HEAD:data/raw/maisonlux_maroc_complet.csv
mubawab.ma:content:09521dd2c4d62f07506b0630,mubawab.ma,,Casablanca,Ain Diab Extension,Casablanca-Settat,,,127.0,2.0,2.0,unknown,unknown,unknown,unknown,1200000.0,9448.82,appartement,sale,,unknown,Fri Aug 14 2026 16:31:10 GMT+0100 (UTC+01:00),,valid,,unique,,Appartement en vente à Ain Diab Extension. Surface totale 12...,1 200 000 DH,"Ain Diab Extension, Casablanca",127 m² 3 Pièces 2 Chambres 2 Salles de bains,git:HEAD:data/raw/maisonlux_maroc_complet.csv
mubawab.ma:content:7b6298f975f4385b87921500,mubawab.ma,,Rabat,L'Ocean,Rabat-Salé-Kenitra,,,82.0,2.0,2.0,unknown,unknown,unknown,unknown,1750000.0,21341.46,appartement,sale,,unknown,Fri Aug 14 2026 16:31:10 GMT+0100 (UTC+01:00),,valid,,unique,,Appartement haut standing à Rabat,1 750 000 DH,"L'Ocean, Rabat",82 m² 4 Pièces 2 Chambres 2 Salles de bains,git:HEAD:data/raw/maisonlux_maroc_complet.csv
mubawab.ma:content:3b0c54b3cd3abf264440e2c5,mubawab.ma,,Mohammedia,Nassim,Casablanca-Settat,,,83.0,3.0,2.0,unknown,unknown,unknown,unknown,700000.0,8433.73,appartement,sale,,unknown,Fri Aug 14 2026 16:31:10 GMT+0100 (UTC+01:00),,valid,,unique,,"Appartement à vendre 83 m², 3 chambres Nassim Mohammedia",700 000 DH,"Nassim, Mohammedia",83 m² 3 Chambres 2 Salles de bains,git:HEAD:data/raw/maisonlux_maroc_complet.csv
mubawab.ma:content:241438a3cdff257e57809410,mubawab.ma,,Casablanca,Hay Hassani,Casablanca-Settat,,,69.0,3.0,1.0,unknown,unknown,unknown,unknown,750000.0,10869.57,appartement,sale,,unknown,Fri Aug 14 2026 16:31:10 GMT+0100 (UTC+01:00),,valid,,unique,,Appartement titre,750 000 DH,"Hay Hassani, Casablanca",69 m² 5 Pièces 3 Chambres 1 Salle de bain,git:HEAD:data/raw/maisonlux_maroc_complet.csv
mubawab.ma:content:3fc0e4cc0f24221e25a9cd13,mubawab.ma,,Essaouira,Argana,Marrakech-Safi,,,73.0,2.0,1.0,unknown,unknown,unknown,unknown,900000.0,12328.77,appartement,sale,,unknown,Fri Aug 14 2026 16:31:10 GMT+0100 (UTC+01:00),,valid,,unique,,À vendre: bel appartement composé de deux chambres confortab...,900 000 DH,"Argana, Essaouira",73 m² 1 Pièce 2 Chambres 1 Salle de bain,git:HEAD:data/raw/maisonlux_maroc_complet.csv
mubawab.ma:content:2bcd0c9295125189106e6396,mubawab.ma,,Casablanca,Palmier,Casablanca-Settat,,,44.0,1.0,2.0,unknown,unknown,unknown,unknown,1200000.0,27272.73,appartement,sale,,unknown,Fri Aug 14 2026 16:31:10 GMT+0100 (UTC+01:00),,valid,,unique,,Studios et appartements haut standing,1 200 000 DH,"Palmier, Casablanca",44 m² 1 Pièce 1 Ch. 2 Salles de bains,git:HEAD:data/raw/maisonlux_maroc_complet.csv
mubawab.ma:content:7a3019f33900c3404751380f,mubawab.ma,,Salé,Bab Sebta,Rabat-Salé-Kenitra,,,107.0,2.0,2.0,unknown,unknown,unknown,unknown,870000.0,8130.84,appartement,sale,,unknown,Fri Aug 14 2026 16:31:10 GMT+0100 (UTC+01:00),,valid,,unique,,Occasion imbattable salé hors bab sebta,870 000 DH,"Bab Sebta, Salé",107 m² 3 Pièces 2 Chambres 2 Salles de bains,git:HEAD:data/raw/maisonlux_maroc_complet.csv
mubawab.ma:native:8312159,mubawab.ma,8312159,Casablanca,Maârif Extension,Casablanca-Settat,,,44.0,1.0,1.0,unknown,yes,yes,unknown,1050000.0,23863.64,appartement,sale,,unknown,Wed Sep 02 2026 11:39:37 GMT+0100 (UTC+01:00),https://www.mubawab.ma/fr/a/8312159/a-vendre-studio-r%C3%A9cent-44m2-maarif-extension,valid,,unique,,,,,,data\external\recovery_archive\20260902T224619Z\misplaced_notebook_data\data\raw\maisondelux_raw.csv
mubawab.ma:content:cf67e5e104c4b1e9b8ef74a1,mubawab.ma,,Casablanca,Palmier,Casablanca-Settat,,,143.0,3.0,,unknown,unknown,unknown,unknown,2250000.0,15734.27,appartement,sale,,unknown,Fri Aug 14 2026 16:31:10 GMT+0100 (UTC+01:00),,valid,,unique,,Appartement en vente à Palmier. Surface de 143 m². Avec as...,2 250 000 DH,"Palmier, Casablanca",143 m² 3 Chambres,git:HEAD:data/raw/maisonlux_maroc_complet.csv
mubawab.ma:content:6300b703f2de7fe2ec550724,mubawab.ma,,Casablanca,Oulfa,Casablanca-Settat,,,91.0,2.0,1.0,unknown,unknown,unknown,unknown,780000.0,8571.43,appartement,sale,,unknown,Fri Aug 14 2026 16:31:10 GMT+0100 (UTC+01:00),,valid,,unique,,Vente appartement de 91m2 à oulfa,780 000 DH,"Oulfa, Casablanca",91 m² 1 Pièce 2 Chambres 1 Salle de bain,git:HEAD:data/raw/maisonlux_maroc_complet.csv
mubawab.ma:content:ff185b906a21071663ea014e,mubawab.ma,,Marrakech,Guéliz,Marrakech-Safi,,,67.0,1.0,1.0,furnished,unknown,unknown,unknown,1730000.0,25820.9,appartement,sale,,unknown,Fri Aug 14 2026 16:31:10 GMT+0100 (UTC+01:00),,valid,,unique,,Appartement meublé à vendre,1 730 000 DH,"Guéliz, Marrakech",67 m² 1 Pièce 1 Ch. 1 Salle de bain,git:HEAD:data/raw/maisonlux_maroc_complet.csv
mubawab.ma:content:c45c8d91610c5519f196db49,mubawab.ma,,Tanger,Malabata,Tangier-Tetouan-Al Hoceima,,,180.0,2.0,1.0,unknown,unknown,unknown,unknown,2365000.0,13138.89,appartement,sale,,unknown,Fri Aug 14 2026 16:31:10 GMT+0100 (UTC+01:00),,valid,,unique,,Appartement Haut Standing à Malabata Hills,2 365 000 DH,"Malabata, Tanger",180 m² 5 Pièces 2 Chambres 1 Salle de bain,git:HEAD:data/raw/maisonlux_maroc_complet.csv
mubawab.ma:content:43b7ef4bab54dbb2d7631dc1,mubawab.ma,,Casablanca,Gauthier,Casablanca-Settat,,,64.0,1.0,1.0,unknown,unknown,unknown,unknown,850000.0,13281.25,appartement,sale,,unknown,Fri Aug 14 2026 16:31:10 GMT+0100 (UTC+01:00),,valid,,unique,,Coup de fusil terrasse gauthier,850 000 DH,"Gauthier, Casablanca",64 m² 2 Pièces 1 Ch. 1 Salle de bain,git:HEAD:data/raw/maisonlux_maroc_complet.csv
mubawab.ma:native:8320176,mubawab.ma,8320176,Casablanca,Californie,Casablanca-Settat,,,134.0,3.0,2.0,unknown,yes,yes,unknown,2250000.0,16791.04,appartement,sale,,unknown,Wed Sep 02 2026 11:40:22 GMT+0100 (UTC+01:00),https://www.mubawab.ma/fr/a/8320176/vente-appartement-quartier-californie-casablanca,valid,,unique,,,,,,data\external\recovery_archive\20260902T224619Z\misplaced_notebook_data\data\raw\maisondelux_raw.csv
mubawab.ma:content:329644f9ddabee84caa512f6,mubawab.ma,,Casablanca,Hay Almassira 2,Casablanca-Settat,,,71.0,,,unknown,unknown,unknown,unknown,745500.0,10500.0,appartement,sale,,unknown,Fri Aug 14 2026 16:31:10 GMT+0100 (UTC+01:00),,valid,,unique,,Bel appartement à vendre à Hay Almassira 2. Surface de 71 m²,745 500 DH,"Hay Almassira 2, Casablanca",71 m²,git:HEAD:data/raw/maisonlux_maroc_complet.csv
mubawab.ma:native:8261966,mubawab.ma,8261966,Casablanca,Hermitage,Casablanca-Settat,,,62.0,2.0,1.0,unknown,yes,unknown,unknown,1410000.0,22741.94,appartement,sale,,unknown,Wed Sep 02 2026 13:45:57 GMT+0100 (UTC+01:00),https://www.mubawab.ma/fr/a/8261966/verlia-living-studio-%C3%A0-vendre-62-m%C2%B2-hermitage-casablanca,valid,,unique,,,,,,data\external\recovery_archive\20260902T224619Z\misplaced_notebook_data\data\raw\maisondelux_raw.csv
mubawab.ma:native:8309879,mubawab.ma,8309879,El Jadida,Quartier Aérodrome,Casablanca-Settat,,,82.0,2.0,2.0,unknown,yes,unknown,unknown,6705000.0,81768.29,appartement,sale,,unknown,Wed Sep 02 2026 15:28:33 GMT+0100 (UTC+01:00),https://www.mubawab.ma/fr/a/8309879/vente-d-un-bel-appartement-%C3%A0-quartier-a%C3%A9rodrome-2-pi%C3%A8ces-confortables-salon-typique-marocain-r%C3%A9sidence-s%C3%A9curis%C3%A9e,valid,,unique,,,,,,data\external\recovery_archive\20260902T224619Z\misplaced_notebook_data\data\raw\maisondelux_raw.csv
mubawab.ma:content:2e0b513609d909522762e748,mubawab.ma,,Casablanca,Moulay Youssef,Casablanca-Settat,,,54.0,1.0,1.0,unknown,unknown,unknown,unknown,780000.0,14444.44,appartement,sale,,unknown,Fri Aug 14 2026 16:31:10 GMT+0100 (UTC+01:00),,valid,,unique,,Appartement moderne au cour de Casa,780 000 DH,"Moulay Youssef, Casablanca",54 m² 2 Pièces 1 Ch. 1 Salle de bain,git:HEAD:data/raw/maisonlux_maroc_complet.csv
mubawab.ma:content:7dc4a67430330a185cd35869,mubawab.ma,,Berrechid,Berrechid,Casablanca-Settat,,,101.0,2.0,1.0,unknown,unknown,unknown,unknown,671000.0,6643.56,appartement,sale,,unknown,Fri Aug 14 2026 16:31:10 GMT+0100 (UTC+01:00),,valid,,unique,,Vente Appartement à Berrechid,671 000 DH,"Berrechid, Berrechid",101 m² 4 Pièces 2 Chambres 1 Salle de bain,git:HEAD:data/raw/maisonlux_maroc_complet.csv
mubawab.ma:native:8398782,mubawab.ma,8398782,Bouskoura,Victoria,Casablanca-Settat,,,77.0,2.0,2.0,unknown,yes,yes,unknown,210500.0,2733.77,appartement,sale,,unknown,Wed Sep 02 2026 01:14:39 GMT+0100 (UTC+01:00),https://www.mubawab.ma/fr/a/8398782/appartement-moderne-%C3%A0-vendre-victoria-bouskoura,valid,,unique,,,,,,data\external\recovery_archive\20260902T224619Z\misplaced_notebook_data\data\raw\maisondelux_raw.csv
mubawab.ma:content:cd6b5ec58ba2ab89638510d0,mubawab.ma,,Casablanca,Ain Borja,Casablanca-Settat,,,105.0,2.0,1.0,unknown,unknown,unknown,unknown,800000.0,7619.05,appartement,sale,,unknown,Fri Aug 14 2026 16:31:10 GMT+0100 (UTC+01:00),,valid,,unique,,"Appartement à vendre 105 m², 2 chambres Ain Borja Casablanca",800 000 DH,"Ain Borja, Casablanca",105 m² 2 Chambres 1 Salle de bain,git:HEAD:data/raw/maisonlux_maroc_complet.csv
mubawab.ma:native:8282891,mubawab.ma,8282891,Casablanca,Ain Borja,Casablanca-Settat,,,100.0,2.0,2.0,furnished,yes,unknown,unknown,1100000.0,11000.0,appartement,sale,,unknown,Wed Sep 02 2026 12:18:20 GMT+0100 (UTC+01:00),https://www.mubawab.ma/fr/a/8282891/appartement-%C3%A0-vendre-de-100-0-m%C2%B2-%C3%A0-casablanca-ain-borja,valid,,unique,,,,,,data\external\recovery_archive\20260902T224619Z\misplaced_notebook_data\data\raw\maisondelux_raw.csv
mubawab.ma:content:6fecbf774f5bc227032b0388,mubawab.ma,,Salé,Tabriquet,Rabat-Salé-Kenitra,,,65.0,2.0,2.0,unknown,unknown,unknown,unknown,700000.0,10769.23,appartement,sale,,unknown,Fri Aug 14 2026 16:31:10 GMT+0100 (UTC+01:00),,valid,,unique,,Vente appartement,700 000 DH,"Tabriquet, Salé",65 m² 1 Pièce 2 Chambres 2 Salles de bains,git:HEAD:data/raw/maisonlux_maroc_complet.csv
mubawab.ma:url:fab46f7c15d12e31b9ed48d0,mubawab.ma,,Casablanca,l'achat à,Casablanca-Settat,,,80.0,2.0,1.0,unknown,unknown,unknown,unknown,880000.0,11000.0,appartement,sale,,unknown,Wed Sep 02 2026 04:19:41 GMT+0100 (UTC+01:00),https://www.mubawab.ma/fr/pa/8294692/appartement-%C3%A0-l-achat-%C3%A0-bournazil-surface-totale-80-m%C2%B2,valid,,unique,,,,,,data\external\recovery_archive\20260902T224619Z\misplaced_notebook_data\data\raw\maisondelux_raw.csv
mubawab.ma:native:8378792,mubawab.ma,8378792,Tanger,Castilla,Tangier-Tetouan-Al Hoceima,,,130.0,2.0,1.0,unknown,unknown,yes,unknown,1600000.0,12307.69,appartement,sale,,unknown,Tue Sep 01 2026 23:20:27 GMT+0100 (UTC+01:00),https://www.mubawab.ma/fr/a/8378792/appartement-%C3%A0-vendre-%C3%A0-castilla-%E2%80%93-tanger,valid,,unique,,,,,,data\external\recovery_archive\20260902T224619Z\misplaced_notebook_data\data\raw\maisondelux_raw.csv
mubawab.ma:native:8303924,mubawab.ma,8303924,Casablanca,Maârif,Casablanca-Settat,,,180.0,3.0,2.0,furnished,yes,yes,unknown,412000.0,2288.89,appartement,sale,,unknown,Wed Sep 02 2026 07:01:06 GMT+0100 (UTC+01:00),https://www.mubawab.ma/fr/a/8303924/bien-rare-maarif-terrasse-vue-sur-twins-et-parking,valid,,unique,,,,,,data\external\recovery_archive\20260902T224619Z\misplaced_notebook_data\data\raw\maisondelux_raw.csv
mubawab.ma:content:6adf50bf70fa9308dd2e1941,mubawab.ma,,Oujda,Andalous,Oriental,,,81.0,2.0,1.0,unknown,unknown,unknown,unknown,390000.0,4814.81,appartement,sale,,unknown,Fri Aug 14 2026 16:31:10 GMT+0100 (UTC+01:00),,valid,,unique,,Appartement 81m sidi Maafa,390 000 DH,"Andalous, Oujda",81 m² 3 Pièces 2 Chambres 1 Salle de bain,git:HEAD:data/raw/maisonlux_maroc_complet.csv
mubawab.ma:native:8380039,mubawab.ma,8380039,Agadir,laver Secteur Touristique à,Souss-Massa,,,98.0,2.0,2.0,furnished,yes,yes,yes,2300000.0,23469.39,appartement,sale,,unknown,Wed Sep 02 2026 00:47:01 GMT+0100 (UTC+01:00),https://www.mubawab.ma/fr/a/8380039/appartement-duplex-98m2-2-appartements-immiouadar-agadir,valid,,unique,,,,,,data\external\recovery_archive\20260902T224619Z\misplaced_notebook_data\data\raw\maisondelux_raw.csv
mubawab.ma:content:c7b1bb4e40e747e9e1efb126,mubawab.ma,,El Jadida,Hay Essalam,Casablanca-Settat,,,92.0,2.0,1.0,unknown,unknown,unknown,unknown,620000.0,6739.13,appartement,sale,,unknown,Fri Aug 14 2026 16:31:10 GMT+0100 (UTC+01:00),,valid,,unique,,"Appartement à vendre quartier Hay Essalem, El Jad",620 000 DH,"Hay Essalam, El Jadida",92 m² 4 Pièces 2 Chambres 1 Salle de bain,git:HEAD:data/raw/maisonlux_maroc_complet.csv
mubawab.ma:native:8363115,mubawab.ma,8363115,Casablanca,Anassi,Casablanca-Settat,,,63.0,2.0,1.0,unknown,unknown,unknown,unknown,7440000.0,118095.24,appartement,sale,,unknown,Wed Sep 02 2026 08:48:05 GMT+0100 (UTC+01:00),https://www.mubawab.ma/fr/a/8363115/appartement-%C3%A9l%C3%A9gant-%C3%A0-vendre-%C3%A0-anassi-15-%E2%80%93-emplace,valid,,unique,,,,,,data\external\recovery_archive\20260902T224619Z\misplaced_notebook_data\data\raw\maisondelux_raw.csv
mubawab.ma:content:f52d3d3cbf291e2d867729e7,mubawab.ma,,Marrakech,Hay Mabrouka,Marrakech-Safi,,,162.0,2.0,1.0,unknown,unknown,unknown,unknown,940000.0,5802.47,appartement,sale,,unknown,Fri Aug 14 2026 16:31:10 GMT+0100 (UTC+01:00),,valid,,unique,,Appartement spacieuse a marrakech,940 000 DH,"Hay Mabrouka, Marrakech",162 m² 3 Pièces 2 Chambres 1 Salle de bain,git:HEAD:data/raw/maisonlux_maroc_complet.csv
mubawab.ma:native:8102268,mubawab.ma,8102268,Bouznika,Dahomey Golf Beach,Casablanca-Settat,,,75.0,2.0,2.0,furnished,unknown,yes,yes,750000.0,10000.0,appartement,sale,,unknown,Wed Sep 02 2026 01:31:45 GMT+0100 (UTC+01:00),https://www.mubawab.ma/fr/a/8102268/superbe-appartement-%C3%A0-dahomey-golf-beach-bouznika,valid,,unique,,,,,,data\external\recovery_archive\20260902T224619Z\misplaced_notebook_data\data\raw\maisondelux_raw.csv
mubawab.ma:url:b10b00687c9b30c1bbcf018e,mubawab.ma,,Casablanca,Sidi Moumen,Casablanca-Settat,,,87.0,3.0,1.0,unknown,unknown,unknown,unknown,1745000.0,20057.47,appartement,sale,,unknown,Wed Sep 02 2026 02:55:00 GMT+0100 (UTC+01:00),https://www.mubawab.ma/fr/pa/8299921/appartement-%C3%A0-vendre-%C3%A0-sidi-moumen-87m%C2%B2,valid,,unique,,,,,,data\external\recovery_archive\20260902T224619Z\misplaced_notebook_data\data\raw\maisondelux_raw.csv
mubawab.ma:content:bbef89914bdd871505c1349f,mubawab.ma,,Casablanca,Californie,Casablanca-Settat,,,152.0,3.0,3.0,unknown,unknown,unknown,unknown,3040000.0,20000.0,appartement,sale,,unknown,Fri Aug 14 2026 16:31:10 GMT+0100 (UTC+01:00),,valid,,unique,,Appartement 152m² haut standing à Californie,3 040 000 DH,"Californie, Casablanca",152 m² 3 Pièces 3 Chambres 3 Salles de bains,git:HEAD:data/raw/maisonlux_maroc_complet.csv
mubawab.ma:native:8264124,mubawab.ma,8264124,Casablanca,Sidi Maarouf,Casablanca-Settat,,,128.0,2.0,1.0,furnished,yes,yes,unknown,16950000.0,132421.88,appartement,sale,,unknown,Wed Sep 02 2026 13:44:38 GMT+0100 (UTC+01:00),https://www.mubawab.ma/fr/a/8264124/appartement-%C3%A0-vendre-128-m%C2%B2-2-chambres-sidi-maarouf-casablanca,valid,,unique,,,,,,data\external\recovery_archive\20260902T224619Z\misplaced_notebook_data\data\raw\maisondelux_raw.csv
mubawab.ma:content:7b41edc30f3b8e36d6a8e4bd,mubawab.ma,,Marrakech,Les Portes de Marrakech,Marrakech-Safi,,,140.0,3.0,2.0,unknown,unknown,unknown,unknown,16000000.0,114285.71,appartement,sale,,unknown,Fri Aug 14 2026 16:31:10 GMT+0100 (UTC+01:00),,valid,,unique,,Bel appartement à vendre à Les Portes de Marrakech. 1 Pièce...,16 000 000 DH,"Les Portes de Marrakech, Marrakech",140 m² 1 Pièce 3 Chambres 2 Salles de bains,git:HEAD:data/raw/maisonlux_maroc_complet.csv
mubawab.ma:content:8d7b1088fb96a32f1c9d63c9,mubawab.ma,,Casablanca,Sidi Belyout,Casablanca-Settat,,,54.0,1.0,2.0,unknown,unknown,unknown,unknown,700000.0,12962.96,appartement,sale,,unknown,Fri Aug 14 2026 16:31:10 GMT+0100 (UTC+01:00),,valid,,unique,,Bel appartement à vendre à Sidi Belyout. 1 chambre. Bien meu...,700 000 DH,"Sidi Belyout, Casablanca",54 m² 4 Pièces 1 Ch. 2 Salles de bains,git:HEAD:data/raw/maisonlux_maroc_complet.csv
mubawab.ma:native:8334306,mubawab.ma,8334306,Agadir,vos projets immobiliers à,Souss-Massa,,,142.0,2.0,2.0,unknown,unknown,yes,yes,3300000.0,23239.44,appartement,sale,,unknown,Wed Sep 02 2026 00:57:40 GMT+0100 (UTC+01:00),https://www.mubawab.ma/fr/a/8334306/appartement-142-m%C2%B2-3-pi%C3%A8ces,valid,,unique,,,,,,data\external\recovery_archive\20260902T224619Z\misplaced_notebook_data\data\raw\maisondelux_raw.csv
mubawab.ma:native:8371418,mubawab.ma,8371418,Casablanca,Ain Diab Extension,Casablanca-Settat,,,107.0,3.0,2.0,furnished,yes,yes,unknown,2500000.0,23364.49,appartement,sale,,unknown,Wed Sep 02 2026 08:37:11 GMT+0100 (UTC+01:00),https://www.mubawab.ma/fr/a/8371418/appartement-%C3%A0-vendre-de-107-0-m%C2%B2-%C3%A0-casablanca-ain-diab-extension-2,valid,,unique,,,,,,data\external\recovery_archive\20260902T224619Z\misplaced_notebook_data\data\raw\maisondelux_raw.csv
mubawab.ma:content:bc52ebdea2bbf7b2ea588238,mubawab.ma,,Casablanca,Hay Chifa,Casablanca-Settat,,,88.0,2.0,1.0,unknown,unknown,unknown,unknown,740000.0,8409.09,appartement,sale,,unknown,Fri Aug 14 2026 16:31:10 GMT+0100 (UTC+01:00),,valid,,unique,,Vente d'un bel appartement à Hay Chifa. 3 grandes pièces. Po...,740 000 DH,"Hay Chifa, Casablanca",88 m² 2 Pièces 2 Chambres 1 Salle de bain,git:HEAD:data/raw/maisonlux_maroc_complet.csv
mubawab.ma:native:8307667,mubawab.ma,8307667,Casablanca,Mers Sultan,Casablanca-Settat,,,51.0,2.0,1.0,furnished,yes,unknown,unknown,5900000.0,115686.27,appartement,sale,,unknown,Wed Sep 02 2026 11:23:27 GMT+0100 (UTC+01:00),https://www.mubawab.ma/fr/a/8307667/joli-studio-51-m%C2%B2-mers-sultan,valid,,unique,,,,,,data\external\recovery_archive\20260902T224619Z\misplaced_notebook_data\data\raw\maisondelux_raw.csv
mubawab.ma:content:c0d0f252baad1be2c38acd29,mubawab.ma,,Meknès,Al bassatine,Fez-Meknes,,,84.0,2.0,2.0,unknown,unknown,unknown,unknown,450000.0,5357.14,appartement,sale,,unknown,Fri Aug 14 2026 16:31:10 GMT+0100 (UTC+01:00),,valid,,unique,,Bel apart avec deux façades,450 000 DH,"Al bassatine, Meknes",84 m² 3 Pièces 2 Chambres 2 Salles de bains,git:HEAD:data/raw/maisonlux_maroc_complet.csv
mubawab.ma:native:8265324,mubawab.ma,8265324,Casablanca,Oasis,Casablanca-Settat,,,131.0,3.0,6.0,furnished,yes,unknown,unknown,3100000.0,23664.12,appartement,sale,,unknown,Wed Sep 02 2026 12:19:48 GMT+0100 (UTC+01:00),https://www.mubawab.ma/fr/a/8265324/appartement-%C3%A0-vendre-de-131-0-m%C2%B2-%C3%A0-casablanca-oasis,valid,,unique,,,,,,data\external\recovery_archive\20260902T224619Z\misplaced_notebook_data\data\raw\maisondelux_raw.csv
mubawab.ma:url:0d5d99c336746d8fb9e3f93b,mubawab.ma,,Marrakech,Hivernage,Marrakech-Safi,,,80.0,2.0,1.0,unknown,yes,yes,unknown,2960000.0,37000.0,appartement,sale,,unknown,Wed Sep 02 2026 17:23:59 GMT+0100 (UTC+01:00),https://www.mubawab.ma/fr/pa/8235427/appartement-%C3%A0-vendre-%C3%A0-hivernage-surface-de-80-m%C2%B2,valid,,unique,,,,,,data\external\recovery_archive\20260902T224619Z\misplaced_notebook_data\data\raw\maisondelux_raw.csv
mubawab.ma:content:4ca7ff924965560c87cf2f27,mubawab.ma,,Tanger,Hay El Boughaz,Tangier-Tetouan-Al Hoceima,,,105.0,2.0,1.0,unknown,unknown,unknown,unknown,1250000.0,11904.76,appartement,sale,,unknown,Fri Aug 14 2026 16:31:10 GMT+0100 (UTC+01:00),,valid,,unique,,Vend appartement à Hay El Boughaz. Superficie 105 m². Bien m...,1 250 000 DH,"Hay El Boughaz, Tanger",105 m² 1 Pièce 2 Chambres 1 Salle de bain,git:HEAD:data/raw/maisonlux_maroc_complet.csv
mubawab.ma:url:483b860a5d7c3fbec309fe3a,mubawab.ma,,Casablanca,Aïn Sebaâ,Casablanca-Settat,,,220.0,2.0,2.0,unknown,yes,yes,unknown,950000.0,4318.18,appartement,sale,,unknown,Wed Sep 02 2026 02:57:59 GMT+0100 (UTC+01:00),https://www.mubawab.ma/fr/pa/8278963/appartement-%C3%A0-vendre-%C3%A0-a%C3%AFn-seba%C3%A2-surface-82m%C2%B220m%C2%B2-terrasse,valid,,unique,,,,,,data\external\recovery_archive\20260902T224619Z\misplaced_notebook_data\data\raw\maisondelux_raw.csv
mubawab.ma:content:b30a9d5bd44259b3cea56681,mubawab.ma,,Kénitra,Maghrib Arabi,Rabat-Salé-Kenitra,,,109.0,3.0,2.0,unknown,unknown,unknown,unknown,890000.0,8165.14,appartement,sale,,unknown,Fri Aug 14 2026 16:31:10 GMT+0100 (UTC+01:00),,valid,,unique,,Bel Appart Double façades,890 000 DH,"Maghrib Arabi, Kénitra",109 m² 5 Pièces 3 Chambres 2 Salles de bains,git:HEAD:data/raw/maisonlux_maroc_complet.csv
mubawab.ma:native:8362236,mubawab.ma,8362236,Casablanca,Sidi Moumen,Casablanca-Settat,,,215.0,4.0,2.0,furnished,unknown,yes,unknown,1150000.0,5348.84,appartement,sale,,unknown,Wed Sep 02 2026 07:33:43 GMT+0100 (UTC+01:00),https://www.mubawab.ma/fr/a/8362236/appartement-%C3%A0-vendre-de-215-0-m%C2%B2-%C3%A0-casablanca-sidi-moumen,valid,,unique,,,,,,data\external\recovery_archive\20260902T224619Z\misplaced_notebook_data\data\raw\maisondelux_raw.csv
mubawab.ma:native:8295215,mubawab.ma,8295215,Casablanca,Hay Moulay Rachid 1,Casablanca-Settat,,,92.0,2.0,1.0,unknown,yes,unknown,unknown,12900000.0,140217.39,appartement,sale,,unknown,Wed Sep 02 2026 12:12:23 GMT+0100 (UTC+01:00),https://www.mubawab.ma/fr/a/8295215/appartement-en-vente-%C3%A0-hay-moulay-rachid-1-1-pi%C3%A8ce-ascenseur-et-places-de-parking,valid,,unique,,,,,,data\external\recovery_archive\20260902T224619Z\misplaced_notebook_data\data\raw\maisondelux_raw.csv
mubawab.ma:native:8395468,mubawab.ma,8395468,Tanger,Malabata,Tangier-Tetouan-Al Hoceima,,,54.0,2.0,1.0,furnished,yes,unknown,unknown,1250000.0,23148.15,appartement,sale,,unknown,Tue Sep 01 2026 23:15:26 GMT+0100 (UTC+01:00),https://www.mubawab.ma/fr/a/8395468/superbe-appartement-%C3%A0-vendre-%C3%A0-malabata-superficie-54-m%C2%B2-avec-ascenseur,valid,,unique,,,,,,data\external\recovery_archive\20260902T224619Z\misplaced_notebook_data\data\raw\maisondelux_raw.csv
mubawab.ma:native:8373391,mubawab.ma,8373391,Casablanca,Oasis,Casablanca-Settat,,,163.0,3.0,2.0,unknown,yes,unknown,unknown,711500.0,4365.03,appartement,sale,,unknown,Wed Sep 02 2026 07:36:01 GMT+0100 (UTC+01:00),https://www.mubawab.ma/fr/a/8373391/appartement-%C3%A0-louer-sur-oasis,valid,,unique,,,,,,data\external\recovery_archive\20260902T224619Z\misplaced_notebook_data\data\raw\maisondelux_raw.csv
mubawab.ma:content:a4e236405077dd29aff2f1e7,mubawab.ma,,Casablanca,Racine,Casablanca-Settat,,,117.0,2.0,2.0,unknown,unknown,unknown,unknown,2550000.0,21794.87,appartement,sale,,unknown,Fri Aug 14 2026 16:31:10 GMT+0100 (UTC+01:00),,valid,,unique,,Vente Appartement à racine,2 550 000 DH,"Racine, Casablanca",117 m² 3 Pièces 2 Chambres 2 Salles de bains,git:HEAD:data/raw/maisonlux_maroc_complet.csv
mubawab.ma:content:0406d6c5821e86e7c55967d4,mubawab.ma,,Marrakech,Samlalia,Marrakech-Safi,,,125.0,2.0,1.0,unknown,unknown,unknown,unknown,980000.0,7840.0,appartement,sale,,unknown,Fri Aug 14 2026 16:31:10 GMT+0100 (UTC+01:00),,valid,,unique,,Bel appartement à vendre à Samlalia. 3 pièces confortables,980 000 DH,"Samlalia, Marrakech",125 m² 3 Pièces 2 Chambres 1 Salle de bain,git:HEAD:data/raw/maisonlux_maroc_complet.csv
mubawab.ma:content:cbb82e0617322519dd5d9235,mubawab.ma,,Casablanca,Oulfa,Casablanca-Settat,,,167.0,4.0,2.0,unknown,unknown,unknown,unknown,1400000.0,8383.23,appartement,sale,,unknown,Fri Aug 14 2026 16:31:10 GMT+0100 (UTC+01:00),,valid,,unique,,Appartement spacieux de 167 m2 à vendre,1 400 000 DH,"Oulfa, Casablanca",167 m² 4 Pièces 4 Chambres 2 Salles de bains,git:HEAD:data/raw/maisonlux_maroc_complet.csv
mubawab.ma:content:36373788d7fe31feebeb6aee,mubawab.ma,,Casablanca,Val Fleury,Casablanca-Settat,,,138.0,3.0,2.0,unknown,unknown,unknown,unknown,2300000.0,16666.67,appartement,sale,,unknown,Fri Aug 14 2026 16:31:10 GMT+0100 (UTC+01:00),,valid,,unique,,Appartement Chic 3C 138m2 dernier étg Val fleuri,2 300 000 DH,"Val Fleury, Casablanca",138 m² 9 Pièces 3 Chambres 2 Salles de bains,git:HEAD:data/raw/maisonlux_maroc_complet.csv
mubawab.ma:content:792c48a5dc3d61fbcf94a752,mubawab.ma,,Marrakech,Samlalia,Marrakech-Safi,,,115.0,2.0,1.0,unknown,unknown,unknown,unknown,1200000.0,10434.78,appartement,sale,,unknown,Fri Aug 14 2026 16:31:10 GMT+0100 (UTC+01:00),,valid,,unique,,Spacieux appartement à Semlalia 115 m²,1 200 000 DH,"Samlalia, Marrakech",115 m² 3 Pièces 2 Chambres 1 Salle de bain,git:HEAD:data/raw/maisonlux_maroc_complet.csv
mubawab.ma:native:8342084,mubawab.ma,8342084,Casablanca,Oasis,Casablanca-Settat,,,146.0,3.0,3.0,furnished,yes,unknown,unknown,3400000.0,23287.67,appartement,sale,,unknown,Wed Sep 02 2026 11:11:35 GMT+0100 (UTC+01:00),https://www.mubawab.ma/fr/a/8342084/appartement-146m%C2%B2-%C3%A0-oasis-square-%C3%A0-vendre,valid,,unique,,,,,,data\external\recovery_archive\20260902T224619Z\misplaced_notebook_data\data\raw\maisondelux_raw.csv
mubawab.ma:content:8846d34b0d29f90f0a9ef1b7,mubawab.ma,,Témara,Al Moustakbal,Rabat-Salé-Kenitra,,,126.0,2.0,2.0,unknown,unknown,unknown,unknown,850000.0,6746.03,appartement,sale,,unknown,Fri Aug 14 2026 16:31:10 GMT+0100 (UTC+01:00),,valid,,unique,,Appartement en vente à Al Moustakbal. Surface totale 126 m²,850 000 DH,"Al Moustakbal, Temara",126 m² 1 Pièce 2 Chambres 2 Salles de bains,git:HEAD:data/raw/maisonlux_maroc_complet.csv
mubawab.ma:content:b17ada2b38bb0e5ab450b4ef,mubawab.ma,,Casablanca,Burger,Casablanca-Settat,,,191.0,2.0,1.0,unknown,unknown,unknown,unknown,1800000.0,9424.08,appartement,sale,,unknown,Fri Aug 14 2026 16:31:10 GMT+0100 (UTC+01:00),,valid,,unique,,"Appartement à vendre 191 m², 2 chambres Burger Casablanca",1 800 000 DH,"Burger, Casablanca",191 m² 2 Chambres 1 Salle de bain,git:HEAD:data/raw/maisonlux_maroc_complet.csv
mubawab.ma:content:1cabf3e351df4468a89fbaf7,mubawab.ma,,Casablanca,Roches Noires,Casablanca-Settat,,,75.0,2.0,1.0,unknown,unknown,unknown,unknown,770000.0,10266.67,appartement,sale,,unknown,Fri Aug 14 2026 16:31:10 GMT+0100 (UTC+01:00),,valid,,unique,,Appartement de charme à Roche Noire,770 000 DH,"Roches Noires, Casablanca",75 m² 2 Pièces 2 Chambres 1 Salle de bain,git:HEAD:data/raw/maisonlux_maroc_complet.csv
mubawab.ma:native:8217604,mubawab.ma,8217604,Marrakech,Guéliz,Marrakech-Safi,,,100.0,2.0,1.0,furnished,unknown,unknown,unknown,1190000.0,11900.0,appartement,sale,,unknown,Wed Sep 02 2026 21:56:04 GMT+0100 (UTC+01:00),https://www.mubawab.ma/fr/a/8217604/gueliz-appartement-%C3%A0-r%C3%A9nover-avec-vue-d%C3%A9gag%C3%A9e,valid,,unique,,,,,,data\external\recovery_archive\20260902T224619Z\misplaced_notebook_data\data\raw\maisondelux_raw.csv
mubawab.ma:native:8405034,mubawab.ma,8405034,Casablanca,Al Azhar,Casablanca-Settat,,,67.0,3.0,1.0,unknown,unknown,unknown,unknown,9460000.0,141194.03,appartement,sale,,unknown,Wed Sep 02 2026 04:27:56 GMT+0100 (UTC+01:00),https://www.mubawab.ma/fr/a/8405034/appartement-%C3%A0-vendre-%C3%A0-al-azhar-superficie-67-m%C2%B2-salon-traditionnel-marocain-r%C3%A9sidence-s%C3%A9curis%C3%A9e,valid,,unique,,,,,,data\external\recovery_archive\20260902T224619Z\misplaced_notebook_data\data\raw\maisondelux_raw.csv
mubawab.ma:content:455b88a46156291699d3cb1a,mubawab.ma,,Agadir,Al Wifaq,Souss-Massa,,,120.0,3.0,4.0,furnished,unknown,unknown,unknown,1450000.0,12083.33,appartement,sale,,unknown,Fri Aug 14 2026 16:31:10 GMT+0100 (UTC+01:00),,valid,,unique,,Appartement à vendre à Al Wifaq. 3 pièces. Bien meublé,1 450 000 DH,"Al Wifaq, Agadir",120 m² 3 Pièces 3 Chambres 4 Salles de bains,git:HEAD:data/raw/maisonlux_maroc_complet.csv
mubawab.ma:content:ae6a1e912bb3bbeac73a4bb8,mubawab.ma,,Marrakech,Samlalia,Marrakech-Safi,,,84.0,2.0,1.0,unknown,unknown,unknown,unknown,820000.0,9761.9,appartement,sale,,unknown,Fri Aug 14 2026 16:31:10 GMT+0100 (UTC+01:00),,valid,,unique,,Appartement en vente à Samlalia. 3 pièces confortables. Asce...,820 000 DH,"Samlalia, Marrakech",84 m² 3 Pièces 2 Chambres 1 Salle de bain,git:HEAD:data/raw/maisonlux_maroc_complet.csv
mubawab.ma:native:8386720,mubawab.ma,8386720,Marrakech,l’un des quartiers les plus recherchés de,Marrakech-Safi,,,166.0,3.0,4.0,unknown,yes,yes,unknown,2700000.0,16265.06,appartement,sale,,unknown,Wed Sep 02 2026 21:56:57 GMT+0100 (UTC+01:00),https://www.mubawab.ma/fr/a/8386720/appartement-de-prestige-166-m%C2%B2-%C3%A0-vendre-%E2%80%93-3-suites-%E2%80%93-r%C3%A9sidence-avec-piscine-%E2%80%93-semlalia-marrakech,valid,,unique,,,,,,data\external\recovery_archive\20260902T224619Z\misplaced_notebook_data\data\raw\maisondelux_raw.csv
mubawab.ma:content:95e8b41dc59b9c688965a590,mubawab.ma,,Marrakech,Hivernage,Marrakech-Safi,,,165.0,2.0,,unknown,unknown,unknown,unknown,11000000.0,66666.67,appartement,sale,,unknown,Fri Aug 14 2026 16:31:10 GMT+0100 (UTC+01:00),,valid,,unique,,Magnifique appartement situé dans une résidence sécurisée su...,11 000 000 DH,"Hivernage, Marrakech",165 m² 3 Pièces 2 Chambres,git:HEAD:data/raw/maisonlux_maroc_complet.csv
mubawab.ma:native:8395953,mubawab.ma,8395953,Casablanca,Maârif,Casablanca-Settat,,,154.0,3.0,2.0,unfurnished,yes,yes,unknown,300000.0,1948.05,appartement,sale,,unknown,Wed Sep 02 2026 06:50:40 GMT+0100 (UTC+01:00),https://www.mubawab.ma/fr/a/8395953/vente-spacieux-appartement-maarif,valid,,unique,,,,,,data\external\recovery_archive\20260902T224619Z\misplaced_notebook_data\data\raw\maisondelux_raw.csv
mubawab.ma:native:8290353,mubawab.ma,8290353,Casablanca,Oulfa,Casablanca-Settat,,,60.0,2.0,1.0,unknown,unknown,yes,unknown,6430000.0,107166.67,appartement,sale,,unknown,Wed Sep 02 2026 12:15:21 GMT+0100 (UTC+01:00),https://www.mubawab.ma/fr/a/8290353/appartement-%C3%A0-vendre-%C3%A0-oulfa-casablanca,valid,,unique,,,,,,data\external\recovery_archive\20260902T224619Z\misplaced_notebook_data\data\raw\maisondelux_raw.csv
mubawab.ma:content:0608b927408e739e826ab094,mubawab.ma,,Marrakech,Camp Al Ghoul,Marrakech-Safi,,,134.0,3.0,2.0,unknown,unknown,unknown,unknown,1550000.0,11567.16,appartement,sale,,unknown,Fri Aug 14 2026 16:31:10 GMT+0100 (UTC+01:00),,valid,,unique,,À vendre Appartement avec grande terrasse VH Marrakech,1 550 000 DH,"Camp Al Ghoul, Marrakech",134 m² 4 Pièces 3 Chambres 2 Salles de bains,git:HEAD:data/raw/maisonlux_maroc_complet.csv
mubawab.ma:content:caed8eb0b5b144bb9e235e18,mubawab.ma,,Témara,Masrou 1,Rabat-Salé-Kenitra,,,108.0,3.0,2.0,unknown,unknown,unknown,unknown,1000000.0,9259.26,appartement,sale,,unknown,Fri Aug 14 2026 16:31:10 GMT+0100 (UTC+01:00),,valid,,unique,,Appartement à Vendre,1 000 000 DH,"Masrou 1, Temara",108 m² 4 Pièces 3 Chambres 2 Salles de bains,git:HEAD:data/raw/maisonlux_maroc_complet.csv
mubawab.ma:content:0e077f18ba7bc2e5053c715b,mubawab.ma,,Rabat,Hay El Menzah,Rabat-Salé-Kenitra,,,144.0,3.0,4.0,unknown,unknown,unknown,unknown,2200000.0,15277.78,appartement,sale,,unknown,Fri Aug 14 2026 16:31:10 GMT+0100 (UTC+01:00),,valid,,unique,,"Appartement à Vendre de 144.0 m² à Rabat, Hay El Menzah",2 200 000 DH,"Hay El Menzah, Rabat",144 m² 5 Pièces 3 Chambres 4 Salles de bains,git:HEAD:data/raw/maisonlux_maroc_complet.csv
mubawab.ma:content:64f14d6f19146f06db14ffb4,mubawab.ma,,Marrakech,Route Casablanca,Marrakech-Safi,,,102.0,2.0,1.0,unfurnished,unknown,unknown,unknown,950000.0,9313.73,appartement,sale,,unknown,Fri Aug 14 2026 16:31:10 GMT+0100 (UTC+01:00),,valid,,unique,,Spacieux appartement vendu vide à Marrakech semlalia,950 000 DH,"Route Casablanca, Marrakech",102 m² 3 Pièces 2 Chambres 1 Salle de bain,git:HEAD:data/raw/maisonlux_maroc_complet.csv
mubawab.ma:content:2e3f1f09cbeba85118a8e23d,mubawab.ma,,Tanger,Moujahidine,Tangier-Tetouan-Al Hoceima,,,72.0,2.0,1.0,unknown,unknown,unknown,unknown,1260000.0,17500.0,appartement,sale,,unknown,Fri Aug 14 2026 16:31:10 GMT+0100 (UTC+01:00),,valid,,unique,,Appartement à vendre,1 260 000 DH,"Moujahidine, Tanger",72 m² 3 Pièces 2 Chambres 1 Salle de bain,git:HEAD:data/raw/maisonlux_maroc_complet.csv
mubawab.ma:content:67adf7d9c8695e1113f9316e,mubawab.ma,,Casablanca,Dar Lamane,Casablanca-Settat,,,86.0,2.0,1.0,unknown,unknown,unknown,unknown,540000.0,6279.07,appartement,sale,,unknown,Fri Aug 14 2026 16:31:10 GMT+0100 (UTC+01:00),,valid,,unique,,"Appartement à vendre 86 m², 2 chambres Dar Lamane Casablanca",540 000 DH,"Dar Lamane, Casablanca",86 m² 2 Chambres 1 Salle de bain,git:HEAD:data/raw/maisonlux_maroc_complet.csv
mubawab.ma:native:8234985,mubawab.ma,8234985,Casablanca,Racine,Casablanca-Settat,,,110.0,2.0,3.0,furnished,yes,yes,unknown,2300000.0,20909.09,appartement,sale,,unknown,Wed Sep 02 2026 04:26:43 GMT+0100 (UTC+01:00),https://www.mubawab.ma/fr/a/8234985/a-vendre-rdc-2-chambres-avec-cour-a-racine,valid,,unique,,,,,,data\external\recovery_archive\20260902T224619Z\misplaced_notebook_data\data\raw\maisondelux_raw.csv
mubawab.ma:content:1e5d81af4966f073f4ddfe9f,mubawab.ma,,Marrakech,Camp Al Ghoul,Marrakech-Safi,,,67.0,2.0,2.0,furnished,unknown,unknown,unknown,1600000.0,23880.6,appartement,sale,,unknown,Fri Aug 14 2026 16:31:10 GMT+0100 (UTC+01:00),,valid,,unique,,Appartement meublé à vendre – Victor Hugo Marrakech,1 600 000 DH,"Camp Al Ghoul, Marrakech",67 m² 3 Pièces 2 Chambres 2 Salles de bains,git:HEAD:data/raw/maisonlux_maroc_complet.csv
mubawab.ma:content:cf27a133958e850056ea7383,mubawab.ma,,Casablanca,Beauséjour,Casablanca-Settat,,,134.0,2.0,2.0,unknown,unknown,unknown,unknown,1100000.0,8208.96,appartement,sale,,unknown,Fri Aug 14 2026 16:31:10 GMT+0100 (UTC+01:00),,valid,,unique,,"Appartement à vendre 134 m², 2 chambres Beauséjour Casablanc...",1 100 000 DH,"Beauséjour, Casablanca",134 m² 2 Chambres 2 Salles de bains,git:HEAD:data/raw/maisonlux_maroc_complet.csv
mubawab.ma:native:8376260,mubawab.ma,8376260,Marrakech,Mhamid,Marrakech-Safi,,,150.0,4.0,3.0,furnished,unknown,yes,unknown,1210000.0,8066.67,appartement,sale,,unknown,Wed Sep 02 2026 17:34:56 GMT+0100 (UTC+01:00),https://www.mubawab.ma/fr/a/8376260/appartement-%C3%A0-l-achat-%C3%A0-mhamid-6-pi%C3%A8ces-porte-blind%C3%A9e-s%C3%A9curit%C3%A9,valid,,unique,,,,,,data\external\recovery_archive\20260902T224619Z\misplaced_notebook_data\data\raw\maisondelux_raw.csv
mubawab.ma:content:609045b43496a141ff046a9c,mubawab.ma,,Marrakech,Route de Ouarzazate,Marrakech-Safi,,,73.0,2.0,2.0,unknown,unknown,unknown,unknown,430000.0,5890.41,appartement,sale,,unknown,Fri Aug 14 2026 16:31:10 GMT+0100 (UTC+01:00),,valid,,unique,,Vente d'un appartement à Route de Ouarzazate. Surface totale...,430 000 DH,"Route de Ouarzazate, Marrakech",73 m² 3 Pièces 2 Chambres 2 Salles de bains,git:HEAD:data/raw/maisonlux_maroc_complet.csv
mubawab.ma:native:8398619,mubawab.ma,8398619,Tanger,Tanja Balia,Tangier-Tetouan-Al Hoceima,,,60.0,2.0,1.0,unknown,unknown,unknown,unknown,7800000.0,130000.0,appartement,sale,,unknown,Tue Sep 01 2026 23:32:45 GMT+0100 (UTC+01:00),https://www.mubawab.ma/fr/a/8398619/appartement-%C3%A0-vendre-%C3%A0-tanja-balia-2-pi%C3%A8ces-r%C3%A9sidence-s%C3%A9curis%C3%A9e,valid,,unique,,,,,,data\external\recovery_archive\20260902T224619Z\misplaced_notebook_data\data\raw\maisondelux_raw.csv
mubawab.ma:content:4ca15e573f9dcd881645667c,mubawab.ma,,Essaouira,Raounak,Marrakech-Safi,,,136.0,3.0,2.0,unknown,unknown,unknown,unknown,2310000.0,16985.29,appartement,sale,,unknown,Fri Aug 14 2026 16:31:10 GMT+0100 (UTC+01:00),,valid,,unique,,Superbe appartement neuf de 136m² proche plage,2 310 000 DH,"Raounak, Essaouira",136 m² 5 Pièces 3 Chambres 2 Salles de bains,git:HEAD:data/raw/maisonlux_maroc_complet.csv
mubawab.ma:content:9f011fbb1fa22393d3c71488,mubawab.ma,,Agadir,Hay Dakhla,Souss-Massa,,,112.0,2.0,1.0,unknown,unknown,unknown,unknown,1300000.0,11607.14,appartement,sale,,unknown,Fri Aug 14 2026 16:31:10 GMT+0100 (UTC+01:00),,valid,,unique,,OPPORTUNITÉ. Appartement à vendre à Agadir,1 300 000 DH,"Hay Dakhla, Agadir",112 m² 3 Pièces 2 Chambres 1 Salle de bain,git:HEAD:data/raw/maisonlux_maroc_complet.csv
mubawab.ma:content:f9657e17fb5c696ecad1c191,mubawab.ma,,Témara,Firdaouss,Rabat-Salé-Kenitra,,,115.0,2.0,2.0,unknown,unknown,unknown,unknown,1150000.0,10000.0,appartement,sale,,unknown,Fri Aug 14 2026 16:31:10 GMT+0100 (UTC+01:00),,valid,,unique,,"Appartement à Vendre de 115.0 m² à Témara, Hay Al Firdaous",1 150 000 DH,"Firdaouss, Temara",115 m² 4 Pièces 2 Chambres 2 Salles de bains,git:HEAD:data/raw/maisonlux_maroc_complet.csv
mubawab.ma:content:ee432c0d537ed1668aac77f4,mubawab.ma,,Kénitra,Bir Rami Est,Rabat-Salé-Kenitra,,,74.0,2.0,2.0,unknown,unknown,unknown,unknown,490000.0,6621.62,appartement,sale,,unknown,Fri Aug 14 2026 16:31:10 GMT+0100 (UTC+01:00),,valid,,unique,,Vend appartement à Bir Rami Est. Surface totale 74 m². Porte...,490 000 DH,"Bir Rami Est, Kénitra",74 m² 1 Pièce 2 Chambres 2 Salles de bains,git:HEAD:data/raw/maisonlux_maroc_complet.csv
mubawab.ma:content:743f7c614bdccca914cf2d8a,mubawab.ma,,Kénitra,El Hadadda,Rabat-Salé-Kenitra,,,71.0,2.0,2.0,unknown,unknown,unknown,unknown,640000.0,9014.08,appartement,sale,,unknown,Fri Aug 14 2026 16:31:10 GMT+0100 (UTC+01:00),,valid,,unique,,Appartement ensoleillé VUE VILLAS / 2 chambres / 71m²,640 000 DH,"El Hadadda, Kénitra",71 m² 3 Pièces 2 Chambres 2 Salles de bains,git:HEAD:data/raw/maisonlux_maroc_complet.csv
mubawab.ma:content:da2c912af97f30c42302d896,mubawab.ma,,Kénitra,Mimosas,Rabat-Salé-Kenitra,,,93.0,3.0,2.0,furnished,unknown,unknown,unknown,1000000.0,10752.69,appartement,sale,,unknown,Fri Aug 14 2026 16:31:10 GMT+0100 (UTC+01:00),,valid,,unique,,Appartement a mimouza de 93m meublé,1 000 000 DH,"Mimosas, Kénitra",93 m² 1 Pièce 3 Chambres 2 Salles de bains,git:HEAD:data/raw/maisonlux_maroc_complet.csv
mubawab.ma:native:8346080,mubawab.ma,8346080,Bouskoura,Victoria,Casablanca-Settat,,,170.0,3.0,2.0,furnished,yes,yes,unknown,1100000.0,6470.59,appartement,sale,,unknown,Wed Sep 02 2026 01:17:30 GMT+0100 (UTC+01:00),https://www.mubawab.ma/fr/a/8346080/appartement-%C3%A0-vendre-de-170-0-m%C2%B2-%C3%A0-bouskoura-victoria,valid,,unique,,,,,,data\external\recovery_archive\20260902T224619Z\misplaced_notebook_data\data\raw\maisondelux_raw.csv
mubawab.ma:url:f3eeb4b722a7bd18dfa7bbdc,mubawab.ma,,Tanger,Aharrarine,Tangier-Tetouan-Al Hoceima,,,81.0,3.0,2.0,unknown,unknown,unknown,unknown,7769500.0,95919.75,appartement,sale,,unknown,Tue Sep 01 2026 23:19:23 GMT+0100 (UTC+01:00),https://www.mubawab.ma/fr/pa/8390381/appartement-en-vente-%C3%A0-aharrarine-surface-totale-81-m%C2%B2,valid,,unique,,,,,,data\external\recovery_archive\20260902T224619Z\misplaced_notebook_data\data\raw\maisondelux_raw.csv
mubawab.ma:content:3d7902c962afad1d1d04f81a,mubawab.ma,,Marrakech,Samlalia,Marrakech-Safi,,,115.0,3.0,2.0,unknown,unknown,unknown,unknown,1350000.0,11739.13,appartement,sale,,unknown,Fri Aug 14 2026 16:31:10 GMT+0100 (UTC+01:00),,valid,,unique,,"Appartement à Vendre de 115.0 m² à Marrakech, Semlalia",1 350 000 DH,"Samlalia, Marrakech",115 m² 5 Pièces 3 Chambres 2 Salles de bains,git:HEAD:data/raw/maisonlux_maroc_complet.csv
mubawab.ma:content:4df5c7ef352e775462228688,mubawab.ma,,Marrakech,Route Casablanca,Marrakech-Safi,,,245.0,2.0,2.0,unknown,unknown,unknown,unknown,1900000.0,7755.1,appartement,sale,,unknown,Fri Aug 14 2026 16:31:10 GMT+0100 (UTC+01:00),,valid,,unique,,Cadre de vie exceptionnel – Appartement avec jardin et pisci...,1 900 000 DH,"Route Casablanca, Marrakech",245 m² 3 Pièces 2 Chambres 2 Salles de bains,git:HEAD:data/raw/maisonlux_maroc_complet.csv
mubawab.ma:content:d0cbb1618e5e44986056a62d,mubawab.ma,,Tanger,De La Plage,Tangier-Tetouan-Al Hoceima,,,124.0,3.0,2.0,unknown,unknown,unknown,unknown,4500000.0,36290.32,appartement,sale,,unknown,Fri Aug 14 2026 16:31:10 GMT+0100 (UTC+01:00),,valid,,unique,,Appartement en vente à De La Plage. 3 chambres. Sécurisé 24/...,4 500 000 DH,"De La Plage, Tanger",124 m² 1 Pièce 3 Chambres 2 Salles de bains,git:HEAD:data/raw/maisonlux_maroc_complet.csv
mubawab.ma:content:2dae83b97a7ad32d1de4ae0e,mubawab.ma,,Fès,L'habitat,Fez-Meknes,,,144.0,2.0,2.0,unknown,unknown,unknown,unknown,620000.0,4305.56,appartement,sale,,unknown,Fri Aug 14 2026 16:31:10 GMT+0100 (UTC+01:00),,valid,,unique,,Appartement à vendre,620 000 DH,"L'habitat, Fès",144 m² 5 Pièces 2 Chambres 2 Salles de bains,git:HEAD:data/raw/maisonlux_maroc_complet.csv
mubawab.ma:native:8329882,mubawab.ma,8329882,Agadir,Anza,Souss-Massa,,,60.0,1.0,1.0,furnished,yes,yes,yes,1200000.0,20000.0,appartement,sale,,unknown,Wed Sep 02 2026 00:57:24 GMT+0100 (UTC+01:00),https://www.mubawab.ma/fr/a/8329882/appartement-vue-mer-anza-miftah-sahil-meubl%C3%A9,valid,,unique,,,,,,data\external\recovery_archive\20260902T224619Z\misplaced_notebook_data\data\raw\maisondelux_raw.csv
mubawab.ma:native:8264320,mubawab.ma,8264320,Casablanca,Sidi Moumen,Casablanca-Settat,,,156.0,3.0,2.0,unknown,unknown,yes,unknown,1190000.0,7628.21,appartement,sale,,unknown,Wed Sep 02 2026 12:37:08 GMT+0100 (UTC+01:00),https://www.mubawab.ma/fr/a/8264320/duplex-%C3%A0-vendre-156-m%C2%B2-3-chambres-sidi-moumen-casablanca,valid,,unique,,,,,,data\external\recovery_archive\20260902T224619Z\misplaced_notebook_data\data\raw\maisondelux_raw.csv
mubawab.ma:native:8210480,mubawab.ma,8210480,Agadir,Secteur Touristique,Souss-Massa,,,150.0,3.0,3.0,furnished,yes,yes,yes,4500000.0,30000.0,appartement,sale,,unknown,Wed Sep 02 2026 01:05:03 GMT+0100 (UTC+01:00),https://www.mubawab.ma/fr/a/8210480/appartement-en-vente-%C3%A0-secteur-touristique-surface-de-150-m%C2%B2-meubl%C3%A9,valid,,unique,,,,,,data\external\recovery_archive\20260902T224619Z\misplaced_notebook_data\data\raw\maisondelux_raw.csv
mubawab.ma:content:c8114219c74b267ed38d5f35,mubawab.ma,,Tanger,Route Nationale Assilah (N1),Tangier-Tetouan-Al Hoceima,,,124.0,3.0,2.0,furnished,unknown,unknown,unknown,850000.0,6854.84,appartement,sale,,unknown,Fri Aug 14 2026 16:31:10 GMT+0100 (UTC+01:00),,valid,,unique,,Appartement a vendre 124 m équipée شقة مفروشة للبي,850 000 DH,"Route Nationale Assilah (N1), Tanger",124 m² 4 Pièces 3 Chambres 2 Salles de bains,git:HEAD:data/raw/maisonlux_maroc_complet.csv
mubawab.ma:content:f3b5ed222aabead6edc0ad79,mubawab.ma,,Meknès,Hamria,Fez-Meknes,,,142.0,3.0,2.0,unknown,unknown,unknown,unknown,1207000.0,8500.0,appartement,sale,,unknown,Fri Aug 14 2026 16:31:10 GMT+0100 (UTC+01:00),,valid,,unique,,Superbe appartement à vendre à Hamria. Surface de 142 m². Sé...,1 207 000 DH,"Hamria, Meknes",142 m² 6 Pièces 3 Chambres 2 Salles de bains,git:HEAD:data/raw/maisonlux_maroc_complet.csv
mubawab.ma:content:4699c0433161fe2cf00662bf,mubawab.ma,,Fès,Nouvelle Ville,Fez-Meknes,,,170.0,3.0,2.0,unknown,unknown,unknown,unknown,800000.0,4705.88,appartement,sale,,unknown,Fri Aug 14 2026 16:31:10 GMT+0100 (UTC+01:00),,valid,,unique,,"Appartement à vendre 170 m², 3 chambres Nouvelle Ville Fès",800 000 DH,"Nouvelle Ville, Fès",170 m² 3 Chambres 2 Salles de bains,git:HEAD:data/raw/maisonlux_maroc_complet.csv
mubawab.ma:content:991882b15016f21a5099e789,mubawab.ma,,Tanger,Drissia,Tangier-Tetouan-Al Hoceima,,,156.0,3.0,2.0,furnished,unknown,unknown,unknown,1750000.0,11217.95,appartement,sale,,unknown,Fri Aug 14 2026 16:31:10 GMT+0100 (UTC+01:00),,valid,,unique,,Appartement à vendre à Drissia. 3 belles chambres. Meublé,1 750 000 DH,"Drissia, Tanger",156 m² 2 Pièces 3 Chambres 2 Salles de bains,git:HEAD:data/raw/maisonlux_maroc_complet.csv
mubawab.ma:content:68c29274e5de15a73ef20428,mubawab.ma,,Mohammedia,El Bradaa,Casablanca-Settat,,,320.0,5.0,3.0,unknown,unknown,unknown,unknown,3000000.0,9375.0,appartement,sale,,unknown,Fri Aug 14 2026 16:31:10 GMT+0100 (UTC+01:00),,valid,,unique,,Vente De trois appartements titrés avec garage,3 000 000 DH,"El Bradaa, Mohammedia",320 m² 14 Pièces 5 Chambres 3 Salles de bains,git:HEAD:data/raw/maisonlux_maroc_complet.csv
mubawab.ma:native:8317554,mubawab.ma,8317554,Casablanca,Roches Noires,Casablanca-Settat,,,81.0,2.0,2.0,furnished,yes,unknown,unknown,6920000.0,85432.1,appartement,sale,,unknown,Wed Sep 02 2026 11:15:17 GMT+0100 (UTC+01:00),https://www.mubawab.ma/fr/a/8317554/appartement-a-vendre-roches-noires,valid,,unique,,,,,,data\external\recovery_archive\20260902T224619Z\misplaced_notebook_data\data\raw\maisondelux_raw.csv
mubawab.ma:native:8392025,mubawab.ma,8392025,Marrakech,prestigieuse résidence Noria Golf à,Marrakech-Safi,,,84.0,2.0,2.0,furnished,yes,yes,unknown,3900000.0,46428.57,appartement,sale,,unknown,Wed Sep 02 2026 22:00:47 GMT+0100 (UTC+01:00),https://www.mubawab.ma/fr/a/8392025/residence-noria-golf,valid,,unique,,,,,,data\external\recovery_archive\20260902T224619Z\misplaced_notebook_data\data\raw\maisondelux_raw.csv
mubawab.ma:native:8388505,mubawab.ma,8388505,Casablanca,Hay Hassani,Casablanca-Settat,,,73.0,3.0,2.0,unknown,unknown,unknown,unknown,8600000.0,117808.22,appartement,sale,,unknown,Wed Sep 02 2026 07:08:22 GMT+0100 (UTC+01:00),https://www.mubawab.ma/fr/a/8388505/vente-appartement-%C3%A0-hay-hassani,valid,,unique,,,,,,data\external\recovery_archive\20260902T224619Z\misplaced_notebook_data\data\raw\maisondelux_raw.csv
mubawab.ma:content:9bab2a65bc4b6a23d06937ee,mubawab.ma,,Casablanca,Les princesses,Casablanca-Settat,,,70.0,2.0,2.0,unknown,unknown,unknown,unknown,1600000.0,22857.14,appartement,sale,,unknown,Fri Aug 14 2026 16:31:10 GMT+0100 (UTC+01:00),,valid,,unique,,Coup de coeur à la vente au coeur des princesses,1 600 000 DH,"Les princesses, Casablanca",70 m² 3 Pièces 2 Chambres 2 Salles de bains,git:HEAD:data/raw/maisonlux_maroc_complet.csv
mubawab.ma:native:8309376,mubawab.ma,8309376,Casablanca,Maârif Extension,Casablanca-Settat,,,154.0,3.0,2.0,unknown,yes,unknown,unknown,1300000.0,8441.56,appartement,sale,,unknown,Wed Sep 02 2026 11:52:33 GMT+0100 (UTC+01:00),https://www.mubawab.ma/fr/a/8309376/appartement-%C3%A0-vendre-de-154-0-m%C2%B2-%C3%A0-casablanca-maarif-extension,valid,,unique,,,,,,data\external\recovery_archive\20260902T224619Z\misplaced_notebook_data\data\raw\maisondelux_raw.csv
mubawab.ma:content:05d96ceda2dea2621f00e950,mubawab.ma,,El Jadida,Hay Essalam,Casablanca-Settat,,,127.0,2.0,2.0,unknown,unknown,unknown,unknown,720000.0,5669.29,appartement,sale,,unknown,Fri Aug 14 2026 16:31:10 GMT+0100 (UTC+01:00),,valid,,unique,,Vente d'un bel appartement à Hay Essalam. Surface totale 127...,720 000 DH,"Hay Essalam, El Jadida",127 m² 2 Pièces 2 Chambres 2 Salles de bains,git:HEAD:data/raw/maisonlux_maroc_complet.csv
mubawab.ma:url:bd421bbec1672e6ba5cbc281,mubawab.ma,,Marrakech,Mhamid,Marrakech-Safi,,,97.0,4.0,2.0,unknown,unknown,unknown,unknown,857800.0,8843.3,appartement,sale,,unknown,Wed Sep 02 2026 17:14:46 GMT+0100 (UTC+01:00),https://www.mubawab.ma/fr/pa/8304913/bel-appartement-%C3%A0-vendre-%C3%A0-mhamid-superficie-97-m%C2%B2,valid,,unique,,,,,,data\external\recovery_archive\20260902T224619Z\misplaced_notebook_data\data\raw\maisondelux_raw.csv
mubawab.ma:content:cf65de3d43f3ed69037f79fb,mubawab.ma,,Casablanca,Ferme Bretonne (Hay Arraha),Casablanca-Settat,,,84.0,,,unknown,unknown,unknown,unknown,2200000.0,26190.48,appartement,sale,,unknown,Fri Aug 14 2026 16:31:10 GMT+0100 (UTC+01:00),,valid,,unique,,Apppartement lumineux neuf,2 200 000 DH,"Ferme Bretonne (Hay Arraha), Casablanca",84 m²,git:HEAD:data/raw/maisonlux_maroc_complet.csv
mubawab.ma:content:e1c2dfb1f7c0a2cc96a356f4,mubawab.ma,,Meknès,Hamria,Fez-Meknes,,,175.0,3.0,2.0,unknown,unknown,unknown,unknown,1150000.0,6571.43,appartement,sale,,unknown,Fri Aug 14 2026 16:31:10 GMT+0100 (UTC+01:00),,valid,,unique,,Appartement hamria,1 150 000 DH,"Hamria, Meknes",175 m² 3 Pièces 3 Chambres 2 Salles de bains,git:HEAD:data/raw/maisonlux_maroc_complet.csv
mubawab.ma:content:906b1ea1deba5ce1d44fc249,mubawab.ma,,Agadir,Tikiouine,Souss-Massa,,,170.0,3.0,2.0,unknown,unknown,unknown,unknown,1300000.0,7647.06,appartement,sale,,unknown,Fri Aug 14 2026 16:31:10 GMT+0100 (UTC+01:00),,valid,,unique,,"Appartement à vendre 170 m², 3 chambres Tikiouine Agadir",1 300 000 DH,"Tikiouine, Agadir",170 m² 3 Chambres 2 Salles de bains,git:HEAD:data/raw/maisonlux_maroc_complet.csv
mubawab.ma:content:304f1f032d8037db98b46a22,mubawab.ma,,Marrakech,Camp Al Ghoul,Marrakech-Safi,,,95.0,1.0,1.0,unknown,unknown,unknown,unknown,1200000.0,12631.58,appartement,sale,,unknown,Fri Aug 14 2026 16:31:10 GMT+0100 (UTC+01:00),,valid,,unique,,Appartement à vendre – Emplacement stratégique à Marrakech,1 200 000 DH,"Camp Al Ghoul, Marrakech",95 m² 2 Pièces 1 Ch. 1 Salle de bain,git:HEAD:data/raw/maisonlux_maroc_complet.csv
mubawab.ma:content:8e7f0db7f98719ed234d513e,mubawab.ma,,Casablanca,Sidi Moumen,Casablanca-Settat,,,74.0,2.0,1.0,unknown,unknown,unknown,unknown,490000.0,6621.62,appartement,sale,,unknown,Fri Aug 14 2026 16:31:10 GMT+0100 (UTC+01:00),,valid,,unique,,Vend appartement à Sidi Moumen. Surface de 74 m². Bien meubl...,490 000 DH,"Sidi Moumen, Casablanca",74 m² 2 Pièces 2 Chambres 1 Salle de bain,git:HEAD:data/raw/maisonlux_maroc_complet.csv
mubawab.ma:content:8e5c54115928bf4d8d5fd9e1,mubawab.ma,,Marrakech,Hay Mabrouka,Marrakech-Safi,,,74.0,3.0,1.0,unknown,unknown,unknown,unknown,620000.0,8378.38,appartement,sale,,unknown,Fri Aug 14 2026 16:31:10 GMT+0100 (UTC+01:00),,valid,,unique,,Appartement à Vendre 3 chambres à Najd,620 000 DH,"Hay Mabrouka, Marrakech",74 m² 3 Pièces 3 Chambres 1 Salle de bain,git:HEAD:data/raw/maisonlux_maroc_complet.csv
mubawab.ma:content:977cfe3f10e9e8303bb018d8,mubawab.ma,,Casablanca,Sidi Maarouf,Casablanca-Settat,,,119.0,3.0,2.0,unknown,unknown,unknown,unknown,1000000.0,8403.36,appartement,sale,,unknown,Fri Aug 14 2026 16:31:10 GMT+0100 (UTC+01:00),,valid,,unique,,"Appartement à vendre 119 m², 3 chambres Sidi Maarouf Casabla...",1 000 000 DH,"Sidi Maarouf, Casablanca",119 m² 3 Chambres 2 Salles de bains,git:HEAD:data/raw/maisonlux_maroc_complet.csv
mubawab.ma:content:cfba3ea0d7df7b5beb452586,mubawab.ma,,Casablanca,Lekrimat,Casablanca-Settat,,,124.0,3.0,2.0,unknown,unknown,unknown,unknown,1100000.0,8870.97,appartement,sale,,unknown,Fri Aug 14 2026 16:31:10 GMT+0100 (UTC+01:00),,valid,,unique,,"Appartement à Vendre de 124.0 m² à Casablanca, Lekrimat",1 100 000 DH,"Lekrimat, Casablanca",124 m² 5 Pièces 3 Chambres 2 Salles de bains,git:HEAD:data/raw/maisonlux_maroc_complet.csv
mubawab.ma:content:b7b56431f822fa7e722ebd08,mubawab.ma,,Fès,Fes City Center,Fez-Meknes,,,150.0,3.0,3.0,unknown,unknown,unknown,unknown,1500000.0,10000.0,appartement,sale,,unknown,Fri Aug 14 2026 16:31:10 GMT+0100 (UTC+01:00),,valid,,unique,,Vende Appartement de 150 m avec vue imprenable,1 500 000 DH,"Fes City Center, Fès",150 m² 1 Pièce 3 Chambres 3 Salles de bains,git:HEAD:data/raw/maisonlux_maroc_complet.csv
mubawab.ma:content:6a91b00d69022a1975abeda8,mubawab.ma,,Tanger,Mghogha,Tangier-Tetouan-Al Hoceima,,,78.0,2.0,1.0,unknown,unknown,unknown,unknown,550000.0,7051.28,appartement,sale,,unknown,Fri Aug 14 2026 16:31:10 GMT+0100 (UTC+01:00),,valid,,unique,,Bel appartement à vendre à complexe Hamza Mghogha. Surface t...,550 000 DH,"Mghogha, Tanger",78 m² 3 Pièces 2 Chambres 1 Salle de bain,git:HEAD:data/raw/maisonlux_maroc_complet.csv
mubawab.ma:native:8391373,mubawab.ma,8391373,Casablanca,Ancienne Medina,Casablanca-Settat,,,80.0,1.0,1.0,unknown,unknown,unknown,unknown,10982476.0,137280.95,appartement,sale,,unknown,Wed Sep 02 2026 07:02:21 GMT+0100 (UTC+01:00),https://www.mubawab.ma/fr/a/8391373/studio-%C3%A0-vendre-80-m%C2%B2-ancienne-medina-casablanca,valid,,unique,,,,,,data\external\recovery_archive\20260902T224619Z\misplaced_notebook_data\data\raw\maisondelux_raw.csv
mubawab.ma:content:f5744114e03b620ab6005adc,mubawab.ma,,Mohammedia,La Siesta,Casablanca-Settat,,,95.0,2.0,1.0,unknown,unknown,unknown,unknown,1500000.0,15789.47,appartement,sale,,unknown,Fri Aug 14 2026 16:31:10 GMT+0100 (UTC+01:00),,valid,,unique,,Appartement 95m² a vendre,1 500 000 DH,"La Siesta, Mohammedia",95 m² 2 Pièces 2 Chambres 1 Salle de bain,git:HEAD:data/raw/maisonlux_maroc_complet.csv
mubawab.ma:content:fe43085e7b1c7219e54fe8d5,mubawab.ma,,Rabat,L'Ocean,Rabat-Salé-Kenitra,,,126.0,1.0,1.0,unknown,unknown,unknown,yes,1000000.0,7936.51,appartement,sale,,unknown,Fri Aug 14 2026 16:31:10 GMT+0100 (UTC+01:00),,valid,,unique,,Appartement avec terrasse et vue mer,1 000 000 DH,"L'Ocean, Rabat",126 m² 1 Pièce 1 Ch. 1 Salle de bain,git:HEAD:data/raw/maisonlux_maroc_complet.csv
mubawab.ma:content:69dc064c388c8c99dcc0c0d9,mubawab.ma,,Tanger,Mozart,Tangier-Tetouan-Al Hoceima,,,88.0,2.0,3.0,unknown,unknown,unknown,unknown,1950000.0,22159.09,appartement,sale,,unknown,Fri Aug 14 2026 16:31:10 GMT+0100 (UTC+01:00),,valid,,unique,,Vente d'un bel appartement à Mozart. 2 chambres agréables...,1 950 000 DH,"Mozart, Tanger",88 m² 3 Pièces 2 Chambres 3 Salles de bains,git:HEAD:data/raw/maisonlux_maroc_complet.csv
mubawab.ma:native:8277795,mubawab.ma,8277795,Berrechid,deroua,Casablanca-Settat,,,57.0,3.0,2.0,unknown,unknown,unknown,unknown,8300000.0,145614.04,appartement,sale,,unknown,Wed Sep 02 2026 01:11:52 GMT+0100 (UTC+01:00),https://www.mubawab.ma/fr/a/8277795/vend-appartement-%C3%A0-deroua-berrechid-superficie-57-m%C2%B2-s%C3%A9curit%C3%A9,valid,,unique,,,,,,data\external\recovery_archive\20260902T224619Z\misplaced_notebook_data\data\raw\maisondelux_raw.csv
mubawab.ma:native:8399233,mubawab.ma,8399233,Marrakech,médina historique de,Marrakech-Safi,,,200.0,5.0,5.0,furnished,unknown,yes,unknown,480000.0,2400.0,appartement,sale,,unknown,Wed Sep 02 2026 21:47:08 GMT+0100 (UTC+01:00),https://www.mubawab.ma/fr/a/8399233/un-riad-d%E2%80%99exception-au-c%C5%93ur-de-medina,valid,,unique,,,,,,data\external\recovery_archive\20260902T224619Z\misplaced_notebook_data\data\raw\maisondelux_raw.csv
mubawab.ma:content:a72aed58ff369ad2198cce05,mubawab.ma,,Tiznit,Tiznit,Souss-Massa,,,102.0,2.0,2.0,unknown,unknown,unknown,unknown,969000.0,9500.0,appartement,sale,,unknown,Fri Aug 14 2026 16:31:10 GMT+0100 (UTC+01:00),,valid,,unique,,Bel appartement à vendre. 1 salon. Meubles,969 000 DH,"Tiznit, Tiznit",102 m² 1 Pièce 2 Chambres 2 Salles de bains,git:HEAD:data/raw/maisonlux_maroc_complet.csv
mubawab.ma:content:93f5bf7509102e2cb3418766,mubawab.ma,,Kénitra,Val Fleuri,Rabat-Salé-Kenitra,,,141.0,2.0,1.0,unknown,unknown,unknown,unknown,850000.0,6028.37,appartement,sale,,unknown,Fri Aug 14 2026 16:31:10 GMT+0100 (UTC+01:00),,valid,,unique,,Vente appartement 2 ch val fleury v4428,850 000 DH,"Val Fleuri, Kénitra",141 m² 3 Pièces 2 Chambres 1 Salle de bain,git:HEAD:data/raw/maisonlux_maroc_complet.csv
mubawab.ma:native:8007377,mubawab.ma,8007377,Casablanca,Aïn Sebaâ,Casablanca-Settat,,,57.0,2.0,1.0,unknown,unknown,unknown,unknown,8430000.0,147894.74,appartement,sale,,unknown,Wed Sep 02 2026 08:52:00 GMT+0100 (UTC+01:00),https://www.mubawab.ma/fr/a/8007377/appart-%C3%A0-vendre-%C3%A0-a%C3%AFn-seba%C3%A0-%D8%B4%D9%82%D8%A9-%D9%84%D9%84%D8%A8%D9%8A%D8%B9-%D8%A8%D8%B9%D9%8A%D9%86-%D8%A7%D9%84%D8%B3%D8%A8%D8%B9,valid,,unique,,,,,,data\external\recovery_archive\20260902T224619Z\misplaced_notebook_data\data\raw\maisondelux_raw.csv
mubawab.ma:content:27927054c36571994e08d8f4,mubawab.ma,,Marrakech,Agdal,Marrakech-Safi,,,281.0,2.0,3.0,unknown,unknown,unknown,unknown,4300000.0,15302.49,appartement,sale,,unknown,Fri Aug 14 2026 16:31:10 GMT+0100 (UTC+01:00),,valid,,unique,,Appartement de luxe avec piscine privée en vente de 2 chambr...,4 300 000 DH,"Agdal, Marrakech",281 m² 3 Pièces 2 Chambres 3 Salles de bains,git:HEAD:data/raw/maisonlux_maroc_complet.csv
mubawab.ma:content:151335abf7703385e786278b,mubawab.ma,,Tanger,Casabarata,Tangier-Tetouan-Al Hoceima,,,105.0,2.0,2.0,unknown,unknown,unknown,unknown,2205000.0,21000.0,appartement,sale,,unknown,Fri Aug 14 2026 16:31:10 GMT+0100 (UTC+01:00),,valid,,unique,,Appartements a vendre,2 205 000 DH,"Casabarata, Tanger",105 m² 3 Pièces 2 Chambres 2 Salles de bains,git:HEAD:data/raw/maisonlux_maroc_complet.csv
mubawab.ma:content:a0071fcf2b6629adf666d6ec,mubawab.ma,,Casablanca,Belvédère,Casablanca-Settat,,,188.0,4.0,2.0,unknown,unknown,unknown,unknown,1300000.0,6914.89,appartement,sale,,unknown,Fri Aug 14 2026 16:31:10 GMT+0100 (UTC+01:00),,valid,,unique,,Opportunité à saisir prix imbattable 188m2,1 300 000 DH,"Belvédère, Casablanca",188 m² 8 Pièces 4 Chambres 2 Salles de bains,git:HEAD:data/raw/maisonlux_maroc_complet.csv
mubawab.ma:native:8371876,mubawab.ma,8371876,Casablanca,Racine,Casablanca-Settat,,,105.0,2.0,1.0,furnished,yes,yes,unknown,200000.0,1904.76,appartement,sale,,unknown,Wed Sep 02 2026 04:28:42 GMT+0100 (UTC+01:00),https://www.mubawab.ma/fr/a/8371876/vente-bel-appartement-105m2-avec-2chambres-terrasse-racine-casablanca,valid,,unique,,,,,,data\external\recovery_archive\20260902T224619Z\misplaced_notebook_data\data\raw\maisondelux_raw.csv
mubawab.ma:content:38f90183418abe2d8ecbb591,mubawab.ma,,El Jadida,Sidi Moussa,Casablanca-Settat,,,81.0,2.0,1.0,unknown,unknown,unknown,unknown,900000.0,11111.11,appartement,sale,,unknown,Fri Aug 14 2026 16:31:10 GMT+0100 (UTC+01:00),,valid,,unique,,"Appartement à vendre 81 m², 2 chambres Sidi Rahal Chatai El...",900 000 DH,"Sidi Moussa, El Jadida",81 m² 2 Chambres 1 Salle de bain,git:HEAD:data/raw/maisonlux_maroc_complet.csv
mubawab.ma:content:0075877092e532323cb2cac7,mubawab.ma,,Fès,Route Immouzer,Fez-Meknes,,,1000.0,2.0,2.0,unknown,unknown,unknown,unknown,1450000.0,1450.0,appartement,sale,,unknown,Fri Aug 14 2026 16:31:10 GMT+0100 (UTC+01:00),,valid,,unique,,Vend appartement à Route Immouzer. 3 pièces confortables. Bi...,1 450 000 DH,"Route Immouzer, Fès",1000 m² 3 Pièces 2 Chambres 2 Salles de bains,git:HEAD:data/raw/maisonlux_maroc_complet.csv
mubawab.ma:content:f3d8d06793e86bdeccd3d3e0,mubawab.ma,,El Jadida,Corniche,Casablanca-Settat,,,85.0,2.0,2.0,unknown,unknown,unknown,unknown,1400000.0,16470.59,appartement,sale,,unknown,Fri Aug 14 2026 16:31:10 GMT+0100 (UTC+01:00),,valid,,unique,,Appartement à Sidi Bouzid – 3 min de la plage,1 400 000 DH,"Corniche, El Jadida",85 m² 3 Pièces 2 Chambres 2 Salles de bains,git:HEAD:data/raw/maisonlux_maroc_complet.csv
mubawab.ma:content:467de2cb2554d11e48dac86b,mubawab.ma,,Tétouan,Taboula,Tangier-Tetouan-Al Hoceima,,,260.0,3.0,3.0,unknown,unknown,unknown,unknown,3800000.0,14615.38,appartement,sale,,unknown,Fri Aug 14 2026 16:31:10 GMT+0100 (UTC+01:00),,valid,,unique,,Luxueux appartement de 260m en plein centre ville,3 800 000 DH,"Taboula, Tétouan",260 m² 4 Pièces 3 Chambres 3 Salles de bains,git:HEAD:data/raw/maisonlux_maroc_complet.csv
mubawab.ma:content:e9e8e5e9dd1f4696564c0eeb,mubawab.ma,,Tanger,Gourziana,Tangier-Tetouan-Al Hoceima,,,101.0,3.0,1.0,unknown,unknown,unknown,yes,870000.0,8613.86,appartement,sale,,unknown,Fri Aug 14 2026 16:31:10 GMT+0100 (UTC+01:00),,valid,,unique,,Vue Mer Appartement 101 m² 3 Chambres,870 000 DH,"Gourziana, Tanger",101 m² 1 Pièce 3 Chambres 1 Salle de bain,git:HEAD:data/raw/maisonlux_maroc_complet.csv
mubawab.ma:native:8279142,mubawab.ma,8279142,Casablanca,Oulfa,Casablanca-Settat,,,55.0,2.0,1.0,unknown,unknown,unknown,unknown,5340000.0,97090.91,appartement,sale,,unknown,Wed Sep 02 2026 12:34:05 GMT+0100 (UTC+01:00),https://www.mubawab.ma/fr/a/8279142/appartement-oulfa-55m2-r%C3%A9sidence-essaada,valid,,unique,,,,,,data\external\recovery_archive\20260902T224619Z\misplaced_notebook_data\data\raw\maisondelux_raw.csv
mubawab.ma:content:b59313661a84d6224b241076,mubawab.ma,,Rabat,Kébibat,Rabat-Salé-Kenitra,,,100.0,2.0,1.0,unknown,unknown,unknown,unknown,1400000.0,14000.0,appartement,sale,,unknown,Fri Aug 14 2026 16:31:10 GMT+0100 (UTC+01:00),,valid,,unique,,Appartement a vendre a rabat 100 m kbibat,1 400 000 DH,"Kébibat, Rabat",100 m² 3 Pièces 2 Chambres 1 Salle de bain,git:HEAD:data/raw/maisonlux_maroc_complet.csv
mubawab.ma:content:b804131c02c1766e1bf9ed11,mubawab.ma,,Rabat,Hay Nahda,Rabat-Salé-Kenitra,,,64.0,2.0,1.0,unknown,unknown,unknown,unknown,660000.0,10312.5,appartement,sale,,unknown,Fri Aug 14 2026 16:31:10 GMT+0100 (UTC+01:00),,valid,,unique,,Appartement à vendre à Rabat,660 000 DH,"Hay Nahda, Rabat",64 m² 4 Pièces 2 Chambres 1 Salle de bain,git:HEAD:data/raw/maisonlux_maroc_complet.csv
mubawab.ma:content:8cac57c6fc41591c51016008,mubawab.ma,,Casablanca,Gauthier,Casablanca-Settat,,,75.0,2.0,2.0,furnished,unknown,unknown,unknown,1900000.0,25333.33,appartement,sale,,unknown,Fri Aug 14 2026 16:31:10 GMT+0100 (UTC+01:00),,valid,,unique,,À vendre appartement meublé à quartier gautier,1 900 000 DH,"Gauthier, Casablanca",75 m² 3 Pièces 2 Chambres 2 Salles de bains,git:HEAD:data/raw/maisonlux_maroc_complet.csv
mubawab.ma:content:3ac0e40ea6893a7ce85ab04a,mubawab.ma,,Marrakech,Route de Fez,Marrakech-Safi,,,188.0,3.0,2.0,unknown,unknown,unknown,unknown,1600000.0,8510.64,appartement,sale,,unknown,Fri Aug 14 2026 16:31:10 GMT+0100 (UTC+01:00),,valid,,unique,,Appartement à l'achat à Route de Fez. 5 grandes pièces. Sy...,1 600 000 DH,"Route de Fez, Marrakech",188 m² 5 Pièces 3 Chambres 2 Salles de bains,git:HEAD:data/raw/maisonlux_maroc_complet.csv
mubawab.ma:content:5f2b497945e2d252618e5a17,mubawab.ma,,Casablanca,Riviera,Casablanca-Settat,,,83.0,2.0,3.0,unknown,unknown,unknown,unknown,1900000.0,22891.57,appartement,sale,,unknown,Fri Aug 14 2026 16:31:10 GMT+0100 (UTC+01:00),,valid,,unique,,Appartement haut standing à riviera,1 900 000 DH,"Riviera, Casablanca",83 m² 3 Pièces 2 Chambres 3 Salles de bains,git:HEAD:data/raw/maisonlux_maroc_complet.csv
mubawab.ma:content:b2133e5feffff115e7828a61,mubawab.ma,,Rabat,Hay Nahda,Rabat-Salé-Kenitra,,,97.0,3.0,1.0,unknown,unknown,unknown,unknown,1700000.0,17525.77,appartement,sale,,unknown,Fri Aug 14 2026 16:31:10 GMT+0100 (UTC+01:00),,valid,,unique,,Hay Nahda Appât à usage cabinet médical au RC,1 700 000 DH,"Hay Nahda, Rabat",97 m² 3 Pièces 3 Chambres 1 Salle de bain,git:HEAD:data/raw/maisonlux_maroc_complet.csv
mubawab.ma:url:90402fc719afcf4b3cefa03d,mubawab.ma,,Marrakech,Boulevard Med 6,Marrakech-Safi,,,119.0,3.0,2.0,unknown,unknown,unknown,unknown,2200000.0,18487.39,appartement,sale,,unknown,Wed Sep 02 2026 17:23:52 GMT+0100 (UTC+01:00),https://www.mubawab.ma/fr/pa/8218855/appartement-%C3%A0-vendre-%C3%A0-boulevard-med-6-superficie-119-m%C2%B2,valid,,unique,,,,,,data\external\recovery_archive\20260902T224619Z\misplaced_notebook_data\data\raw\maisondelux_raw.csv
mubawab.ma:native:8316974,mubawab.ma,8316974,Tanger,Casabarata,Tangier-Tetouan-Al Hoceima,,,155.0,3.0,1.0,furnished,unknown,unknown,unknown,1590000.0,10258.06,appartement,sale,,unknown,Tue Sep 01 2026 23:20:10 GMT+0100 (UTC+01:00),https://www.mubawab.ma/fr/a/8316974/appartement-%C3%A0-vendre-%C3%A0-casabarata-tanger,valid,,unique,,,,,,data\external\recovery_archive\20260902T224619Z\misplaced_notebook_data\data\raw\maisondelux_raw.csv
mubawab.ma:native:8363682,mubawab.ma,8363682,Casablanca,Hay Hassani,Casablanca-Settat,,,76.0,2.0,1.0,unknown,unknown,yes,unknown,7560000.0,99473.68,appartement,sale,,unknown,Wed Sep 02 2026 08:48:34 GMT+0100 (UTC+01:00),https://www.mubawab.ma/fr/a/8363682/appartement-76m%C2%B2-r%C3%A9sidence-el-farah-hay-hassani,valid,,unique,,,,,,data\external\recovery_archive\20260902T224619Z\misplaced_notebook_data\data\raw\maisondelux_raw.csv
mubawab.ma:content:6ab42ac0250943be755cc28a,mubawab.ma,,Casablanca,Ferme Bretonne (Hay Arraha),Casablanca-Settat,,,60.0,2.0,1.0,unknown,unknown,unknown,unknown,1630000.0,27166.67,appartement,sale,,unknown,Fri Aug 14 2026 16:31:10 GMT+0100 (UTC+01:00),,valid,,unique,,Superbe appartement à vendre à Ferme Bretonne Hay Arraha. Su...,1 630 000 DH,"Ferme Bretonne (Hay Arraha), Casablanca",60 m² 2 Pièces 2 Chambres 1 Salle de bain,git:HEAD:data/raw/maisonlux_maroc_complet.csv
mubawab.ma:content:3621621947cb5c34120e2495,mubawab.ma,,Casablanca,Sidi Moumen,Casablanca-Settat,,,215.0,4.0,2.0,unknown,unknown,unknown,unknown,1150000.0,5348.84,appartement,sale,,unknown,Fri Aug 14 2026 16:31:10 GMT+0100 (UTC+01:00),,valid,,unique,,"Appartement à Vendre de 215.0 m² à Casablanca, Sidi Moumen",1 150 000 DH,"Sidi Moumen, Casablanca",215 m² 6 Pièces 4 Chambres 2 Salles de bains,git:HEAD:data/raw/maisonlux_maroc_complet.csv
mubawab.ma:content:11116bb874337dd6ca4df87e,mubawab.ma,,Casablanca,Nassim 1,Casablanca-Settat,,,94.0,2.0,2.0,unknown,unknown,unknown,unknown,800000.0,8510.64,appartement,sale,,unknown,Fri Aug 14 2026 16:31:10 GMT+0100 (UTC+01:00),,valid,,unique,,Bel appartement Titré 89 m²,800 000 DH,"Nassim 1, Casablanca",94 m² 4 Pièces 2 Chambres 2 Salles de bains,git:HEAD:data/raw/maisonlux_maroc_complet.csv
mubawab.ma:content:ce44bbb0dda82ca37c6a07f1,mubawab.ma,,Tanger,Hay Hassani,Tangier-Tetouan-Al Hoceima,,,215.0,3.0,2.0,unknown,unknown,unknown,unknown,1300000.0,6046.51,appartement,sale,,unknown,Fri Aug 14 2026 16:31:10 GMT+0100 (UTC+01:00),,valid,,unique,,"Appartement à vendre 215 m², 3 chambres Hay Hassani Tanger",1 300 000 DH,"Hay Hassani, Tanger",215 m² 3 Chambres 2 Salles de bains,git:HEAD:data/raw/maisonlux_maroc_complet.csv
mubawab.ma:content:18e14df2d6aed30fd873879a,mubawab.ma,,Casablanca,Maârif Extension,Casablanca-Settat,,,104.0,2.0,2.0,unknown,unknown,unknown,unknown,3000000.0,28846.15,appartement,sale,,unknown,Fri Aug 14 2026 16:31:10 GMT+0100 (UTC+01:00),,valid,,unique,,Vente d'un bel appartement à Maârif Extension. 3 grandes pi...,3 000 000 DH,"Maârif Extension, Casablanca",104 m² 3 Pièces 2 Chambres 2 Salles de bains,git:HEAD:data/raw/maisonlux_maroc_complet.csv
mubawab.ma:content:5977ff27946c7a9dccd64432,mubawab.ma,,Casablanca,Bourgogne Ouest,Casablanca-Settat,,,71.0,2.0,2.0,unknown,unknown,unknown,unknown,1600000.0,22535.21,appartement,sale,,unknown,Fri Aug 14 2026 16:31:10 GMT+0100 (UTC+01:00),,valid,,unique,,Magnifique appartement neuf a vendre a bourgogne,1 600 000 DH,"Bourgogne Ouest, Casablanca",71 m² 3 Pièces 2 Chambres 2 Salles de bains,git:HEAD:data/raw/maisonlux_maroc_complet.csv
mubawab.ma:content:ef35942607431b3719b7a560,mubawab.ma,,Mohammedia,Riad 2,Casablanca-Settat,,,191.0,2.0,2.0,unknown,unknown,unknown,unknown,1000000.0,5235.6,appartement,sale,,unknown,Fri Aug 14 2026 16:31:10 GMT+0100 (UTC+01:00),,valid,,unique,,Diplix 191 bon état a riad ESSALAM Mohammedia,1 000 000 DH,"Riad 2, Mohammedia",191 m² 4 Pièces 2 Chambres 2 Salles de bains,git:HEAD:data/raw/maisonlux_maroc_complet.csv
mubawab.ma:content:ff56713c8da55eafa28faa1a,mubawab.ma,,Casablanca,Anassi,Casablanca-Settat,,,75.0,2.0,1.0,unknown,unknown,unknown,unknown,550000.0,7333.33,appartement,sale,,unknown,Fri Aug 14 2026 16:31:10 GMT+0100 (UTC+01:00),,valid,,unique,,Appartement T3,550 000 DH,"Anassi, Casablanca",75 m² 3 Pièces 2 Chambres 1 Salle de bain,git:HEAD:data/raw/maisonlux_maroc_complet.csv
mubawab.ma:content:10ecfc9140fc578ab84bdf8d,mubawab.ma,,Casablanca,Gauthier,Casablanca-Settat,,,69.0,2.0,2.0,unknown,unknown,unknown,unknown,1820000.0,26376.81,appartement,sale,,unknown,Fri Aug 14 2026 16:31:10 GMT+0100 (UTC+01:00),,valid,,unique,,"LA CITADELLE Appartement à vendre 69 m², 2 chambres Gauthier...",1 820 000 DH,"Gauthier, Casablanca",69 m² 2 Chambres 2 Salles de bains,git:HEAD:data/raw/maisonlux_maroc_complet.csv
mubawab.ma:native:8375768,mubawab.ma,8375768,Marrakech,seulement 150 mètres du Sofitel,Marrakech-Safi,,,93.0,2.0,1.0,unknown,yes,unknown,unknown,3500000.0,37634.41,appartement,sale,,unknown,Wed Sep 02 2026 16:49:59 GMT+0100 (UTC+01:00),https://www.mubawab.ma/fr/a/8375768/appartement-%C3%A0-vendre,valid,,unique,,,,,,data\external\recovery_archive\20260902T224619Z\misplaced_notebook_data\data\raw\maisondelux_raw.csv
mubawab.ma:native:8392855,mubawab.ma,8392855,Casablanca,Oasis,Casablanca-Settat,,,62.0,2.0,2.0,unknown,yes,unknown,unknown,1780000.0,28709.68,appartement,sale,,unknown,Wed Sep 02 2026 06:52:38 GMT+0100 (UTC+01:00),https://www.mubawab.ma/fr/a/8392855/appartement-en-vente-%C3%A0-oasis-surface-totale-62-m%C2%B2-17m%C2%B2-garage-et-box-four-micro-ondes,valid,,unique,,,,,,data\external\recovery_archive\20260902T224619Z\misplaced_notebook_data\data\raw\maisondelux_raw.csv
mubawab.ma:native:8341118,mubawab.ma,8341118,Casablanca,Sidi Moumen,Casablanca-Settat,,,200.0,3.0,2.0,unknown,unknown,yes,unknown,1400000.0,7000.0,appartement,sale,,unknown,Wed Sep 02 2026 09:05:10 GMT+0100 (UTC+01:00),https://www.mubawab.ma/fr/a/8341118/vente-appartement-%C3%A0-sidi-moumen,valid,,unique,,,,,,data\external\recovery_archive\20260902T224619Z\misplaced_notebook_data\data\raw\maisondelux_raw.csv
mubawab.ma:content:722811cdce505139139da037,mubawab.ma,,Casablanca,Franceville,Casablanca-Settat,,,71.0,2.0,2.0,unknown,unknown,unknown,unknown,1750000.0,24647.89,appartement,sale,,unknown,Fri Aug 14 2026 16:31:10 GMT+0100 (UTC+01:00),,valid,,unique,,Appartement de très haut standing à vendre,1 750 000 DH,"Franceville, Casablanca",71 m² 4 Pièces 2 Chambres 2 Salles de bains,git:HEAD:data/raw/maisonlux_maroc_complet.csv
mubawab.ma:content:d76c3237b1cc96aa764d125a,mubawab.ma,,Casablanca,Al Azhar,Casablanca-Settat,,,97.0,3.0,2.0,unknown,unknown,unknown,unknown,770000.0,7938.14,appartement,sale,,unknown,Fri Aug 14 2026 16:31:10 GMT+0100 (UTC+01:00),,valid,,unique,,"Appartement 97m² en vente, Résidence Al Badr",770 000 DH,"Al Azhar, Casablanca",97 m² 4 Pièces 3 Chambres 2 Salles de bains,git:HEAD:data/raw/maisonlux_maroc_complet.csv
mubawab.ma:url:5f7bc2eabf92e15a544c02eb,mubawab.ma,,Tanger,Aharrarine,Tangier-Tetouan-Al Hoceima,,,73.0,2.0,1.0,unknown,unknown,unknown,unknown,7693500.0,105390.41,appartement,sale,,unknown,Tue Sep 01 2026 23:16:08 GMT+0100 (UTC+01:00),https://www.mubawab.ma/fr/pa/8390082/vente-d-un-bel-appartement-%C3%A0-aharrarine-2-chambres,valid,,unique,,,,,,data\external\recovery_archive\20260902T224619Z\misplaced_notebook_data\data\raw\maisondelux_raw.csv
mubawab.ma:content:7f7a10f627888093eb0fa32b,mubawab.ma,,Tanger,Bella Vista,Tangier-Tetouan-Al Hoceima,,,116.0,3.0,2.0,unknown,unknown,unknown,yes,4070000.0,35086.21,appartement,sale,,unknown,Fri Aug 14 2026 16:31:10 GMT+0100 (UTC+01:00),,valid,,unique,,Appartement à vendre Malabata vue mer,4 070 000 DH,"Bella Vista, Tanger",116 m² 4 Pièces 3 Chambres 2 Salles de bains,git:HEAD:data/raw/maisonlux_maroc_complet.csv
mubawab.ma:content:d4a958502f67b4aaa2acdd6f,mubawab.ma,,Rabat,Guich Oudaya,Rabat-Salé-Kenitra,,,57.0,1.0,2.0,unknown,unknown,unknown,unknown,950000.0,16666.67,appartement,sale,,unknown,Fri Aug 14 2026 16:31:10 GMT+0100 (UTC+01:00),,valid,,unique,,Bel appartement à vendre proche de Hay Riad Guich Oudaya,950 000 DH,"Guich Oudaya, Rabat",57 m² 2 Pièces 1 Ch. 2 Salles de bains,git:HEAD:data/raw/maisonlux_maroc_complet.csv
mubawab.ma:content:309fac010428d060d9a6f30a,mubawab.ma,,Tétouan,Touilaa,Tangier-Tetouan-Al Hoceima,,,85.0,2.0,2.0,unknown,unknown,unknown,unknown,7000000.0,82352.94,appartement,sale,,unknown,Fri Aug 14 2026 16:31:10 GMT+0100 (UTC+01:00),,valid,,unique,,"Bel appartement à vendre au tetouan, touilaa, bien équipé av...",7 000 000 DH,"Touilaa, Tétouan",85 m² 3 Pièces 2 Chambres 2 Salles de bains,git:HEAD:data/raw/maisonlux_maroc_complet.csv
mubawab.ma:native:8289886,mubawab.ma,8289886,Casablanca,Maârif,Casablanca-Settat,,,104.0,2.0,2.0,unknown,yes,yes,unknown,2700000.0,25961.54,appartement,sale,,unknown,Wed Sep 02 2026 08:57:15 GMT+0100 (UTC+01:00),https://www.mubawab.ma/fr/a/8289886/maarif-ext-appt-de-104-m%C2%B2-47m2-de-terr-a-vdre,valid,,unique,,,,,,data\external\recovery_archive\20260902T224619Z\misplaced_notebook_data\data\raw\maisondelux_raw.csv
mubawab.ma:content:6081a170a937087444d2155f,mubawab.ma,,Agadir,Founti,Souss-Massa,,,106.0,2.0,2.0,unknown,unknown,unknown,unknown,2100000.0,19811.32,appartement,sale,,unknown,Fri Aug 14 2026 16:31:10 GMT+0100 (UTC+01:00),,valid,,unique,,OFF MARKET – Appartement neuf jamais habité,2 100 000 DH,"Founti, Agadir",106 m² 3 Pièces 2 Chambres 2 Salles de bains,git:HEAD:data/raw/maisonlux_maroc_complet.csv
mubawab.ma:content:920a1fdca1383bd582193c6b,mubawab.ma,,Casablanca,Sidi Belyout,Casablanca-Settat,,,95.0,2.0,2.0,unknown,unknown,unknown,unknown,850000.0,8947.37,appartement,sale,,unknown,Fri Aug 14 2026 16:31:10 GMT+0100 (UTC+01:00),,valid,,unique,,Appartement à vendre 95 m² à Casablanca avec cour,850 000 DH,"Sidi Belyout, Casablanca",95 m² 5 Pièces 2 Chambres 2 Salles de bains,git:HEAD:data/raw/maisonlux_maroc_complet.csv
mubawab.ma:native:8386775,mubawab.ma,8386775,Marrakech,Guéliz,Marrakech-Safi,,,67.0,2.0,1.0,unknown,yes,yes,unknown,2200000.0,32835.82,appartement,sale,,unknown,Wed Sep 02 2026 17:43:46 GMT+0100 (UTC+01:00),https://www.mubawab.ma/fr/a/8386775/appartement-%C3%A0-vendre-%C3%A0-gu%C3%A9liz-3-pi%C3%A8ces-confortables-porte-blind%C3%A9e-et-chauffage-central,valid,,unique,,,,,,data\external\recovery_archive\20260902T224619Z\misplaced_notebook_data\data\raw\maisondelux_raw.csv
mubawab.ma:content:df845d7065c06fe839e0c5a6,mubawab.ma,,Marrakech,Massira 1,Marrakech-Safi,,,104.0,2.0,1.0,unknown,unknown,unknown,unknown,920000.0,8846.15,appartement,sale,,unknown,Fri Aug 14 2026 16:31:10 GMT+0100 (UTC+01:00),,valid,,unique,,Appartement 104 mètre massira 1 Marrakech,920 000 DH,"Massira 1, Marrakech",104 m² 3 Pièces 2 Chambres 1 Salle de bain,git:HEAD:data/raw/maisonlux_maroc_complet.csv
mubawab.ma:content:eb391e567f7efe3b2b4c6de9,mubawab.ma,,Mohammedia,Quartier Du Soleil,Casablanca-Settat,,,92.0,2.0,1.0,furnished,unknown,unknown,unknown,1470000.0,15978.26,appartement,sale,,unknown,Fri Aug 14 2026 16:31:10 GMT+0100 (UTC+01:00),,valid,,unique,,Appartement 2ch meublé avec Terrasse,1 470 000 DH,"Quartier Du Soleil, Mohammedia",92 m² 3 Pièces 2 Chambres 1 Salle de bain,git:HEAD:data/raw/maisonlux_maroc_complet.csv
mubawab.ma:native:8383533,mubawab.ma,8383533,Marrakech,Agdal,Marrakech-Safi,,,161.0,2.0,3.0,furnished,yes,yes,unknown,2700000.0,16770.19,appartement,sale,,unknown,Wed Sep 02 2026 21:55:24 GMT+0100 (UTC+01:00),https://www.mubawab.ma/fr/a/8383533/appartement-%C3%A0-vendre-de-161-0-m%C2%B2-%C3%A0-marrakech-agdal,valid,,unique,,,,,,data\external\recovery_archive\20260902T224619Z\misplaced_notebook_data\data\raw\maisondelux_raw.csv
mubawab.ma:content:c6d4600c0002b991329a95d7,mubawab.ma,,Salé,Bab Al Bahr,Rabat-Salé-Kenitra,,,123.0,2.0,2.0,unknown,unknown,unknown,unknown,5500000.0,44715.45,appartement,sale,,unknown,Fri Aug 14 2026 16:31:10 GMT+0100 (UTC+01:00),,valid,,unique,,Vente d'un bel appartement signé Fairmont,5 500 000 DH,"Bab Al Bahr, Salé",123 m² 3 Pièces 2 Chambres 2 Salles de bains,git:HEAD:data/raw/maisonlux_maroc_complet.csv
mubawab.ma:native:8392093,mubawab.ma,8392093,Casablanca,Oasis,Casablanca-Settat,,,114.0,3.0,3.0,furnished,yes,yes,unknown,3322000.0,29140.35,appartement,sale,,unknown,Wed Sep 02 2026 04:35:28 GMT+0100 (UTC+01:00),https://www.mubawab.ma/fr/a/8392093/appartement-spacieux-%C3%A0-l-oasis,valid,,unique,,,,,,data\external\recovery_archive\20260902T224619Z\misplaced_notebook_data\data\raw\maisondelux_raw.csv
mubawab.ma:content:fed9afb625c1284be921b532,mubawab.ma,,Casablanca,Casablanca Marina,Casablanca-Settat,,,138.0,2.0,2.0,furnished,unknown,unknown,yes,3900000.0,28260.87,appartement,sale,,unknown,Fri Aug 14 2026 16:31:10 GMT+0100 (UTC+01:00),,valid,,unique,,"Bel appartement MEUBLÉ à vendre, vue mer, la marina",3 900 000 DH,"Casablanca Marina, Casablanca",138 m² 4 Pièces 2 Chambres 2 Salles de bains,git:HEAD:data/raw/maisonlux_maroc_complet.csv
mubawab.ma:native:8354475,mubawab.ma,8354475,Casablanca,Val Fleury,Casablanca-Settat,,,81.0,2.0,2.0,unknown,yes,yes,unknown,1943000.0,23987.65,appartement,sale,,unknown,Wed Sep 02 2026 08:59:33 GMT+0100 (UTC+01:00),https://www.mubawab.ma/fr/a/8354475/appartement-exceptionnel-%C3%A0-val-fleury,valid,,unique,,,,,,data\external\recovery_archive\20260902T224619Z\misplaced_notebook_data\data\raw\maisondelux_raw.csv
mubawab.ma:content:08b2623579a56c385ed2d024,mubawab.ma,,Mohammedia,La Siesta,Casablanca-Settat,,,90.0,2.0,2.0,furnished,unknown,unknown,unknown,2400000.0,26666.67,appartement,sale,,unknown,Fri Aug 14 2026 16:31:10 GMT+0100 (UTC+01:00),,valid,,unique,,Appartement meublé en face la plage des sablettes,2 400 000 DH,"La Siesta, Mohammedia",90 m² 3 Pièces 2 Chambres 2 Salles de bains,git:HEAD:data/raw/maisonlux_maroc_complet.csv
mubawab.ma:native:8304725,mubawab.ma,8304725,Casablanca,Aïn Sebaâ,Casablanca-Settat,,,82.0,2.0,2.0,unknown,yes,yes,unknown,610000.0,7439.02,appartement,sale,,unknown,Wed Sep 02 2026 11:59:57 GMT+0100 (UTC+01:00),https://www.mubawab.ma/fr/a/8304725/appartement-neuf-a-vendre-a-ain-sebaa,valid,,unique,,,,,,data\external\recovery_archive\20260902T224619Z\misplaced_notebook_data\data\raw\maisondelux_raw.csv
mubawab.ma:native:8330998,mubawab.ma,8330998,Casablanca,Racine,Casablanca-Settat,,,111.0,3.0,2.0,unknown,yes,yes,unknown,2300000.0,20720.72,appartement,sale,,unknown,Wed Sep 02 2026 04:36:35 GMT+0100 (UTC+01:00),https://www.mubawab.ma/fr/a/8330998/coup-de-fusil-en-vente-magnifique-appartment-111-m-3-chambres-2-sb-a-racine-casablanca,valid,,unique,,,,,,data\external\recovery_archive\20260902T224619Z\misplaced_notebook_data\data\raw\maisondelux_raw.csv
mubawab.ma:native:8314617,mubawab.ma,8314617,Casablanca,La Gironde,Casablanca-Settat,,,115.0,2.0,1.0,unknown,unknown,yes,unknown,11500000.0,100000.0,appartement,sale,,unknown,Wed Sep 02 2026 11:45:03 GMT+0100 (UTC+01:00),https://www.mubawab.ma/fr/a/8314617/appartement-la-gironde,valid,,unique,,,,,,data\external\recovery_archive\20260902T224619Z\misplaced_notebook_data\data\raw\maisondelux_raw.csv
mubawab.ma:native:8368477,mubawab.ma,8368477,Casablanca,Les Hôpitaux,Casablanca-Settat,,,41.0,2.0,1.0,furnished,yes,yes,unknown,2860000.0,69756.1,appartement,sale,,unknown,Wed Sep 02 2026 08:38:52 GMT+0100 (UTC+01:00),https://www.mubawab.ma/fr/a/8368477/studios-neufs-a-vendre-quartier-les-hopitaux,valid,,unique,,,,,,data\external\recovery_archive\20260902T224619Z\misplaced_notebook_data\data\raw\maisondelux_raw.csv
mubawab.ma:content:529bc83662e9a5df9f9dd8a8,mubawab.ma,,Marrakech,Riad Zitoun,Marrakech-Safi,,,189.0,5.0,4.0,unknown,unknown,unknown,unknown,2200000.0,11640.21,appartement,sale,,unknown,Fri Aug 14 2026 16:31:10 GMT+0100 (UTC+01:00),,valid,,unique,,Appartement à vendre à Riad Zitoun. 2 pièces. Prestation de...,2 200 000 DH,"Riad Zitoun, Marrakech",189 m² 2 Pièces 5 Chambres 4 Salles de bains,git:HEAD:data/raw/maisonlux_maroc_complet.csv
mubawab.ma:native:8237063,mubawab.ma,8237063,Agadir,Cité Adrar,Souss-Massa,,,77.0,2.0,2.0,unknown,yes,unknown,unknown,2760000.0,35844.16,appartement,sale,,unknown,Wed Sep 02 2026 01:05:31 GMT+0100 (UTC+01:00),https://www.mubawab.ma/fr/a/8237063/superbe-appartement-%C3%A0-vendre-%C3%A0-cit%C3%A9-adrar-2-grandes-pi%C3%A8ces-climatisation-et-piscine,valid,,unique,,,,,,data\external\recovery_archive\20260902T224619Z\misplaced_notebook_data\data\raw\maisondelux_raw.csv
mubawab.ma:content:deb54812aed3fd0e07229324,mubawab.ma,,Tanger,Tanger City Center,Tangier-Tetouan-Al Hoceima,,,89.0,4.0,,unknown,unknown,unknown,unknown,1960000.0,22022.47,appartement,sale,,unknown,Fri Aug 14 2026 16:31:10 GMT+0100 (UTC+01:00),,valid,,unique,,Appartement en vente à Tanger City Center. Superficie 89 m²,1 960 000 DH,"Tanger City Center, Tanger",89 m² 4 Chambres,git:HEAD:data/raw/maisonlux_maroc_complet.csv
mubawab.ma:content:deaf34efd4760ef0bc7af200,mubawab.ma,,Marrakech,Azli,Marrakech-Safi,,,100.0,2.0,1.0,unknown,unknown,unknown,unknown,800000.0,8000.0,appartement,sale,,unknown,Fri Aug 14 2026 16:31:10 GMT+0100 (UTC+01:00),,valid,,unique,,Superbe appartement à vendre à 15 min de Guéliz. Surface tot...,800 000 DH,"Azli, Marrakech",100 m² 3 Pièces 2 Chambres 1 Salle de bain,git:HEAD:data/raw/maisonlux_maroc_complet.csv
mubawab.ma:content:9eb7b3aec66040ba003923b8,mubawab.ma,,Casablanca,Ain Diab,Casablanca-Settat,,,139.0,2.0,2.0,unknown,unknown,unknown,yes,5000000.0,35971.22,appartement,sale,,unknown,Fri Aug 14 2026 16:31:10 GMT+0100 (UTC+01:00),,valid,,unique,,"Vente Superbe Appartement 139m2 vue mer Ain Diab, Casablanca",5 000 000 DH,"Ain Diab, Casablanca",139 m² 3 Pièces 2 Chambres 2 Salles de bains,git:HEAD:data/raw/maisonlux_maroc_complet.csv
mubawab.ma:native:8328072,mubawab.ma,8328072,Casablanca,Almaz,Casablanca-Settat,,,92.0,3.0,2.0,furnished,yes,unknown,unknown,2010300.0,21851.09,appartement,sale,,unknown,Wed Sep 02 2026 11:31:49 GMT+0100 (UTC+01:00),https://www.mubawab.ma/fr/a/8328072/appartements-neufs-a-vendre-casablanca-almaz,valid,,unique,,,,,,data\external\recovery_archive\20260902T224619Z\misplaced_notebook_data\data\raw\maisondelux_raw.csv
mubawab.ma:content:9a5e18f600bb49de46aaa92c,mubawab.ma,,Casablanca,Le Domaine D'Anfa,Casablanca-Settat,,,115.0,2.0,2.0,unknown,unknown,unknown,unknown,2950000.0,25652.17,appartement,sale,,unknown,Fri Aug 14 2026 16:31:10 GMT+0100 (UTC+01:00),,valid,,unique,,Appartement à l'achat à Le Domaine D'Anfa. 2 chambres agréab...,2 950 000 DH,"Le Domaine D'Anfa, Casablanca",115 m² 3 Pièces 2 Chambres 2 Salles de bains,git:HEAD:data/raw/maisonlux_maroc_complet.csv
mubawab.ma:content:91dcb2a2cdfc5faaf887c45d,mubawab.ma,,Kénitra,Mimosas,Rabat-Salé-Kenitra,,,103.0,2.0,2.0,unknown,unknown,unknown,unknown,760000.0,7378.64,appartement,sale,,unknown,Fri Aug 14 2026 16:31:10 GMT+0100 (UTC+01:00),,valid,,unique,,Appartement en vente à Mimosas. 3 pièces confortables,760 000 DH,"Mimosas, Kénitra",103 m² 3 Pièces 2 Chambres 2 Salles de bains,git:HEAD:data/raw/maisonlux_maroc_complet.csv
mubawab.ma:content:eebf7c079b764cc122f6474b,mubawab.ma,,Casablanca,Oasis,Casablanca-Settat,,,112.0,3.0,2.0,unknown,unknown,unknown,unknown,2300000.0,20535.71,appartement,sale,,unknown,Fri Aug 14 2026 16:31:10 GMT+0100 (UTC+01:00),,valid,,unique,,Appartement de 3 CH de standing – Quartier L’Oasis,2 300 000 DH,"Oasis, Casablanca",112 m² 4 Pièces 3 Chambres 2 Salles de bains,git:HEAD:data/raw/maisonlux_maroc_complet.csv
mubawab.ma:content:9b761b2e87b31b36f09480dc,mubawab.ma,,Témara,Abi Horaira,Rabat-Salé-Kenitra,,,95.0,3.0,1.0,unknown,unknown,unknown,unknown,880000.0,9263.16,appartement,sale,,unknown,Fri Aug 14 2026 16:31:10 GMT+0100 (UTC+01:00),,valid,,unique,,Appartement avendre,880 000 DH,"Abi Horaira, Temara",95 m² 3 Pièces 3 Chambres 1 Salle de bain,git:HEAD:data/raw/maisonlux_maroc_complet.csv
mubawab.ma:native:8395178,mubawab.ma,8395178,Casablanca,Les princesses,Casablanca-Settat,,,65.0,2.0,2.0,furnished,yes,unknown,unknown,1570000.0,24153.85,appartement,sale,,unknown,Wed Sep 02 2026 04:25:49 GMT+0100 (UTC+01:00),https://www.mubawab.ma/fr/a/8395178/appartement-en-vente-%C3%A0-les-princesses-2-belles-chambres-porte-blind%C3%A9e-s%C3%A9curit%C3%A9,valid,,unique,,,,,,data\external\recovery_archive\20260902T224619Z\misplaced_notebook_data\data\raw\maisondelux_raw.csv
mubawab.ma:content:a7521b07d00e83d96d3f44fe,mubawab.ma,,Oujda,Zitoune,Oriental,,,145.0,3.0,2.0,unknown,unknown,unknown,unknown,620000.0,4275.86,appartement,sale,,unknown,Fri Aug 14 2026 16:31:10 GMT+0100 (UTC+01:00),,valid,,unique,,Bel appartement à vendre à Zitoune. Superficie 145 m²,620 000 DH,"Zitoune, Oujda",145 m² 5 Pièces 3 Chambres 2 Salles de bains,git:HEAD:data/raw/maisonlux_maroc_complet.csv
mubawab.ma:native:8396252,mubawab.ma,8396252,Casablanca,Riviera,Casablanca-Settat,,,66.0,2.0,1.0,unknown,yes,unknown,unknown,1588000.0,24060.61,appartement,sale,,unknown,Wed Sep 02 2026 04:35:35 GMT+0100 (UTC+01:00),https://www.mubawab.ma/fr/a/8396252/appartement-2-chambres-%C3%A0-riviera,valid,,unique,,,,,,data\external\recovery_archive\20260902T224619Z\misplaced_notebook_data\data\raw\maisondelux_raw.csv
mubawab.ma:native:8340181,mubawab.ma,8340181,Agadir,Hay Al Farah,Souss-Massa,,,52.0,2.0,1.0,unknown,unknown,unknown,unknown,1660000.0,31923.08,appartement,sale,,unknown,Wed Sep 02 2026 00:54:07 GMT+0100 (UTC+01:00),https://www.mubawab.ma/fr/a/8340181/appartement-a-vendre-a-hay-al-farah,valid,,unique,,,,,,data\external\recovery_archive\20260902T224619Z\misplaced_notebook_data\data\raw\maisondelux_raw.csv
mubawab.ma:content:88f0f9f3997ddccfda2d43ac,mubawab.ma,,Fès,Route Immouzer,Fez-Meknes,,,280.0,3.0,3.0,unknown,unknown,unknown,unknown,1200000.0,4285.71,appartement,sale,,unknown,Fri Aug 14 2026 16:31:10 GMT+0100 (UTC+01:00),,valid,,unique,,"Appartement à vendre 280 m², 3 chambres Route immouzer Fès",1 200 000 DH,"Route Immouzer, Fès",280 m² 3 Chambres 3 Salles de bains,git:HEAD:data/raw/maisonlux_maroc_complet.csv
mubawab.ma:content:d532d03a0f9b7f4e328cdd6d,mubawab.ma,,Tétouan,Cabo Negro,Tangier-Tetouan-Al Hoceima,,,57.0,1.0,1.0,unknown,unknown,unknown,unknown,1250000.0,21929.82,appartement,sale,,unknown,Fri Aug 14 2026 16:31:10 GMT+0100 (UTC+01:00),,valid,,unique,,Appartement a vendre cabo negro,1 250 000 DH,"Cabo Negro, Tétouan",57 m² 2 Pièces 1 Ch. 1 Salle de bain,git:HEAD:data/raw/maisonlux_maroc_complet.csv
mubawab.ma:content:c0710b111d52488747478a2c,mubawab.ma,,Tanger,Aouama Gharbia,Tangier-Tetouan-Al Hoceima,,,89.0,3.0,1.0,furnished,unknown,unknown,unknown,600000.0,6741.57,appartement,sale,,unknown,Fri Aug 14 2026 16:31:10 GMT+0100 (UTC+01:00),,valid,,unique,,Appartement à vendre meublé,600 000 DH,"Aouama Gharbia, Tanger",89 m² 5 Pièces 3 Chambres 1 Salle de bain,git:HEAD:data/raw/maisonlux_maroc_complet.csv
mubawab.ma:content:d69a5c2ac32d1deea59b1bb7,mubawab.ma,,Casablanca,Laymoune,Casablanca-Settat,,,212.0,4.0,3.0,unknown,unknown,unknown,unknown,1500000.0,7075.47,appartement,sale,,unknown,Fri Aug 14 2026 16:31:10 GMT+0100 (UTC+01:00),,valid,,unique,,"Appartement à vendre à Laymoun, sans intermédiaire",1 500 000 DH,"Laymoune, Casablanca",212 m² 4 Pièces 4 Chambres 3 Salles de bains,git:HEAD:data/raw/maisonlux_maroc_complet.csv
mubawab.ma:content:4d2fa82ea35292c3c837ecfd,mubawab.ma,,Agadir,Port,Souss-Massa,,,110.0,2.0,2.0,unknown,unknown,unknown,unknown,2950000.0,26818.18,appartement,sale,,unknown,Fri Aug 14 2026 16:31:10 GMT+0100 (UTC+01:00),,valid,,unique,,Appartement à vendre 110 m² à Agadir Marina,2 950 000 DH,"Port, Agadir",110 m² 3 Pièces 2 Chambres 2 Salles de bains,git:HEAD:data/raw/maisonlux_maroc_complet.csv
mubawab.ma:native:8308487,mubawab.ma,8308487,Casablanca,Belvédère,Casablanca-Settat,,,228.0,3.0,1.0,furnished,unknown,yes,unknown,1400000.0,6140.35,appartement,sale,,unknown,Wed Sep 02 2026 11:29:16 GMT+0100 (UTC+01:00),https://www.mubawab.ma/fr/a/8308487/bureau-appartement-%C3%A0-vendre-belv%C3%A9d%C3%A8re-228m%C2%B2,valid,,unique,,,,,,data\external\recovery_archive\20260902T224619Z\misplaced_notebook_data\data\raw\maisondelux_raw.csv
mubawab.ma:native:8289880,mubawab.ma,8289880,Casablanca,Maârif Extension,Casablanca-Settat,,,104.0,2.0,2.0,unknown,yes,yes,unknown,3000000.0,28846.15,appartement,sale,,unknown,Wed Sep 02 2026 11:50:57 GMT+0100 (UTC+01:00),https://www.mubawab.ma/fr/a/8289880/vente-d-un-bel-appartement-%C3%A0-ma%C3%A2rif-extension-3-grandes-pi%C3%A8ces-terrasse-et-ascenseur,valid,,unique,,,,,,data\external\recovery_archive\20260902T224619Z\misplaced_notebook_data\data\raw\maisondelux_raw.csv
mubawab.ma:content:165127f3d2a93ed5dc658dc1,mubawab.ma,,Marrakech,Sidi Abbad,Marrakech-Safi,,,247.0,2.0,1.0,unknown,unknown,unknown,unknown,1900000.0,7692.31,appartement,sale,,unknown,Fri Aug 14 2026 16:31:10 GMT+0100 (UTC+01:00),,valid,,unique,,Appartement au RDJ Terrasse Allal lfassi,1 900 000 DH,"Sidi Abbad, Marrakech",247 m² 6 Pièces 2 Chambres 1 Salle de bain,git:HEAD:data/raw/maisonlux_maroc_complet.csv
mubawab.ma:content:b903a9415c10609a32335213,mubawab.ma,,Casablanca,Mandarona,Casablanca-Settat,,,117.0,2.0,2.0,unknown,unknown,unknown,unknown,2500000.0,21367.52,appartement,sale,,unknown,Fri Aug 14 2026 16:31:10 GMT+0100 (UTC+01:00),,valid,,unique,,"Appartement à vendre 117 m², 2 chambres Mandarona Casablanca",2 500 000 DH,"Mandarona, Casablanca",117 m² 2 Chambres 2 Salles de bains,git:HEAD:data/raw/maisonlux_maroc_complet.csv
mubawab.ma:native:8328291,mubawab.ma,8328291,Casablanca,Casablanca Marina,Casablanca-Settat,,,150.0,2.0,3.0,unknown,unknown,yes,unknown,6300000.0,42000.0,appartement,sale,,unknown,Wed Sep 02 2026 03:00:26 GMT+0100 (UTC+01:00),https://www.mubawab.ma/fr/a/8328291/appartement-d%E2%80%99exception-%C3%A0-la-vente-%E2%80%93-casablanca-marina,valid,,unique,,,,,,data\external\recovery_archive\20260902T224619Z\misplaced_notebook_data\data\raw\maisondelux_raw.csv
mubawab.ma:native:8308457,mubawab.ma,8308457,Marrakech,laver Guéliz à,Marrakech-Safi,,,58.0,2.0,1.0,furnished,yes,yes,unknown,2000000.0,34482.76,appartement,sale,,unknown,Wed Sep 02 2026 21:49:39 GMT+0100 (UTC+01:00),https://www.mubawab.ma/fr/a/8308457/sublime-appartement-1-ch-%C3%A0-vendre-gu%C3%A9liz,valid,,unique,,,,,,data\external\recovery_archive\20260902T224619Z\misplaced_notebook_data\data\raw\maisondelux_raw.csv
mubawab.ma:native:8361822,mubawab.ma,8361822,Tanger,Du Golf,Tangier-Tetouan-Al Hoceima,,,130.0,3.0,2.0,unknown,yes,yes,unknown,600000.0,4615.38,appartement,sale,,unknown,Tue Sep 01 2026 23:30:08 GMT+0100 (UTC+01:00),https://www.mubawab.ma/fr/a/8361822/appartement-splendide-a-vendre-du-golf,valid,,unique,,,,,,data\external\recovery_archive\20260902T224619Z\misplaced_notebook_data\data\raw\maisondelux_raw.csv
mubawab.ma:content:478bb9a5c5267b39405fd088,mubawab.ma,,Marrakech,Massira 1,Marrakech-Safi,,,94.0,3.0,2.0,unknown,unknown,unknown,unknown,880000.0,9361.7,appartement,sale,,unknown,Fri Aug 14 2026 16:31:10 GMT+0100 (UTC+01:00),,valid,,unique,,Appartement à vendre au 4ème étage 94 m²,880 000 DH,"Massira 1, Marrakech",94 m² 7 Pièces 3 Chambres 2 Salles de bains,git:HEAD:data/raw/maisonlux_maroc_complet.csv
mubawab.ma:content:7724c0007d18895da29e2b38,mubawab.ma,,Rabat,Hay Al Rajaa Fillah,Rabat-Salé-Kenitra,,,67.0,3.0,3.0,unknown,unknown,unknown,unknown,2500000.0,37313.43,appartement,sale,,unknown,Fri Aug 14 2026 16:31:10 GMT+0100 (UTC+01:00),,valid,,unique,,Yacoub Almansour Rabat,2 500 000 DH,"Hay Al Rajaa Fillah, Rabat",67 m² 5 Pièces 3 Chambres 3 Salles de bains,git:HEAD:data/raw/maisonlux_maroc_complet.csv
mubawab.ma:native:8260306,mubawab.ma,8260306,Casablanca,Roches Noires,Casablanca-Settat,,,142.0,4.0,1.0,furnished,unknown,unknown,unknown,8932400.0,62904.23,appartement,sale,,unknown,Wed Sep 02 2026 12:39:04 GMT+0100 (UTC+01:00),https://www.mubawab.ma/fr/a/8260306/appartement-%C3%A0-vendre-142-m%C2%B2-4-chambres-roches-noires-casablanca,valid,,unique,,,,,,data\external\recovery_archive\20260902T224619Z\misplaced_notebook_data\data\raw\maisondelux_raw.csv
mubawab.ma:content:aed9d06f5b292fd0b566aad9,mubawab.ma,,Marrakech,Boukar,Marrakech-Safi,,,104.0,2.0,2.0,unknown,unknown,unknown,unknown,1100000.0,10576.92,appartement,sale,,unknown,Fri Aug 14 2026 16:31:10 GMT+0100 (UTC+01:00),,valid,,unique,,Mise en Vente d'un Appartement de 104 m2,1 100 000 DH,"Boukar, Marrakech",104 m² 3 Pièces 2 Chambres 2 Salles de bains,git:HEAD:data/raw/maisonlux_maroc_complet.csv
mubawab.ma:content:9ff13d593b3231e1ecbeba7a,mubawab.ma,,Salé,Horria,Rabat-Salé-Kenitra,,,92.0,3.0,1.0,unknown,unknown,unknown,unknown,6100000.0,66304.35,appartement,sale,,unknown,Fri Aug 14 2026 16:31:10 GMT+0100 (UTC+01:00),,valid,,unique,,Appartement spacieux à hay Rizk,6 100 000 DH,"Horria, Salé",92 m² 4 Pièces 3 Chambres 1 Salle de bain,git:HEAD:data/raw/maisonlux_maroc_complet.csv
mubawab.ma:content:f9d24f1905ffc7c324c94fda,mubawab.ma,,Meknès,Meknes,Fez-Meknes,,,110.0,3.0,2.0,unknown,unknown,unknown,unknown,920000.0,8363.64,appartement,sale,,unknown,Fri Aug 14 2026 16:31:10 GMT+0100 (UTC+01:00),,valid,,unique,,"Appartement à vendre 110 m², 3 chambres Avenue des F. A. R M...",920 000 DH,"Meknes, Meknes",110 m² 3 Chambres 2 Salles de bains,git:HEAD:data/raw/maisonlux_maroc_complet.csv
mubawab.ma:content:fd4d3953527b83fc0c1658db,mubawab.ma,,El Jadida,Hay Essalam,Casablanca-Settat,,,156.0,3.0,3.0,unknown,unknown,unknown,unknown,1100000.0,7051.28,appartement,sale,,unknown,Fri Aug 14 2026 16:31:10 GMT+0100 (UTC+01:00),,valid,,unique,,Superbe appartement de 3 façades à vendre à Hay Essalam. 9...,1 100 000 DH,"Hay Essalam, El Jadida",156 m² 9 Pièces 3 Chambres 3 Salles de bains,git:HEAD:data/raw/maisonlux_maroc_complet.csv
mubawab.ma:content:5712bbb08c29bf4c114dc29e,mubawab.ma,,Marrakech,Hivernage,Marrakech-Safi,,,117.0,3.0,2.0,unknown,unknown,unknown,unknown,4100000.0,35042.74,appartement,sale,,unknown,Fri Aug 14 2026 16:31:10 GMT+0100 (UTC+01:00),,valid,,unique,,Élégant Appartement 3 Chambres Avec Terrasse,4 100 000 DH,"Hivernage, Marrakech",117 m² 4 Pièces 3 Chambres 2 Salles de bains,git:HEAD:data/raw/maisonlux_maroc_complet.csv
mubawab.ma:native:8364476,mubawab.ma,8364476,Casablanca,Hay Hassani,Casablanca-Settat,,,74.0,2.0,2.0,furnished,yes,unknown,unknown,3650000.0,49324.32,appartement,sale,,unknown,Wed Sep 02 2026 08:46:40 GMT+0100 (UTC+01:00),https://www.mubawab.ma/fr/a/8364476/vente-d-un-bel-appartement-%C3%A0-hay-hassani-2-grandes-pi%C3%A8ces-meubl%C3%A9,valid,,unique,,,,,,data\external\recovery_archive\20260902T224619Z\misplaced_notebook_data\data\raw\maisondelux_raw.csv
mubawab.ma:content:727e61c88c9fc082574bdfa9,mubawab.ma,,Rabat,Hay El Menzah,Rabat-Salé-Kenitra,,,90.0,3.0,2.0,unknown,unknown,unknown,unknown,1400000.0,15555.56,appartement,sale,,unknown,Fri Aug 14 2026 16:31:10 GMT+0100 (UTC+01:00),,valid,,unique,,Appartement 4 pièces en vente quartier El Menzeh,1 400 000 DH,"Hay El Menzah, Rabat",90 m² 4 Pièces 3 Chambres 2 Salles de bains,git:HEAD:data/raw/maisonlux_maroc_complet.csv
mubawab.ma:content:1890c563b03361dd99a4c97e,mubawab.ma,,Casablanca,Belvédère,Casablanca-Settat,,,172.0,4.0,2.0,unknown,unknown,unknown,unknown,1400000.0,8139.53,appartement,sale,,unknown,Fri Aug 14 2026 16:31:10 GMT+0100 (UTC+01:00),,valid,,unique,,"Appartement à Vendre de 172.0 m² à Casablanca, Belvedere Roc...",1 400 000 DH,"Belvédère, Casablanca",172 m² 6 Pièces 4 Chambres 2 Salles de bains,git:HEAD:data/raw/maisonlux_maroc_complet.csv
mubawab.ma:native:8397614,mubawab.ma,8397614,Agadir,le quartier de Riyad Salam,Souss-Massa,,,94.0,4.0,2.0,furnished,yes,yes,unknown,1630000.0,17340.43,appartement,sale,,unknown,Wed Sep 02 2026 00:45:43 GMT+0100 (UTC+01:00),https://www.mubawab.ma/fr/a/8397614/bel-appartement-%C3%A0-vendre-%C3%A0-riyad-salam-4-chambres-r%C3%A9sidence-s%C3%A9curis%C3%A9e-%C3%A9quip%C3%A9e-d-un-syst%C3%A8me-de-r%C3%A9ception-de-cha%C3%AEnes-satellites-,valid,,unique,,,,,,data\external\recovery_archive\20260902T224619Z\misplaced_notebook_data\data\raw\maisondelux_raw.csv
mubawab.ma:content:1dc5f9f12e7289248a8c9b86,mubawab.ma,,Casablanca,Al Osra,Casablanca-Settat,,,98.0,4.0,2.0,unknown,unknown,unknown,unknown,600000.0,6122.45,appartement,sale,,unknown,Fri Aug 14 2026 16:31:10 GMT+0100 (UTC+01:00),,valid,,unique,,Appartement à l'achat Al Osra Ain chock. 4 grandes pièces,600 000 DH,"Al Osra, Casablanca",98 m² 8 Pièces 4 Chambres 2 Salles de bains,git:HEAD:data/raw/maisonlux_maroc_complet.csv
mubawab.ma:content:c22c5361e76d3bc6defe7fbc,mubawab.ma,,Marrakech,Hivernage,Marrakech-Safi,,,91.0,2.0,2.0,unknown,unknown,unknown,unknown,2900000.0,31868.13,appartement,sale,,unknown,Fri Aug 14 2026 16:31:10 GMT+0100 (UTC+01:00),,valid,,unique,,Appartement à Hivernage Vue Atlas,2 900 000 DH,"Hivernage, Marrakech",91 m² 3 Pièces 2 Chambres 2 Salles de bains,git:HEAD:data/raw/maisonlux_maroc_complet.csv
mubawab.ma:native:8075509,mubawab.ma,8075509,Marrakech,la location à Victor Hugo,Marrakech-Safi,,,157.0,3.0,3.0,furnished,unknown,unknown,unknown,1317000.0,8388.54,appartement,sale,,unknown,Wed Sep 02 2026 17:37:53 GMT+0100 (UTC+01:00),https://www.mubawab.ma/fr/a/8075509/apparemment-2-ch-rdc-%C3%A0-louez-en-longue-dur%C3%A9e-uniquement-pas-de-sous-location-enti%C3%A8rement-r%C3%A9nov%C3%A9-meubl%C3%A9-neuf-%C3%A0-gu%C3%A9liz-surface-de-157-m%C2%B2-avec-cour-anglaise,valid,,unique,,,,,,data\external\recovery_archive\20260902T224619Z\misplaced_notebook_data\data\raw\maisondelux_raw.csv
mubawab.ma:content:3708990b9bbf85161d69a85a,mubawab.ma,,Tanger,Malabata,Tangier-Tetouan-Al Hoceima,,,60.0,3.0,2.0,unknown,unknown,unknown,yes,2300000.0,38333.33,appartement,sale,,unknown,Fri Aug 14 2026 16:31:10 GMT+0100 (UTC+01:00),,valid,,unique,,A vendre appartement vue mer,2 300 000 DH,"Malabata, Tanger",60 m² 4 Pièces 3 Chambres 2 Salles de bains,git:HEAD:data/raw/maisonlux_maroc_complet.csv
mubawab.ma:content:e1ee689b49efc992c6d574c4,mubawab.ma,,Casablanca,Maârif Extension,Casablanca-Settat,,,156.0,2.0,2.0,unknown,unknown,unknown,unknown,1420000.0,9102.56,appartement,sale,,unknown,Fri Aug 14 2026 16:31:10 GMT+0100 (UTC+01:00),,valid,,unique,,Appartement de 154m à vendre au maarif extension,1 420 000 DH,"Maârif Extension, Casablanca",156 m² 3 Pièces 2 Chambres 2 Salles de bains,git:HEAD:data/raw/maisonlux_maroc_complet.csv
mubawab.ma:content:22a7db40247b2e445009f929,mubawab.ma,,Casablanca,Al Azhar,Casablanca-Settat,,,75.0,2.0,1.0,unknown,unknown,unknown,unknown,440000.0,5866.67,appartement,sale,,unknown,Fri Aug 14 2026 16:31:10 GMT+0100 (UTC+01:00),,valid,,unique,,Vente d'un bel appartement à Al Azhar. 2 chambres agréables...,440 000 DH,"Al Azhar, Casablanca",75 m² 1 Pièce 2 Chambres 1 Salle de bain,git:HEAD:data/raw/maisonlux_maroc_complet.csv
mubawab.ma:content:32093b6b715aebcc3674750f,mubawab.ma,,Casablanca,Belvédère,Casablanca-Settat,,,124.0,3.0,2.0,unknown,unknown,unknown,unknown,810000.0,6532.26,appartement,sale,,unknown,Fri Aug 14 2026 16:31:10 GMT+0100 (UTC+01:00),,valid,,unique,,"Cause départ étranger, très bel appartement",810 000 DH,"Belvédère, Casablanca",124 m² 5 Pièces 3 Chambres 2 Salles de bains,git:HEAD:data/raw/maisonlux_maroc_complet.csv
mubawab.ma:content:a8a74be6fbdb8265d7e1b092,mubawab.ma,,Casablanca,Maârif Extension,Casablanca-Settat,,,97.0,3.0,2.0,unknown,unknown,unknown,unknown,160000.0,1649.48,appartement,sale,,unknown,Fri Aug 14 2026 16:31:10 GMT+0100 (UTC+01:00),,valid,,unique,,"Superbe appartement à vendre à Rue Epinal, Socrate, Maarif E...",160 000 DH,"Maârif Extension, Casablanca",97 m² 2 Pièces 3 Chambres 2 Salles de bains,git:HEAD:data/raw/maisonlux_maroc_complet.csv
mubawab.ma:content:1db3b6b3f2ac702d139bc0c9,mubawab.ma,,Salé,Dar El Lhamra,Rabat-Salé-Kenitra,,,120.0,4.0,1.0,unknown,unknown,unknown,unknown,610000.0,5083.33,appartement,sale,,unknown,Fri Aug 14 2026 16:31:10 GMT+0100 (UTC+01:00),,valid,,unique,,Appartement à vendre Sale Dar El lhamra,610 000 DH,"Dar El Lhamra, Salé",120 m² 4 Pièces 4 Chambres 1 Salle de bain,git:HEAD:data/raw/maisonlux_maroc_complet.csv
mubawab.ma:native:8249068,mubawab.ma,8249068,Casablanca,Hay el qods,Casablanca-Settat,,,96.0,3.0,2.0,unknown,yes,yes,unknown,9860000.0,102708.33,appartement,sale,,unknown,Wed Sep 02 2026 13:52:44 GMT+0100 (UTC+01:00),https://www.mubawab.ma/fr/a/8249068/appartement-%C3%A0-hay-el-qods-casablanca,valid,,unique,,,,,,data\external\recovery_archive\20260902T224619Z\misplaced_notebook_data\data\raw\maisondelux_raw.csv
mubawab.ma:content:92ede13d81e01b68da126129,mubawab.ma,,Tanger,Mesnana,Tangier-Tetouan-Al Hoceima,,,55.0,2.0,1.0,furnished,unknown,unknown,unknown,7600000.0,138181.82,appartement,sale,,unknown,Fri Aug 14 2026 16:31:10 GMT+0100 (UTC+01:00),,valid,,unique,,Bel appartement meublé à Mesnana,7 600 000 DH,"Mesnana, Tanger",55 m² 3 Pièces 2 Chambres 1 Salle de bain,git:HEAD:data/raw/maisonlux_maroc_complet.csv
mubawab.ma:native:8262200,mubawab.ma,8262200,Casablanca,Aïn Sebaâ,Casablanca-Settat,,,115.0,3.0,1.0,unknown,unknown,unknown,unknown,14950000.0,130000.0,appartement,sale,,unknown,Wed Sep 02 2026 11:23:18 GMT+0100 (UTC+01:00),https://www.mubawab.ma/fr/a/8262200/appartement-%C3%A0-vendre-115-m%C2%B2-3-chambres-a%C3%AFn-seba%C3%A2-casablanca,valid,,unique,,,,,,data\external\recovery_archive\20260902T224619Z\misplaced_notebook_data\data\raw\maisondelux_raw.csv
mubawab.ma:content:63c496a581dcf8b2186996cc,mubawab.ma,,Essaouira,Bouakhir,Marrakech-Safi,,,49.0,2.0,1.0,unknown,unknown,unknown,unknown,900000.0,18367.35,appartement,sale,,unknown,Fri Aug 14 2026 16:31:10 GMT+0100 (UTC+01:00),,valid,,unique,,Appartement à vendre à Bouakhir. 2 pièces. Résidence sécuris...,900 000 DH,"Bouakhir, Essaouira",49 m² 2 Pièces 2 Chambres 1 Salle de bain,git:HEAD:data/raw/maisonlux_maroc_complet.csv
mubawab.ma:content:5118ad76105deb1c847d3418,mubawab.ma,,Casablanca,Hay Moulay Rachid 1,Casablanca-Settat,,,74.0,2.0,1.0,unknown,unknown,unknown,unknown,150000.0,2027.03,appartement,sale,,unknown,Fri Aug 14 2026 16:31:10 GMT+0100 (UTC+01:00),,valid,,unique,,Appartement en vente à Hay Moulay Rachid 1.2 chambres agréa...,150 000 DH,"Hay Moulay Rachid 1, Casablanca",74 m² 1 Pièce 2 Chambres 1 Salle de bain,git:HEAD:data/raw/maisonlux_maroc_complet.csv
mubawab.ma:content:eb94a91312068b7f1008dcbd,mubawab.ma,,Casablanca,Aïn Sebaâ,Casablanca-Settat,,,98.0,2.0,1.0,unknown,unknown,unknown,unknown,850000.0,8673.47,appartement,sale,,unknown,Fri Aug 14 2026 16:31:10 GMT+0100 (UTC+01:00),,valid,,unique,,Appartement 98 m² la grande ceinture mouahidine,850 000 DH,"Aïn Sebaâ, Casablanca",98 m² 2 Pièces 2 Chambres 1 Salle de bain,git:HEAD:data/raw/maisonlux_maroc_complet.csv
mubawab.ma:content:2ff2d1bed93eff2c4c5188ef,mubawab.ma,,Casablanca,Hay Albaraka,Casablanca-Settat,,,78.0,2.0,1.0,unknown,unknown,unknown,unknown,460000.0,5897.44,appartement,sale,,unknown,Fri Aug 14 2026 16:31:10 GMT+0100 (UTC+01:00),,valid,,unique,,Appartement 78 m2 Hay elbaraka PAS CHER,460 000 DH,"Hay Albaraka, Casablanca",78 m² 5 Pièces 2 Chambres 1 Salle de bain,git:HEAD:data/raw/maisonlux_maroc_complet.csv
mubawab.ma:native:8303931,mubawab.ma,8303931,Casablanca,Maârif,Casablanca-Settat,,,180.0,3.0,2.0,furnished,yes,yes,unknown,414000.0,2300.0,appartement,sale,,unknown,Wed Sep 02 2026 12:01:31 GMT+0100 (UTC+01:00),https://www.mubawab.ma/fr/a/8303931/opportunit%C3%A9-en-or-%E2%80%93-maarif-center,valid,,unique,,,,,,data\external\recovery_archive\20260902T224619Z\misplaced_notebook_data\data\raw\maisondelux_raw.csv
mubawab.ma:content:86cad90edc3cbe88506ee718,mubawab.ma,,Témara,Harhoura,Rabat-Salé-Kenitra,,,90.0,2.0,2.0,unknown,unknown,unknown,unknown,1710000.0,19000.0,appartement,sale,,unknown,Fri Aug 14 2026 16:31:10 GMT+0100 (UTC+01:00),,valid,,unique,,Appartement à vendre,1 710 000 DH,"Harhoura, Temara",90 m² 2 Pièces 2 Chambres 2 Salles de bains,git:HEAD:data/raw/maisonlux_maroc_complet.csv
mubawab.ma:content:30303d201439076bb8c750b8,mubawab.ma,,Marrakech,Guéliz,Marrakech-Safi,,,166.0,2.0,1.0,unknown,unknown,unknown,unknown,1650000.0,9939.76,appartement,sale,,unknown,Fri Aug 14 2026 16:31:10 GMT+0100 (UTC+01:00),,valid,,unique,,Vente d'un bel appartement à Guéliz. 2 chambres avec grande...,1 650 000 DH,"Guéliz, Marrakech",166 m² 3 Pièces 2 Chambres 1 Salle de bain,git:HEAD:data/raw/maisonlux_maroc_complet.csv
mubawab.ma:content:4503ca8aefb7ecf76fda8a3f,mubawab.ma,,Casablanca,Sidi Othmane,Casablanca-Settat,,,96.0,3.0,2.0,unknown,unknown,unknown,unknown,620000.0,6458.33,appartement,sale,,unknown,Fri Aug 14 2026 16:31:10 GMT+0100 (UTC+01:00),,valid,,unique,,Appartements semi fini â casablanca,620 000 DH,"Sidi Othmane, Casablanca",96 m² 9 Pièces 3 Chambres 2 Salles de bains,git:HEAD:data/raw/maisonlux_maroc_complet.csv
mubawab.ma:content:2715be8f8290a4d04f6cae6e,mubawab.ma,,Casablanca,Casablanca Marina,Casablanca-Settat,,,150.0,2.0,3.0,unknown,unknown,unknown,unknown,3900000.0,26000.0,appartement,sale,,unknown,Fri Aug 14 2026 16:31:10 GMT+0100 (UTC+01:00),,valid,,unique,,Bel appartement à vendre à Casablanca Marina. Surface de 150...,3 900 000 DH,"Casablanca Marina, Casablanca",150 m² 4 Pièces 2 Chambres 3 Salles de bains,git:HEAD:data/raw/maisonlux_maroc_complet.csv
mubawab.ma:content:3fef4ab65cd56b12d51e9fa3,mubawab.ma,,Tanger,Manar,Tangier-Tetouan-Al Hoceima,,,29.0,2.0,2.0,unknown,unknown,unknown,yes,3500000.0,120689.66,appartement,sale,,unknown,Fri Aug 14 2026 16:31:10 GMT+0100 (UTC+01:00),,valid,,unique,,Joli appartement vue mer en vente à Mnar,3 500 000 DH,"Manar, Tanger",29 m² 5 Pièces 2 Chambres 2 Salles de bains,git:HEAD:data/raw/maisonlux_maroc_complet.csv
mubawab.ma:content:fe9a7000495425d24c18dc90,mubawab.ma,,Casablanca,Maârif Extension,Casablanca-Settat,,,102.0,4.0,2.0,unknown,unknown,unknown,unknown,770000.0,7549.02,appartement,sale,,unknown,Fri Aug 14 2026 16:31:10 GMT+0100 (UTC+01:00),,valid,,unique,,Appartement en vente à Maârif Extension. 4 belles chambres,770 000 DH,"Maârif Extension, Casablanca",102 m² 4 Pièces 4 Chambres 2 Salles de bains,git:HEAD:data/raw/maisonlux_maroc_complet.csv
mubawab.ma:content:c9641d60283ed480836c392b,mubawab.ma,,Casablanca,Tacharouk (Hay Al Walaa),Casablanca-Settat,,,81.0,2.0,1.0,unknown,unknown,unknown,unknown,610000.0,7530.86,appartement,sale,,unknown,Fri Aug 14 2026 16:31:10 GMT+0100 (UTC+01:00),,valid,,unique,,Très belle appartement a vendre,610 000 DH,"Tacharouk (Hay Al Walaa), Casablanca",81 m² 2 Pièces 2 Chambres 1 Salle de bain,git:HEAD:data/raw/maisonlux_maroc_complet.csv
mubawab.ma:content:f994082664a80fccbbcc31fd,mubawab.ma,,Tanger,Ahlane,Tangier-Tetouan-Al Hoceima,,,450.0,6.0,5.0,unknown,unknown,unknown,unknown,1450000.0,3222.22,appartement,sale,,unknown,Fri Aug 14 2026 16:31:10 GMT+0100 (UTC+01:00),,valid,,unique,,Appartement à vendre à Ahlane. Superficie 450 m². Bien meubl...,1 450 000 DH,"Ahlane, Tanger",450 m² 4 Pièces 6 Chambres 5 Salles de bains,git:HEAD:data/raw/maisonlux_maroc_complet.csv
mubawab.ma:content:6e14b5c81984db6c5868ad0f,mubawab.ma,,Agadir,Taddart Anza,Souss-Massa,,,95.0,3.0,1.0,unknown,unknown,unknown,unknown,600000.0,6315.79,appartement,sale,,unknown,Fri Aug 14 2026 16:31:10 GMT+0100 (UTC+01:00),,valid,,unique,,Appartement gros œuvres taddart anza 95m2,600 000 DH,"Taddart Anza, Agadir",95 m² 4 Pièces 3 Chambres 1 Salle de bain,git:HEAD:data/raw/maisonlux_maroc_complet.csv
mubawab.ma:content:3bc15db6bc5bd66945a40747,mubawab.ma,,Tétouan,El Mdrassi,Tangier-Tetouan-Al Hoceima,,,168.0,2.0,1.0,unknown,unknown,unknown,unknown,950000.0,5654.76,appartement,sale,,unknown,Fri Aug 14 2026 16:31:10 GMT+0100 (UTC+01:00),,valid,,unique,,Appartement Titré place al Hamama Tétouan,950 000 DH,"El Mdrassi, Tétouan",168 m² 2 Pièces 2 Chambres 1 Salle de bain,git:HEAD:data/raw/maisonlux_maroc_complet.csv
mubawab.ma:content:dda3fabda3ce8a9090c79101,mubawab.ma,,El Jadida,Jawhara,Casablanca-Settat,,,68.0,2.0,1.0,furnished,unknown,unknown,unknown,695000.0,10220.59,appartement,sale,,unknown,Fri Aug 14 2026 16:31:10 GMT+0100 (UTC+01:00),,valid,,unique,,Appartement Meublé haut standing,695 000 DH,"Jawhara, El Jadida",68 m² 4 Pièces 2 Chambres 1 Salle de bain,git:HEAD:data/raw/maisonlux_maroc_complet.csv
mubawab.ma:content:510ad2a10b974fbfedb9dbbe,mubawab.ma,,Casablanca,Ain Diab Extension,Casablanca-Settat,,,93.0,3.0,2.0,furnished,unknown,unknown,unknown,2640000.0,28387.1,appartement,sale,,unknown,Fri Aug 14 2026 16:31:10 GMT+0100 (UTC+01:00),,valid,,unique,,Appartement à vendre Ain Diab. 4 chambres. Meublé,2 640 000 DH,"Ain Diab Extension, Casablanca",93 m² 4 Pièces 3 Chambres 2 Salles de bains,git:HEAD:data/raw/maisonlux_maroc_complet.csv
mubawab.ma:content:e57fe41399b867231a9f97ed,mubawab.ma,,Essaouira,Argana,Marrakech-Safi,,,93.0,2.0,2.0,unknown,unknown,unknown,unknown,2000000.0,21505.38,appartement,sale,,unknown,Fri Aug 14 2026 16:31:10 GMT+0100 (UTC+01:00),,valid,,unique,,Appartement 93 m² traversant Toit terrasse vue m,2 000 000 DH,"Argana, Essaouira",93 m² 4 Pièces 2 Chambres 2 Salles de bains,git:HEAD:data/raw/maisonlux_maroc_complet.csv
mubawab.ma:content:0f8eb13f5c8004510386bf85,mubawab.ma,,Marrakech,Route de Safi,Marrakech-Safi,,,122.0,3.0,1.0,unknown,unknown,unknown,unknown,922500.0,7561.48,appartement,sale,,unknown,Fri Aug 14 2026 16:31:10 GMT+0100 (UTC+01:00),,valid,,unique,,"Appartement vide à Najd, Terrasse Jardin collectif, Marrake...",922 500 DH,"Route de Safi, Marrakech",122 m² 4 Pièces 3 Chambres 1 Salle de bain,git:HEAD:data/raw/maisonlux_maroc_complet.csv
mubawab.ma:content:20e1301bb086999f58ad2def,mubawab.ma,,Rabat,L'Ocean,Rabat-Salé-Kenitra,,,154.0,2.0,1.0,unknown,unknown,unknown,unknown,1950000.0,12662.34,appartement,sale,,unknown,Fri Aug 14 2026 16:31:10 GMT+0100 (UTC+01:00),,valid,,unique,,Ocean appartement a vendre,1 950 000 DH,"L'Ocean, Rabat",154 m² 3 Pièces 2 Chambres 1 Salle de bain,git:HEAD:data/raw/maisonlux_maroc_complet.csv
mubawab.ma:content:9e0250fe475eeb7660d01c2b,mubawab.ma,,Agadir,Charaf,Souss-Massa,,,120.0,4.0,2.0,unknown,unknown,unknown,unknown,2300000.0,19166.67,appartement,sale,,unknown,Fri Aug 14 2026 16:31:10 GMT+0100 (UTC+01:00),,valid,,unique,,"3 Niveaux, Idéalement Située",2 300 000 DH,"Charaf, Agadir",120 m² 7 Pièces 4 Chambres 2 Salles de bains,git:HEAD:data/raw/maisonlux_maroc_complet.csv
mubawab.ma:content:950c15354c5f70e769fc5cd9,mubawab.ma,,Casablanca,Sidi Moumen,Casablanca-Settat,,,156.0,3.0,2.0,unknown,unknown,unknown,unknown,1100000.0,7051.28,appartement,sale,,unknown,Fri Aug 14 2026 16:31:10 GMT+0100 (UTC+01:00),,valid,,unique,,"Appartement à vendre 156 m², 3 chambres Sidi Moumen Casablan...",1 100 000 DH,"Sidi Moumen, Casablanca",156 m² 3 Chambres 2 Salles de bains,git:HEAD:data/raw/maisonlux_maroc_complet.csv
mubawab.ma:url:57f41f8b0734d4e96dbf5f48,mubawab.ma,,Casablanca,Aïn Sebaâ,Casablanca-Settat,,,218.0,2.0,2.0,unknown,yes,yes,unknown,830000.0,3807.34,appartement,sale,,unknown,Wed Sep 02 2026 03:08:26 GMT+0100 (UTC+01:00),https://www.mubawab.ma/fr/pa/8286561/appartement-%C3%A0-vendre-%C3%A0-a%C3%AFn-seba%C3%A2-surface-totale-70m%C2%B218m%C2%B2-de-terrasse,valid,,unique,,,,,,data\external\recovery_archive\20260902T224619Z\misplaced_notebook_data\data\raw\maisondelux_raw.csv
mubawab.ma:native:8403081,mubawab.ma,8403081,Casablanca,Hay Sadri,Casablanca-Settat,,,99.0,3.0,1.0,unknown,unknown,unknown,unknown,10590000.0,106969.7,appartement,sale,,unknown,Wed Sep 02 2026 04:34:24 GMT+0100 (UTC+01:00),https://www.mubawab.ma/fr/a/8403081/vend-appartement-%C3%A0-hay-sadri-surface-totale-99-m%C2%B2,valid,,unique,,,,,,data\external\recovery_archive\20260902T224619Z\misplaced_notebook_data\data\raw\maisondelux_raw.csv
mubawab.ma:native:8200232,mubawab.ma,8200232,Marrakech,Guéliz,Marrakech-Safi,,,118.0,2.0,2.0,furnished,unknown,yes,unknown,450000.0,3813.56,appartement,sale,,unknown,Wed Sep 02 2026 21:49:27 GMT+0100 (UTC+01:00),https://www.mubawab.ma/fr/a/8200232/appartement-2-ch-%C3%A0-vendre-gu%C3%A9liz,valid,,unique,,,,,,data\external\recovery_archive\20260902T224619Z\misplaced_notebook_data\data\raw\maisondelux_raw.csv
mubawab.ma:content:7370a10947be7da441316f79,mubawab.ma,,Nador,Selouane,Oriental,,,70.0,2.0,1.0,unknown,unknown,unknown,unknown,575000.0,8214.29,appartement,sale,,unknown,Fri Aug 14 2026 16:31:10 GMT+0100 (UTC+01:00),,valid,,unique,,Appartement a vendre,575 000 DH,"Selouane, Nador",70 m² 3 Pièces 2 Chambres 1 Salle de bain,git:HEAD:data/raw/maisonlux_maroc_complet.csv
mubawab.ma:native:8285414,mubawab.ma,8285414,El Jadida,Narjiss,Casablanca-Settat,,,320.0,2.0,2.0,unknown,unknown,unknown,unknown,2100000.0,6562.5,appartement,sale,,unknown,Tue Sep 01 2026 18:36:49 GMT+0100 (UTC+01:00),https://www.mubawab.ma/fr/a/8285414/immeuble-r2-6-studios,valid,,unique,,"Immeuble R2,6 studios",2100000.0 MAD,Narjiss à El Jadida,,data\external\recovery_archive\20260902T224619Z\dangling_v3_tree_87e06eeb\data\raw\maisonlux_scrapy_v3.csv
mubawab.ma:content:b457abd7fa30ae1703899327,mubawab.ma,,Casablanca,Al Qods,Casablanca-Settat,,,96.0,4.0,1.0,unknown,unknown,unknown,unknown,860000.0,8958.33,appartement,sale,,unknown,Fri Aug 14 2026 16:31:10 GMT+0100 (UTC+01:00),,valid,,unique,,Vente appartement a hay al qods Bernoussi,860 000 DH,"Al Qods, Casablanca",96 m² 5 Pièces 4 Chambres 1 Salle de bain,git:HEAD:data/raw/maisonlux_maroc_complet.csv
mubawab.ma:content:30894186563a427aab8d2680,mubawab.ma,,Casablanca,Sidi Othmane,Casablanca-Settat,,,100.0,3.0,1.0,unknown,unknown,unknown,unknown,760000.0,7600.0,appartement,sale,,unknown,Fri Aug 14 2026 16:31:10 GMT+0100 (UTC+01:00),,valid,,unique,,Appartement à vendre à Sidi Othmane. 3 chambres agréables 1...,760 000 DH,"Sidi Othmane, Casablanca",100 m² 1 Pièce 3 Chambres 1 Salle de bain,git:HEAD:data/raw/maisonlux_maroc_complet.csv
mubawab.ma:content:b36794ef3dbc28c81c66c538,mubawab.ma,,Casablanca,Ain Borja,Casablanca-Settat,,,118.0,4.0,2.0,unknown,unknown,unknown,unknown,860000.0,7288.14,appartement,sale,,unknown,Fri Aug 14 2026 16:31:10 GMT+0100 (UTC+01:00),,valid,,unique,,Blvrd ibn tachfine,860 000 DH,"Ain Borja, Casablanca",118 m² 4 Pièces 4 Chambres 2 Salles de bains,git:HEAD:data/raw/maisonlux_maroc_complet.csv
mubawab.ma:content:ec7fea54495cee04137505c0,mubawab.ma,,Meknès,Meknes,Fez-Meknes,,,246.0,4.0,3.0,unknown,unknown,unknown,unknown,1950000.0,7926.83,appartement,sale,,unknown,Fri Aug 14 2026 16:31:10 GMT+0100 (UTC+01:00),,valid,,unique,,"Appartement à vendre 246 m², 4 chambres El Menzeh Meknès",1 950 000 DH,"Meknes, Meknes",246 m² 4 Chambres 3 Salles de bains,git:HEAD:data/raw/maisonlux_maroc_complet.csv
mubawab.ma:content:5b6a4e7b2315216dd2b3bb3b,mubawab.ma,,Casablanca,Hay Sadri,Casablanca-Settat,,,99.0,4.0,2.0,unknown,unknown,unknown,unknown,600000.0,6060.61,appartement,sale,,unknown,Fri Aug 14 2026 16:31:10 GMT+0100 (UTC+01:00),,valid,,unique,,Vend appartement à Hay Sadri 3 chambres et 1 salon,600 000 DH,"Hay Sadri, Casablanca",99 m² 6 Pièces 4 Chambres 2 Salles de bains,git:HEAD:data/raw/maisonlux_maroc_complet.csv
mubawab.ma:native:8232462,mubawab.ma,8232462,Casablanca,Casablanca Marina,Casablanca-Settat,,,60.0,3.0,1.0,furnished,yes,yes,yes,2500000.0,41666.67,appartement,sale,,unknown,Wed Sep 02 2026 12:40:07 GMT+0100 (UTC+01:00),https://www.mubawab.ma/fr/a/8232462/beau-studio-casablanca-marina,valid,,unique,,,,,,data\external\recovery_archive\20260902T224619Z\misplaced_notebook_data\data\raw\maisondelux_raw.csv
mubawab.ma:native:8293001,mubawab.ma,8293001,Casablanca,Racine,Casablanca-Settat,,,57.0,2.0,1.0,furnished,yes,yes,unknown,1850000.0,32456.14,appartement,sale,,unknown,Wed Sep 02 2026 12:01:58 GMT+0100 (UTC+01:00),https://www.mubawab.ma/fr/a/8293001/studio-%C3%A0-vendre-57-m%C2%B2-racine-casablanca,valid,,unique,,,,,,data\external\recovery_archive\20260902T224619Z\misplaced_notebook_data\data\raw\maisondelux_raw.csv
mubawab.ma:native:8294831,mubawab.ma,8294831,Casablanca,Almaz,Casablanca-Settat,,,116.0,3.0,2.0,unknown,yes,unknown,unknown,16950000.0,146120.69,appartement,sale,,unknown,Wed Sep 02 2026 11:26:35 GMT+0100 (UTC+01:00),https://www.mubawab.ma/fr/a/8294831/appartement-%C3%A0-vendre-116-m%C2%B2-3-chambres-almaz-casablanca,valid,,unique,,,,,,data\external\recovery_archive\20260902T224619Z\misplaced_notebook_data\data\raw\maisondelux_raw.csv
mubawab.ma:content:25ed5d57e2d37ecb09605ead,mubawab.ma,,Casablanca,Gauthier,Casablanca-Settat,,,75.0,2.0,1.0,unknown,unknown,unknown,unknown,2500000.0,33333.33,appartement,sale,,unknown,Fri Aug 14 2026 16:31:10 GMT+0100 (UTC+01:00),,valid,,unique,,Appartement avec Terrasse Gauthier,2 500 000 DH,"Gauthier, Casablanca",75 m² 3 Pièces 2 Chambres 1 Salle de bain,git:HEAD:data/raw/maisonlux_maroc_complet.csv
mubawab.ma:native:8352270,mubawab.ma,8352270,Casablanca,Gauthier,Casablanca-Settat,,,100.0,3.0,2.0,furnished,unknown,unknown,unknown,11400000.0,114000.0,appartement,sale,,unknown,Wed Sep 02 2026 08:59:02 GMT+0100 (UTC+01:00),https://www.mubawab.ma/fr/a/8352270/bel-appartement-a-gauthier,valid,,unique,,,,,,data\external\recovery_archive\20260902T224619Z\misplaced_notebook_data\data\raw\maisondelux_raw.csv
mubawab.ma:content:a58911580d7e82916add8a2e,mubawab.ma,,Casablanca,Ain Borja,Casablanca-Settat,,,114.0,2.0,2.0,unknown,unknown,unknown,unknown,14500000.0,127192.98,appartement,sale,,unknown,Fri Aug 14 2026 16:31:10 GMT+0100 (UTC+01:00),,valid,,unique,,Appartement à vendre ain borja,14 500 000 DH,"Ain Borja, Casablanca",114 m² 4 Pièces 2 Chambres 2 Salles de bains,git:HEAD:data/raw/maisonlux_maroc_complet.csv
mubawab.ma:content:45cd818909b670cb459b7ced,mubawab.ma,,Casablanca,Roches Noires,Casablanca-Settat,,,363.0,1.0,2.0,unknown,unknown,unknown,unknown,1150000.0,3168.04,appartement,sale,,unknown,Fri Aug 14 2026 16:31:10 GMT+0100 (UTC+01:00),,valid,,unique,,"Appartement à Vendre de 363.0 m² à Casablanca, Ibn Tachfine",1 150 000 DH,"Roches Noires, Casablanca",363 m² 3 Pièces 1 Ch. 2 Salles de bains,git:HEAD:data/raw/maisonlux_maroc_complet.csv
mubawab.ma:content:818ce1db6c506d7b87961794,mubawab.ma,,Casablanca,Bernoussi,Casablanca-Settat,,,120.0,2.0,2.0,unknown,unknown,unknown,unknown,520000.0,4333.33,appartement,sale,,unknown,Fri Aug 14 2026 16:31:10 GMT+0100 (UTC+01:00),,valid,,unique,,Appartement à l'achat à Bernoussi. Surface totale 120 m². Te...,520 000 DH,"Bernoussi, Casablanca",120 m² 2 Pièces 2 Chambres 2 Salles de bains,git:HEAD:data/raw/maisonlux_maroc_complet.csv
mubawab.ma:native:8365898,mubawab.ma,8365898,Marrakech,quelques pas de la gare de,Marrakech-Safi,,,100.0,3.0,2.0,unknown,yes,yes,unknown,150000.0,1500.0,appartement,sale,,unknown,Wed Sep 02 2026 17:34:47 GMT+0100 (UTC+01:00),https://www.mubawab.ma/fr/a/8365898/appartement-%C3%A0-gueliz-juste-%C3%A0-c%C3%B4t%C3%A9-de-la-gare,valid,,unique,,,,,,data\external\recovery_archive\20260902T224619Z\misplaced_notebook_data\data\raw\maisondelux_raw.csv
mubawab.ma:native:8379807,mubawab.ma,8379807,Marrakech,Les Portes de Marrakech,Marrakech-Safi,,,82.0,3.0,2.0,unknown,unknown,unknown,unknown,4640000.0,56585.37,appartement,sale,,unknown,Wed Sep 02 2026 22:13:59 GMT+0100 (UTC+01:00),https://www.mubawab.ma/fr/a/8379807/bel-appartement-%C3%A0-vendre-%C3%A0-les-portes-de-marrakech-3-chambres,valid,,unique,,,,,,data\external\recovery_archive\20260902T224619Z\misplaced_notebook_data\data\raw\maisondelux_raw.csv
mubawab.ma:content:03114b42214b0bd3e4aa9e46,mubawab.ma,,Casablanca,Oulfa,Casablanca-Settat,,,200.0,3.0,2.0,unknown,unknown,unknown,unknown,1400000.0,7000.0,appartement,sale,,unknown,Fri Aug 14 2026 16:31:10 GMT+0100 (UTC+01:00),,valid,,unique,,Appartement à l'achat à Oulfa. Surface de 200 m². Double vit...,1 400 000 DH,"Oulfa, Casablanca",200 m² 3 Pièces 3 Chambres 2 Salles de bains,git:HEAD:data/raw/maisonlux_maroc_complet.csv
mubawab.ma:native:8231629,mubawab.ma,8231629,Marrakech,Hivernage,Marrakech-Safi,,,61.0,1.0,1.0,unknown,unknown,yes,unknown,2300000.0,37704.92,appartement,sale,,unknown,Wed Sep 02 2026 17:11:51 GMT+0100 (UTC+01:00),https://www.mubawab.ma/fr/a/8231629/appartement-%C3%A0-vendre-%C3%A0-hivernage-marrakech,valid,,unique,,,,,,data\external\recovery_archive\20260902T224619Z\misplaced_notebook_data\data\raw\maisondelux_raw.csv
mubawab.ma:content:94e5de0cbaeb98ef69fa839d,mubawab.ma,,Casablanca,Racine,Casablanca-Settat,,,56.0,1.0,2.0,unknown,unknown,unknown,unknown,1975000.0,35267.86,appartement,sale,,unknown,Fri Aug 14 2026 16:31:10 GMT+0100 (UTC+01:00),,valid,,unique,,"Appartement à Vendre de 56.0 m² à Casablanca, Racine",1 975 000 DH,"Racine, Casablanca",56 m² 2 Pièces 1 Ch. 2 Salles de bains,git:HEAD:data/raw/maisonlux_maroc_complet.csv
mubawab.ma:native:8376312,mubawab.ma,8376312,Marrakech,Les Portes de Marrakech,Marrakech-Safi,,,72.0,2.0,1.0,furnished,unknown,unknown,unknown,2680000.0,37222.22,appartement,sale,,unknown,Wed Sep 02 2026 22:13:16 GMT+0100 (UTC+01:00),https://www.mubawab.ma/fr/a/8376312/bel-appartement-%C3%A0-vendre-%C3%A0-les-portes-de-marrakech-2-chambres-agr%C3%A9ables-conciergerie-%C3%A0-disposition-syst%C3%A8me-de-climatisation,valid,,unique,,,,,,data\external\recovery_archive\20260902T224619Z\misplaced_notebook_data\data\raw\maisondelux_raw.csv
mubawab.ma:content:6a5f9c4581e74e279dbd00f7,mubawab.ma,,Casablanca,Aïn Sebaâ,Casablanca-Settat,,,250.0,3.0,2.0,unknown,unknown,unknown,unknown,1100000.0,4400.0,appartement,sale,,unknown,Fri Aug 14 2026 16:31:10 GMT+0100 (UTC+01:00),,valid,,unique,,Appartements Neufs haut standing à Ain Sebaa,1 100 000 DH,"Aïn Sebaâ, Casablanca",250 m² 1 Pièce 3 Chambres 2 Salles de bains,git:HEAD:data/raw/maisonlux_maroc_complet.csv
mubawab.ma:content:8419bdb1a697a7ce52c05d67,mubawab.ma,,Casablanca,Maârif Extension,Casablanca-Settat,,,111.0,2.0,3.0,unknown,unknown,unknown,unknown,180000.0,1621.62,appartement,sale,,unknown,Fri Aug 14 2026 16:31:10 GMT+0100 (UTC+01:00),,valid,,unique,,Superbe appartement à vendre à Maârif Extension. 2 belles c...,180 000 DH,"Maârif Extension, Casablanca",111 m² 2 Pièces 2 Chambres 3 Salles de bains,git:HEAD:data/raw/maisonlux_maroc_complet.csv
mubawab.ma:content:ba0e43cc1032246e7ce0d8f1,mubawab.ma,,Casablanca,Casablanca Marina,Casablanca-Settat,,,70.0,1.0,1.0,unknown,unknown,unknown,unknown,2500000.0,35714.29,appartement,sale,,unknown,Fri Aug 14 2026 16:31:10 GMT+0100 (UTC+01:00),,valid,,unique,,"Appartement à Vendre de 70.0 m² à Casablanca, Casablanca Mar...",2 500 000 DH,"Casablanca Marina, Casablanca",70 m² 2 Pièces 1 Ch. 1 Salle de bain,git:HEAD:data/raw/maisonlux_maroc_complet.csv
mubawab.ma:content:4e262069a5eaa56175db829f,mubawab.ma,,Marrakech,Route d'Agadir - Essaouira,Marrakech-Safi,,,118.0,2.0,1.0,unknown,unknown,unknown,unknown,610000.0,5169.49,appartement,sale,,unknown,Fri Aug 14 2026 16:31:10 GMT+0100 (UTC+01:00),,valid,,unique,,Appartement sur cour privé,610 000 DH,"Route d'Agadir - Essaouira, Marrakech",118 m² 3 Pièces 2 Chambres 1 Salle de bain,git:HEAD:data/raw/maisonlux_maroc_complet.csv
mubawab.ma:content:3b197d14ed911eebca06b92e,mubawab.ma,,Fès,Hay Moulay El Kamel,Fez-Meknes,,,231.0,4.0,3.0,unknown,unknown,unknown,unknown,1750000.0,7575.76,appartement,sale,,unknown,Fri Aug 14 2026 16:31:10 GMT+0100 (UTC+01:00),,valid,,unique,,"Appartement à vendre 231 m², 4 chambres Hay Moulay El Kamel...",1 750 000 DH,"Hay Moulay El Kamel, Fès",231 m² 4 Chambres 3 Salles de bains,git:HEAD:data/raw/maisonlux_maroc_complet.csv
mubawab.ma:content:1ea74e3992c39e07eb38f921,mubawab.ma,,Marrakech,Bab Ghmat,Marrakech-Safi,,,100.0,9.0,2.0,unknown,unknown,unknown,unknown,9400000.0,94000.0,appartement,sale,,unknown,Fri Aug 14 2026 16:31:10 GMT+0100 (UTC+01:00),,valid,,unique,,Appartement à vendre à Bab Ghmat. Surface totale 100 m². B...,9 400 000 DH,"Bab Ghmat, Marrakech",100 m² 10 Pièces 9 Chambres 2 Salles de bains,git:HEAD:data/raw/maisonlux_maroc_complet.csv
mubawab.ma:native:8362238,mubawab.ma,8362238,Casablanca,Roches Noires,Casablanca-Settat,,,172.0,4.0,2.0,furnished,unknown,unknown,unknown,1400000.0,8139.53,appartement,sale,,unknown,Wed Sep 02 2026 08:50:00 GMT+0100 (UTC+01:00),https://www.mubawab.ma/fr/a/8362238/appartement-%C3%A0-vendre-de-172-0-m%C2%B2-%C3%A0-casablanca-belvedere-roches-noires,valid,,unique,,,,,,data\external\recovery_archive\20260902T224619Z\misplaced_notebook_data\data\raw\maisondelux_raw.csv
mubawab.ma:native:8064690,mubawab.ma,8064690,Casablanca,Bourgogne Ouest,Casablanca-Settat,,,105.0,2.0,2.0,unknown,yes,yes,unknown,178500.0,1700.0,appartement,sale,,unknown,Wed Sep 02 2026 11:11:04 GMT+0100 (UTC+01:00),https://www.mubawab.ma/fr/a/8064690/bourgogne-ouest-location-appartement-2chambres-terrasse,valid,,unique,,,,,,data\external\recovery_archive\20260902T224619Z\misplaced_notebook_data\data\raw\maisondelux_raw.csv
mubawab.ma:content:630977b4f430317bdc4ffe37,mubawab.ma,,Tanger,De La Plage,Tangier-Tetouan-Al Hoceima,,,55.0,1.0,1.0,unknown,unknown,unknown,unknown,1550000.0,28181.82,appartement,sale,,unknown,Fri Aug 14 2026 16:31:10 GMT+0100 (UTC+01:00),,valid,,unique,,Vend appartement à De La Plage. Superficie 55 m². Bien meubl...,1 550 000 DH,"De La Plage, Tanger",55 m² 2 Pièces 1 Ch. 1 Salle de bain,git:HEAD:data/raw/maisonlux_maroc_complet.csv
mubawab.ma:content:8fda396e116586a8e4611c70,mubawab.ma,,Casablanca,Ain Diab Extension,Casablanca-Settat,,,93.0,2.0,2.0,unknown,unknown,unknown,yes,2500000.0,26881.72,appartement,sale,,unknown,Fri Aug 14 2026 16:31:10 GMT+0100 (UTC+01:00),,valid,,unique,,"Appartement a Vendre, Vue sur Mer, Aindiab",2 500 000 DH,"Ain Diab Extension, Casablanca",93 m² 1 Pièce 2 Chambres 2 Salles de bains,git:HEAD:data/raw/maisonlux_maroc_complet.csv
mubawab.ma:content:1e8184fd065bb4f9119d0730,mubawab.ma,,Casablanca,Casablanca Marina,Casablanca-Settat,,,60.0,1.0,1.0,unknown,unknown,unknown,unknown,2500000.0,41666.67,appartement,sale,,unknown,Fri Aug 14 2026 16:31:10 GMT+0100 (UTC+01:00),,valid,,unique,,Bel Appartement vue sur la mosquée Hassan 2,2 500 000 DH,"Casablanca Marina, Casablanca",60 m² 2 Pièces 1 Ch. 1 Salle de bain,git:HEAD:data/raw/maisonlux_maroc_complet.csv
mubawab.ma:content:df4d4632bd9328f4cc84f839,mubawab.ma,,Casablanca,Almaz,Casablanca-Settat,,,55.0,2.0,1.0,unknown,unknown,unknown,unknown,3500000.0,63636.36,appartement,sale,,unknown,Fri Aug 14 2026 16:31:10 GMT+0100 (UTC+01:00),,valid,,unique,,Appartement a vendre,3 500 000 DH,"Almaz, Casablanca",55 m² 1 Pièce 2 Chambres 1 Salle de bain,git:HEAD:data/raw/maisonlux_maroc_complet.csv
mubawab.ma:native:8287897,mubawab.ma,8287897,Casablanca,Hay Zobir,Casablanca-Settat,,,55.0,2.0,1.0,furnished,unknown,unknown,unknown,2380000.0,43272.73,appartement,sale,,unknown,Wed Sep 02 2026 12:17:16 GMT+0100 (UTC+01:00),https://www.mubawab.ma/fr/a/8287897/superbe-appartement-%C3%A0-vendre-%C3%A0-hay-zobir-2-belles-chambres-meubl%C3%A9,valid,,unique,,,,,,data\external\recovery_archive\20260902T224619Z\misplaced_notebook_data\data\raw\maisondelux_raw.csv
mubawab.ma:native:8389954,mubawab.ma,8389954,Casablanca,Oulfa,Casablanca-Settat,,,58.0,3.0,1.0,unknown,yes,yes,unknown,2650000.0,45689.66,appartement,sale,,unknown,Wed Sep 02 2026 07:05:19 GMT+0100 (UTC+01:00),https://www.mubawab.ma/fr/a/8389954/appartement-%C3%A0-oulfa-r%C3%A9s-jawharate-el-oulfa-moyens,valid,,unique,,,,,,data\external\recovery_archive\20260902T224619Z\misplaced_notebook_data\data\raw\maisondelux_raw.csv
mubawab.ma:url:61bd1333467805040dfbc0e1,mubawab.ma,,Casablanca,Oulfa,Casablanca-Settat,,,188.0,3.0,2.0,unknown,unknown,yes,unknown,1280000.0,6808.51,appartement,sale,,unknown,Wed Sep 02 2026 02:58:30 GMT+0100 (UTC+01:00),https://www.mubawab.ma/fr/pa/8395809/vend-appartement-%C3%A0-oulfa-superficie-188-m%C2%B2,valid,,unique,,,,,,data\external\recovery_archive\20260902T224619Z\misplaced_notebook_data\data\raw\maisondelux_raw.csv
mubawab.ma:content:5a9f8def719f560a5e3ec3bc,mubawab.ma,,Laâyoune,Laäyoune,Casablanca-Settat,,,92.0,4.0,2.0,unknown,unknown,unknown,unknown,580000.0,6304.35,appartement,sale,,unknown,Fri Aug 14 2026 16:31:10 GMT+0100 (UTC+01:00),,valid,,unique,,Bel appartement a vendre titré 92m,580 000 DH,"Laäyoune, Laäyoune",92 m² 7 Pièces 4 Chambres 2 Salles de bains,git:HEAD:data/raw/maisonlux_maroc_complet.csv
mubawab.ma:content:a7469b23b26ba3f4ebd3d4df,mubawab.ma,,Marrakech,Hivernage,Marrakech-Safi,,,60.0,1.0,1.0,unknown,unknown,unknown,unknown,3390000.0,56500.0,appartement,sale,,unknown,Fri Aug 14 2026 16:31:10 GMT+0100 (UTC+01:00),,valid,,unique,,"Pied à terre de Luxe à l'Hivernage, Marrakech",3 390 000 DH,"Hivernage, Marrakech",60 m² 2 Pièces 1 Ch. 1 Salle de bain,git:HEAD:data/raw/maisonlux_maroc_complet.csv
mubawab.ma:native:8391792,mubawab.ma,8391792,Casablanca,Casablanca Finance City,Casablanca-Settat,,,69.0,1.0,1.0,unknown,unknown,yes,unknown,2200000.0,31884.06,appartement,sale,,unknown,Wed Sep 02 2026 07:00:47 GMT+0100 (UTC+01:00),https://www.mubawab.ma/fr/a/8391792/sell-apartment-in-casablanca-finance-city-large-area-69-m%C2%B2,valid,,unique,,,,,,data\external\recovery_archive\20260902T224619Z\misplaced_notebook_data\data\raw\maisondelux_raw.csv
mubawab.ma:native:8208486,mubawab.ma,8208486,Marrakech,Townhouse For Sale,Marrakech-Safi,,,300.0,4.0,2.0,unknown,yes,unknown,unknown,400000.0,1333.33,appartement,sale,,unknown,Wed Sep 02 2026 21:52:42 GMT+0100 (UTC+01:00),https://www.mubawab.ma/fr/a/8208486/unique-semlalia-townhouse-for-sale-marrakech,valid,,unique,,,,,,data\external\recovery_archive\20260902T224619Z\misplaced_notebook_data\data\raw\maisondelux_raw.csv
mubawab.ma:content:ee8265a9e83c159d51969e56,mubawab.ma,,Settat,Hay Kassam,Casablanca-Settat,,,110.0,3.0,2.0,unknown,unknown,unknown,unknown,620000.0,5636.36,appartement,sale,,unknown,Fri Aug 14 2026 16:31:10 GMT+0100 (UTC+01:00),,valid,,unique,,Appartement moderne bien ensoleillé,620 000 DH,"Hay Kassam, Settat",110 m² 5 Pièces 3 Chambres 2 Salles de bains,git:HEAD:data/raw/maisonlux_maroc_complet.csv
mubawab.ma:content:d8044819cb5b53c0d0ece3c4,mubawab.ma,,Mohammedia,Riad 1,Casablanca-Settat,,,129.0,3.0,2.0,unknown,unknown,unknown,unknown,1200000.0,9302.33,appartement,sale,,unknown,Fri Aug 14 2026 16:31:10 GMT+0100 (UTC+01:00),,valid,,unique,,Appartement à vendre Riad Essalam,1 200 000 DH,"Riad 1, Mohammedia",129 m² 2 Pièces 3 Chambres 2 Salles de bains,git:HEAD:data/raw/maisonlux_maroc_complet.csv
mubawab.ma:content:5180a9639147866bbd3213a1,mubawab.ma,,Tanger,Iberie,Tangier-Tetouan-Al Hoceima,,,118.0,3.0,1.0,unknown,unknown,unknown,unknown,850000.0,7203.39,appartement,sale,,unknown,Fri Aug 14 2026 16:31:10 GMT+0100 (UTC+01:00),,valid,,unique,,Appartement à vendre de 118m² à Ain El Hayani,850 000 DH,"Iberie, Tanger",118 m² 4 Pièces 3 Chambres 1 Salle de bain,git:HEAD:data/raw/maisonlux_maroc_complet.csv
mubawab.ma:native:8368629,mubawab.ma,8368629,Casablanca,l'achat à,Casablanca-Settat,,,80.0,2.0,2.0,furnished,yes,yes,unknown,2980000.0,37250.0,appartement,sale,,unknown,Wed Sep 02 2026 08:41:53 GMT+0100 (UTC+01:00),https://www.mubawab.ma/fr/a/8368629/appartement-%C3%A0-l-achat-%C3%A0-bernoussi-3-pi%C3%A8ces-meubl%C3%A9,valid,,unique,,,,,,data\external\recovery_archive\20260902T224619Z\misplaced_notebook_data\data\raw\maisondelux_raw.csv
mubawab.ma:content:6f506c107755c73b624f72f4,mubawab.ma,,Tanger,Tanger City Center,Tangier-Tetouan-Al Hoceima,,,57.0,4.0,,unknown,unknown,unknown,unknown,1450000.0,25438.6,appartement,sale,,unknown,Fri Aug 14 2026 16:31:10 GMT+0100 (UTC+01:00),,valid,,unique,,Superbe appartement à vendre à Tanger City Center. Surface d...,1 450 000 DH,"Tanger City Center, Tanger",57 m² 4 Chambres,git:HEAD:data/raw/maisonlux_maroc_complet.csv
mubawab.ma:content:e1f39f77f9b839c51b28ec96,mubawab.ma,,Salé,Bettana,Rabat-Salé-Kenitra,,,507.0,7.0,4.0,unknown,unknown,unknown,unknown,3600000.0,7100.59,appartement,sale,,unknown,Fri Aug 14 2026 16:31:10 GMT+0100 (UTC+01:00),,valid,,unique,,Affaire investissement locatif sale bettana,3 600 000 DH,"Bettana, Salé",507 m² 3 Pièces 7 Chambres 4 Salles de bains,git:HEAD:data/raw/maisonlux_maroc_complet.csv
mubawab.ma:content:a30dd23f24337ccf2d0f8e1b,mubawab.ma,,Rabat,Hay Nahda,Rabat-Salé-Kenitra,,,91.0,3.0,2.0,unknown,unknown,unknown,unknown,700000.0,7692.31,appartement,sale,,unknown,Fri Aug 14 2026 16:31:10 GMT+0100 (UTC+01:00),,valid,,unique,,Appartement à vendre d une superficie de 91 m² au 4ème étage...,700 000 DH,"Hay Nahda, Rabat",91 m² 2 Pièces 3 Chambres 2 Salles de bains,git:HEAD:data/raw/maisonlux_maroc_complet.csv
mubawab.ma:content:549e27ae8de3d3e6b87fe8b9,mubawab.ma,,Marrakech,Route de Fez,Marrakech-Safi,,,157.0,2.0,2.0,unknown,unknown,unknown,unknown,1700000.0,10828.03,appartement,sale,,unknown,Fri Aug 14 2026 16:31:10 GMT+0100 (UTC+01:00),,valid,,unique,,Appartement 2 chambres Rez de jardin à vendre route de Fès p...,1 700 000 DH,"Route de Fez, Marrakech",157 m² 3 Pièces 2 Chambres 2 Salles de bains,git:HEAD:data/raw/maisonlux_maroc_complet.csv
mubawab.ma:content:1bc90ca7536c30541c48d31f,mubawab.ma,,Témara,Oued Eddahab,Rabat-Salé-Kenitra,,,179.0,3.0,2.0,unknown,unknown,unknown,unknown,1600000.0,8938.55,appartement,sale,,unknown,Fri Aug 14 2026 16:31:10 GMT+0100 (UTC+01:00),,valid,,unique,,Grand appartement familial 179 m² Témara,1 600 000 DH,"Oued Eddahab, Temara",179 m² 5 Pièces 3 Chambres 2 Salles de bains,git:HEAD:data/raw/maisonlux_maroc_complet.csv
mubawab.ma:url:c35dcb432406d447d1adf9b3,mubawab.ma,,Marrakech,est pensée pour ceux qui veulent vivre,Marrakech-Safi,,,57.0,1.0,1.0,unknown,yes,yes,unknown,2962000.0,51964.91,appartement,sale,,unknown,Wed Sep 02 2026 17:03:40 GMT+0100 (UTC+01:00),https://www.mubawab.ma/fr/pa/8257828/florea-gueliz-projet-sur-plan-autoris%C3%A9-livraison-%C3%A9t%C3%A9-2028,valid,,unique,,,,,,data\external\recovery_archive\20260902T224619Z\misplaced_notebook_data\data\raw\maisondelux_raw.csv
mubawab.ma:native:8396338,mubawab.ma,8396338,Casablanca,Beauséjour,Casablanca-Settat,,,103.0,3.0,1.0,furnished,unknown,unknown,unknown,150000.0,1456.31,appartement,sale,,unknown,Wed Sep 02 2026 06:51:14 GMT+0100 (UTC+01:00),https://www.mubawab.ma/fr/a/8396338/appartement-%C3%A0-vendre-de-103-0-m%C2%B2-%C3%A0-casablanca-beausejour,valid,,unique,,,,,,data\external\recovery_archive\20260902T224619Z\misplaced_notebook_data\data\raw\maisondelux_raw.csv
mubawab.ma:content:b98972dc07897ea5c173eb34,mubawab.ma,,Tanger,Castilla,Tangier-Tetouan-Al Hoceima,,,120.0,2.0,2.0,unknown,unknown,unknown,unknown,1100000.0,9166.67,appartement,sale,,unknown,Fri Aug 14 2026 16:31:10 GMT+0100 (UTC+01:00),,valid,,unique,,"Appartement à vendre 120 m², 2 chambres Castilla Tanger",1 100 000 DH,"Castilla, Tanger",120 m² 2 Chambres 2 Salles de bains,git:HEAD:data/raw/maisonlux_maroc_complet.csv
mubawab.ma:native:8288876,mubawab.ma,8288876,Casablanca,Casablanca Marina,Casablanca-Settat,,,210.0,2.0,3.0,furnished,yes,yes,yes,400000.0,1904.76,appartement,sale,,unknown,Wed Sep 02 2026 12:14:55 GMT+0100 (UTC+01:00),https://www.mubawab.ma/fr/a/8288876/appartement-en-bord-de-mer-exceptionnel-casablanca-marina,valid,,unique,,,,,,data\external\recovery_archive\20260902T224619Z\misplaced_notebook_data\data\raw\maisondelux_raw.csv
mubawab.ma:content:93b181af9ec1ca5b7c8549d8,mubawab.ma,,Rabat,Diour Jamaa,Rabat-Salé-Kenitra,,,55.0,2.0,1.0,unknown,unknown,unknown,unknown,380000.0,6909.09,appartement,sale,,unknown,Fri Aug 14 2026 16:31:10 GMT+0100 (UTC+01:00),,valid,,unique,,Appartement a vendre,380 000 DH,"Diour Jamaa, Rabat",55 m² 1 Pièce 2 Chambres 1 Salle de bain,git:HEAD:data/raw/maisonlux_maroc_complet.csv
mubawab.ma:content:b59e0e53704ed1e04b931fd4,mubawab.ma,,El Jadida,Al Kodia,Casablanca-Settat,,,155.0,2.0,2.0,unknown,unknown,unknown,unknown,1250000.0,8064.52,appartement,sale,,unknown,Fri Aug 14 2026 16:31:10 GMT+0100 (UTC+01:00),,valid,,unique,,Appartement avec 3 façades proche de tout,1 250 000 DH,"Al Kodia, El Jadida",155 m² 6 Pièces 2 Chambres 2 Salles de bains,git:HEAD:data/raw/maisonlux_maroc_complet.csv
mubawab.ma:content:82c97bb52e91ebf684682ee9,mubawab.ma,,Salé,Bab Al Bahr,Rabat-Salé-Kenitra,,,111.0,3.0,2.0,unknown,unknown,unknown,unknown,6000000.0,54054.05,appartement,sale,,unknown,Fri Aug 14 2026 16:31:10 GMT+0100 (UTC+01:00),,valid,,unique,,"Baie de la Mer, Résidence Privée de l'Hôtel Fairmont Sla",6 000 000 DH,"Bab Al Bahr, Salé",111 m² 3 Pièces 3 Chambres 2 Salles de bains,git:HEAD:data/raw/maisonlux_maroc_complet.csv
mubawab.ma:native:8383535,mubawab.ma,8383535,Casablanca,Sidi El Khadir,Casablanca-Settat,,,209.0,3.0,2.0,unknown,unknown,yes,unknown,1100000.0,5263.16,appartement,sale,,unknown,Wed Sep 02 2026 07:18:14 GMT+0100 (UTC+01:00),https://www.mubawab.ma/fr/a/8383535/appartement-%C3%A0-vendre-de-209-0-m%C2%B2-%C3%A0-casablanca-sidi-el-khadir,valid,,unique,,,,,,data\external\recovery_archive\20260902T224619Z\misplaced_notebook_data\data\raw\maisondelux_raw.csv
mubawab.ma:native:8346748,mubawab.ma,8346748,Casablanca,Casablanca Marina,Casablanca-Settat,,,70.0,1.0,1.0,furnished,yes,unknown,unknown,2500000.0,35714.29,appartement,sale,,unknown,Wed Sep 02 2026 11:07:24 GMT+0100 (UTC+01:00),https://www.mubawab.ma/fr/a/8346748/appartement-%C3%A0-vendre-de-70-0-m%C2%B2-%C3%A0-casablanca-casablanca-marina,valid,,unique,,,,,,data\external\recovery_archive\20260902T224619Z\misplaced_notebook_data\data\raw\maisondelux_raw.csv
mubawab.ma:content:eb1e7649b3ac86b8e6aad264,mubawab.ma,,Meknès,Meknes,Fez-Meknes,,,350.0,4.0,2.0,unknown,unknown,unknown,unknown,2800000.0,8000.0,appartement,sale,,unknown,Fri Aug 14 2026 16:31:10 GMT+0100 (UTC+01:00),,valid,,unique,,"Appartement à vendre 350 m², 4 chambres Résidence Reda Meknè...",2 800 000 DH,"Meknes, Meknes",350 m² 4 Chambres 2 Salles de bains,git:HEAD:data/raw/maisonlux_maroc_complet.csv
mubawab.ma:url:53b4cfd6afdd58ef2e734928,mubawab.ma,,Marrakech,Hivernage,Marrakech-Safi,,,40.0,1.0,1.0,unknown,unknown,unknown,unknown,2960000.0,74000.0,appartement,sale,,unknown,Wed Sep 02 2026 17:27:12 GMT+0100 (UTC+01:00),https://www.mubawab.ma/fr/pa/8228518/appartement-%C3%A0-l-achat-%C3%A0-hivernage-superficie-40-m%C2%B2-piscine-et-service-de-conciergerie,valid,,unique,,,,,,data\external\recovery_archive\20260902T224619Z\misplaced_notebook_data\data\raw\maisondelux_raw.csv
mubawab.ma:native:8316677,mubawab.ma,8316677,Casablanca,Gauthier,Casablanca-Settat,,,64.0,2.0,1.0,furnished,yes,yes,unknown,1950000.0,30468.75,appartement,sale,,unknown,Wed Sep 02 2026 07:27:12 GMT+0100 (UTC+01:00),https://www.mubawab.ma/fr/a/8316677/appartement-meubl%C3%A9-moderne-%C3%A0-vendre-sur-gauthier,valid,,unique,,,,,,data\external\recovery_archive\20260902T224619Z\misplaced_notebook_data\data\raw\maisondelux_raw.csv
mubawab.ma:native:8258597,mubawab.ma,8258597,Casablanca,Oulfa,Casablanca-Settat,,,60.0,2.0,1.0,unknown,unknown,unknown,unknown,2290000.0,38166.67,appartement,sale,,unknown,Wed Sep 02 2026 13:47:38 GMT+0100 (UTC+01:00),https://www.mubawab.ma/fr/a/8258597/bel-appartement-%C3%A0-vendre-%C3%A0-oulfa-1-pi%C3%A8ce,valid,,unique,,,,,,data\external\recovery_archive\20260902T224619Z\misplaced_notebook_data\data\raw\maisondelux_raw.csv
mubawab.ma:content:78e4ec140efefeb9d7836fbb,mubawab.ma,,Marrakech,Daoudiat,Marrakech-Safi,,,133.0,2.0,1.0,unknown,unknown,unknown,unknown,850000.0,6390.98,appartement,sale,,unknown,Fri Aug 14 2026 16:31:10 GMT+0100 (UTC+01:00),,valid,,unique,,Appart 67m² avec terrasse 70m² à Noujoum Daoudiate,850 000 DH,"Daoudiat, Marrakech",133 m² 3 Pièces 2 Chambres 1 Salle de bain,git:HEAD:data/raw/maisonlux_maroc_complet.csv
mubawab.ma:native:8342213,mubawab.ma,8342213,Casablanca,Gauthier,Casablanca-Settat,,,75.0,2.0,1.0,unknown,yes,yes,unknown,2500000.0,33333.33,appartement,sale,,unknown,Wed Sep 02 2026 11:11:50 GMT+0100 (UTC+01:00),https://www.mubawab.ma/fr/a/8342213/appartement-avec-terrasse-gauthier,valid,,unique,,,,,,data\external\recovery_archive\20260902T224619Z\misplaced_notebook_data\data\raw\maisondelux_raw.csv
mubawab.ma:native:8374278,mubawab.ma,8374278,Marrakech,le quartier Mhamid de,Marrakech-Safi,,,80.0,3.0,2.0,furnished,unknown,unknown,unknown,6840000.0,85500.0,appartement,sale,,unknown,Wed Sep 02 2026 17:33:08 GMT+0100 (UTC+01:00),https://www.mubawab.ma/fr/a/8374278/bel-appartement-%C3%A0-vendre-%C3%A0-mhamid-4-grandes-pi%C3%A8ces-porte-blind%C3%A9e-s%C3%A9curit%C3%A9,valid,,unique,,,,,,data\external\recovery_archive\20260902T224619Z\misplaced_notebook_data\data\raw\maisondelux_raw.csv
mubawab.ma:content:b19fc9112a0431b1e60fcea3,mubawab.ma,,Casablanca,Casablanca Finance City,Casablanca-Settat,,,66.0,1.0,1.0,unknown,unknown,unknown,unknown,2200000.0,33333.33,appartement,sale,,unknown,Fri Aug 14 2026 16:31:10 GMT+0100 (UTC+01:00),,valid,,unique,,Superbe appartement à vendre à Casablanca Finance City. 1 ch...,2 200 000 DH,"Casablanca Finance City, Casablanca",66 m² 1 Pièce 1 Ch. 1 Salle de bain,git:HEAD:data/raw/maisonlux_maroc_complet.csv
mubawab.ma:content:71e3468c728764103b647665,mubawab.ma,,Salé,Sidi Abdellah,Rabat-Salé-Kenitra,,,66.0,2.0,2.0,unknown,unknown,unknown,unknown,3200000.0,48484.85,appartement,sale,,unknown,Fri Aug 14 2026 16:31:10 GMT+0100 (UTC+01:00),,valid,,unique,,Appartement à vendre à salé Alaayayda rue Alhazem 2 belles c...,3 200 000 DH,"Sidi Abdellah, Salé",66 m² 3 Pièces 2 Chambres 2 Salles de bains,git:HEAD:data/raw/maisonlux_maroc_complet.csv
mubawab.ma:content:18c68b8adfff2e7f97b4a6b3,mubawab.ma,,Tétouan,Mdiq,Tangier-Tetouan-Al Hoceima,,,120.0,2.0,2.0,unknown,unknown,unknown,unknown,5500000.0,45833.33,appartement,sale,,unknown,Fri Aug 14 2026 16:31:10 GMT+0100 (UTC+01:00),,valid,,unique,,Appartement à vendre 120 m² à Marina Smir Tétouan,5 500 000 DH,"Mdiq, Tétouan",120 m² 6 Pièces 2 Chambres 2 Salles de bains,git:HEAD:data/raw/maisonlux_maroc_complet.csv
mubawab.ma:content:e7141f6a89865c502a7f4588,mubawab.ma,,Casablanca,Les princesses,Casablanca-Settat,,,67.0,2.0,2.0,unknown,unknown,unknown,unknown,1850000.0,27611.94,appartement,sale,,unknown,Fri Aug 14 2026 16:31:10 GMT+0100 (UTC+01:00),,valid,,unique,,Appartement de 67 m² à Casablanca,1 850 000 DH,"Les princesses, Casablanca",67 m² 5 Pièces 2 Chambres 2 Salles de bains,git:HEAD:data/raw/maisonlux_maroc_complet.csv
mubawab.ma:content:7c76d7346ce40db984a3a053,mubawab.ma,,Mohammedia,Hassania 2,Casablanca-Settat,,,164.0,3.0,2.0,unknown,unknown,unknown,unknown,2050000.0,12500.0,appartement,sale,,unknown,Fri Aug 14 2026 16:31:10 GMT+0100 (UTC+01:00),,valid,,unique,,"Appartement à vendre 164 m², 3 chambres Hassan 2 Mohammedia",2 050 000 DH,"Hassania 2, Mohammedia",164 m² 3 Chambres 2 Salles de bains,git:HEAD:data/raw/maisonlux_maroc_complet.csv
mubawab.ma:content:e73b99dfa1184ceea3876c68,mubawab.ma,,Meknès,Meknes,Fez-Meknes,,,108.0,2.0,2.0,unknown,unknown,unknown,unknown,1250000.0,11574.07,appartement,sale,,unknown,Fri Aug 14 2026 16:31:10 GMT+0100 (UTC+01:00),,valid,,unique,,"Appartement à vendre 108 m², 2 chambres Essaadiyine Meknès",1 250 000 DH,"Meknes, Meknes",108 m² 2 Chambres 2 Salles de bains,git:HEAD:data/raw/maisonlux_maroc_complet.csv
mubawab.ma:native:8339791,mubawab.ma,8339791,Casablanca,Bernoussi,Casablanca-Settat,,,62.0,3.0,1.0,unknown,unknown,unknown,unknown,3400000.0,54838.71,appartement,sale,,unknown,Wed Sep 02 2026 11:13:37 GMT+0100 (UTC+01:00),https://www.mubawab.ma/fr/a/8339791/bel-appartement-%C3%A0-vendre-%C3%A0-bernoussi-surface-de-62-m%C2%B2,valid,,unique,,,,,,data\external\recovery_archive\20260902T224619Z\misplaced_notebook_data\data\raw\maisondelux_raw.csv
mubawab.ma:content:332e7107c11d6f9253b2a356,mubawab.ma,,Meknès,Hay salam,Fez-Meknes,,,100.0,4.0,3.0,unknown,unknown,unknown,unknown,1900000.0,19000.0,appartement,sale,,unknown,Fri Aug 14 2026 16:31:10 GMT+0100 (UTC+01:00),,valid,,unique,,Appartement à vendre à Hay Rahma. 4 chambres. Porte blindée,1 900 000 DH,"Hay salam, Meknes",100 m² 6 Pièces 4 Chambres 3 Salles de bains,git:HEAD:data/raw/maisonlux_maroc_complet.csv
mubawab.ma:content:f5cbf70c32776550861cd7b2,mubawab.ma,,Mohammedia,La Siesta,Casablanca-Settat,,,62.0,2.0,1.0,unknown,unknown,unknown,unknown,960000.0,15483.87,appartement,sale,,unknown,Fri Aug 14 2026 16:31:10 GMT+0100 (UTC+01:00),,valid,,unique,,Superbe appartement à vendre à La Siesta. Superficie 62 m²...,960 000 DH,"La Siesta, Mohammedia",62 m² 1 Pièce 2 Chambres 1 Salle de bain,git:HEAD:data/raw/maisonlux_maroc_complet.csv
mubawab.ma:content:d443cebe9b6c3ee8656fcee7,mubawab.ma,,Salé,Bab Al Bahr,Rabat-Salé-Kenitra,,,152.0,2.0,3.0,unknown,unknown,unknown,unknown,3650000.0,24013.16,appartement,sale,,unknown,Fri Aug 14 2026 16:31:10 GMT+0100 (UTC+01:00),,valid,,unique,,"Appartement à Vendre de 152.0 m² à Salé, Bab Al Bahr",3 650 000 DH,"Bab Al Bahr, Salé",152 m² 4 Pièces 2 Chambres 3 Salles de bains,git:HEAD:data/raw/maisonlux_maroc_complet.csv
mubawab.ma:content:8e3bf0b97a878699632fd111,mubawab.ma,,Oujda,Bd Hassan II,Oriental,,,86.0,3.0,2.0,unknown,unknown,unknown,unknown,900000.0,10465.12,appartement,sale,,unknown,Fri Aug 14 2026 16:31:10 GMT+0100 (UTC+01:00),,valid,,unique,,Vente appartement perle de oujda,900 000 DH,"Bd Hassan II, Oujda",86 m² 5 Pièces 3 Chambres 2 Salles de bains,git:HEAD:data/raw/maisonlux_maroc_complet.csv
mubawab.ma:native:7919562,mubawab.ma,7919562,Ifrane,prairie à,Fez-Meknes,,,73.0,1.0,1.0,unknown,yes,unknown,unknown,639000.0,8753.42,appartement,sale,,unknown,Wed Sep 02 2026 15:40:23 GMT+0100 (UTC+01:00),https://www.mubawab.ma/fr/a/7919562/vente-appartement-f2-grenier-ifrane-r%C3%A9sidence-avec-piscine-chemin%C3%A9e-639-000-mad,valid,,unique,,,,,,data\external\recovery_archive\20260902T224619Z\misplaced_notebook_data\data\raw\maisondelux_raw.csv
mubawab.ma:content:ec6804ce13e240c112f61912,mubawab.ma,,Fès,Route de Meknes,Fez-Meknes,,,280.0,1.0,2.0,unknown,unknown,unknown,unknown,34000000.0,121428.57,appartement,sale,,unknown,Fri Aug 14 2026 16:31:10 GMT+0100 (UTC+01:00),,valid,,unique,,Ma ville Fès dans le quartier Wadi Fès,34 000 000 DH,"Route de Meknes, Fès",280 m² 1 Pièce 1 Ch. 2 Salles de bains,git:HEAD:data/raw/maisonlux_maroc_complet.csv
mubawab.ma:native:8160962,mubawab.ma,8160962,Casablanca,Hay Sadri,Casablanca-Settat,,,150.0,2.0,1.0,unknown,unknown,yes,unknown,440000.0,2933.33,appartement,sale,,unknown,Wed Sep 02 2026 12:07:13 GMT+0100 (UTC+01:00),https://www.mubawab.ma/fr/a/8160962/appartement-%C3%A0-vendre-%C3%A0-hay-sadri-surface-totale-150-m%C2%B2-porte-blind%C3%A9e-salon-marocain-traditionnel,valid,,unique,,,,,,data\external\recovery_archive\20260902T224619Z\misplaced_notebook_data\data\raw\maisondelux_raw.csv
mubawab.ma:content:56239634ef3a6e1cc15e06fb,mubawab.ma,,Fès,Hay Moulay El Kamel,Fez-Meknes,,,106.0,2.0,2.0,unknown,unknown,unknown,unknown,900000.0,8490.57,appartement,sale,,unknown,Fri Aug 14 2026 16:31:10 GMT+0100 (UTC+01:00),,valid,,unique,,Bel appartement à vendre à Hay Moulay El Kamel champs de cou...,900 000 DH,"Hay Moulay El Kamel, Fès",106 m² 3 Pièces 2 Chambres 2 Salles de bains,git:HEAD:data/raw/maisonlux_maroc_complet.csv
mubawab.ma:native:8382806,mubawab.ma,8382806,El Jadida,Sidi Moussa,Casablanca-Settat,,,71.0,2.0,1.0,furnished,yes,unknown,yes,1700000.0,23943.66,appartement,sale,,unknown,Wed Sep 02 2026 15:24:19 GMT+0100 (UTC+01:00),https://www.mubawab.ma/fr/a/8382806/superbe-appartement-%C3%A0-vendre-%C3%A0-sidi-moussa-1-pi%C3%A8ce-ascenseur-et-places-de-parking,valid,,unique,,,,,,data\external\recovery_archive\20260902T224619Z\misplaced_notebook_data\data\raw\maisondelux_raw.csv
mubawab.ma:native:8269097,mubawab.ma,8269097,Casablanca,2 Mars,Casablanca-Settat,,,159.0,3.0,2.0,furnished,yes,unknown,unknown,713000.0,4484.28,appartement,sale,,unknown,Wed Sep 02 2026 13:41:21 GMT+0100 (UTC+01:00),https://www.mubawab.ma/fr/a/8269097/appartement-%C3%A0-vendre-%C3%A0-2-mars,valid,,unique,,,,,,data\external\recovery_archive\20260902T224619Z\misplaced_notebook_data\data\raw\maisondelux_raw.csv
mubawab.ma:content:0e57e5c2916dab2ba29cbbfd,mubawab.ma,,Fès,Narjis,Fez-Meknes,,,122.0,3.0,2.0,unknown,unknown,unknown,unknown,2100000.0,17213.11,appartement,sale,,unknown,Fri Aug 14 2026 16:31:10 GMT+0100 (UTC+01:00),,valid,,unique,,Immeuble R2 à vendre à Narjis Fès,2 100 000 DH,"Narjis, Fès",122 m² 4 Pièces 3 Chambres 2 Salles de bains,git:HEAD:data/raw/maisonlux_maroc_complet.csv
mubawab.ma:native:8383400,mubawab.ma,8383400,Bouskoura,la CGI,Casablanca-Settat,,,92.0,2.0,2.0,unknown,yes,yes,unknown,1850000.0,20108.7,appartement,sale,,unknown,Wed Sep 02 2026 01:13:00 GMT+0100 (UTC+01:00),https://www.mubawab.ma/fr/a/8383400/appartement-2ch-en-vente-a-la-cgi-bouskoura,valid,,unique,,,,,,data\external\recovery_archive\20260902T224619Z\misplaced_notebook_data\data\raw\maisondelux_raw.csv
mubawab.ma:native:8376112,mubawab.ma,8376112,Casablanca,Ain Diab,Casablanca-Settat,,,93.0,4.0,2.0,furnished,yes,yes,unknown,2640000.0,28387.1,appartement,sale,,unknown,Wed Sep 02 2026 07:31:25 GMT+0100 (UTC+01:00),https://www.mubawab.ma/fr/a/8376112/appartement-%C3%A0-vendre-ain-diab-4-chambres-meubl%C3%A9,valid,,unique,,,,,,data\external\recovery_archive\20260902T224619Z\misplaced_notebook_data\data\raw\maisondelux_raw.csv
mubawab.ma:content:34a9284e08cfdf85885143e2,mubawab.ma,,Casablanca,Casablanca Finance City,Casablanca-Settat,,,93.0,2.0,2.0,unknown,unknown,unknown,unknown,2500000.0,26881.72,appartement,sale,,unknown,Fri Aug 14 2026 16:31:10 GMT+0100 (UTC+01:00),,valid,,unique,,Appartement,2 500 000 DH,"Casablanca Finance City, Casablanca",93 m² 2 Pièces 2 Chambres 2 Salles de bains,git:HEAD:data/raw/maisonlux_maroc_complet.csv
mubawab.ma:content:5f4121a1cbf0392c49649c4f,mubawab.ma,,Casablanca,Salmia 2,Casablanca-Settat,,,136.0,5.0,2.0,unknown,unknown,unknown,unknown,789000.0,5801.47,appartement,sale,,unknown,Fri Aug 14 2026 16:31:10 GMT+0100 (UTC+01:00),,valid,,unique,,"Appartement 136 m² à vendre – Salmia 2, Casablanca",789 000 DH,"Salmia 2, Casablanca",136 m² 1 Pièce 5 Chambres 2 Salles de bains,git:HEAD:data/raw/maisonlux_maroc_complet.csv
mubawab.ma:content:c25f59d1e377e469920c42ca,mubawab.ma,,Marrakech,Mhamid,Marrakech-Safi,,,118.0,2.0,2.0,unknown,unknown,unknown,unknown,800000.0,6779.66,appartement,sale,,unknown,Fri Aug 14 2026 16:31:10 GMT+0100 (UTC+01:00),,valid,,unique,,Vente Appartement à m'hamid,800 000 DH,"Mhamid, Marrakech",118 m² 1 Pièce 2 Chambres 2 Salles de bains,git:HEAD:data/raw/maisonlux_maroc_complet.csv
mubawab.ma:native:8398416,mubawab.ma,8398416,Agadir,la résidence al Houda à,Souss-Massa,,,66.0,2.0,1.0,furnished,yes,unknown,unknown,3750000.0,56818.18,appartement,sale,,unknown,Wed Sep 02 2026 00:46:15 GMT+0100 (UTC+01:00),https://www.mubawab.ma/fr/a/8398416/bel-appartement-%C3%A0-vendre-%C3%A0-hay-houda-3-grandes-pi%C3%A8ces-salon-marocain-traditionnel,valid,,unique,,,,,,data\external\recovery_archive\20260902T224619Z\misplaced_notebook_data\data\raw\maisondelux_raw.csv
mubawab.ma:native:8249083,mubawab.ma,8249083,Casablanca,Aïn Sebaâ,Casablanca-Settat,,,250.0,3.0,2.0,furnished,yes,yes,unknown,1100000.0,4400.0,appartement,sale,,unknown,Wed Sep 02 2026 11:23:14 GMT+0100 (UTC+01:00),https://www.mubawab.ma/fr/a/8249083/appartements-neufs-haut-standing-%C3%A0-ain-sebaa,valid,,unique,,,,,,data\external\recovery_archive\20260902T224619Z\misplaced_notebook_data\data\raw\maisondelux_raw.csv
mubawab.ma:content:c6022747abc0438737222c84,mubawab.ma,,Tanger,Casabarata,Tangier-Tetouan-Al Hoceima,,,134.0,4.0,2.0,furnished,unknown,unknown,unknown,1000000.0,7462.69,appartement,sale,,unknown,Fri Aug 14 2026 16:31:10 GMT+0100 (UTC+01:00),,valid,,unique,,"À vendre – Appartement meublé à Casabarata, Tanger",1 000 000 DH,"Casabarata, Tanger",134 m² 5 Pièces 4 Chambres 2 Salles de bains,git:HEAD:data/raw/maisonlux_maroc_complet.csv
mubawab.ma:content:ed582b827147f9daee5df533,mubawab.ma,,Marrakech,Route de Ouarzazate,Marrakech-Safi,,,94.0,2.0,1.0,unknown,unknown,unknown,unknown,500000.0,5319.15,appartement,sale,,unknown,Fri Aug 14 2026 16:31:10 GMT+0100 (UTC+01:00),,valid,,unique,,Appartement à l'achat à Route de Ouarzazate. 2 belles chamb...,500 000 DH,"Route de Ouarzazate, Marrakech",94 m² 2 Pièces 2 Chambres 1 Salle de bain,git:HEAD:data/raw/maisonlux_maroc_complet.csv
mubawab.ma:url:1744af06d06e8f524a660d99,mubawab.ma,,Casablanca,Oasis,Casablanca-Settat,,,43.0,2.0,1.0,unknown,yes,yes,unknown,2941700.0,68411.63,appartement,sale,,unknown,Wed Sep 02 2026 02:43:58 GMT+0100 (UTC+01:00),https://www.mubawab.ma/fr/pa/8234647/appartement-en-vente-%C3%A0-oasis-3-pi%C3%A8ces-ascenseur-et-garage,valid,,unique,,,,,,data\external\recovery_archive\20260902T224619Z\misplaced_notebook_data\data\raw\maisondelux_raw.csv
mubawab.ma:content:f709ea580c92e10ea21186cc,mubawab.ma,,Agadir,Port,Souss-Massa,,,80.0,2.0,1.0,unknown,unknown,unknown,unknown,2350000.0,29375.0,appartement,sale,,unknown,Fri Aug 14 2026 16:31:10 GMT+0100 (UTC+01:00),,valid,,unique,,À VENDRE: Perle de l’Atlantique à Taghazout Bay,2 350 000 DH,"Port, Agadir",80 m² 3 Pièces 2 Chambres 1 Salle de bain,git:HEAD:data/raw/maisonlux_maroc_complet.csv
mubawab.ma:native:8367876,mubawab.ma,8367876,Tanger,Mozart,Tangier-Tetouan-Al Hoceima,,,120.0,2.0,2.0,furnished,unknown,yes,unknown,400000.0,3333.33,appartement,sale,,unknown,Tue Sep 01 2026 23:28:35 GMT+0100 (UTC+01:00),https://www.mubawab.ma/fr/a/8367876/appartement-%C3%A0-vendre-%C3%A0-place-mozart,valid,,unique,,,,,,data\external\recovery_archive\20260902T224619Z\misplaced_notebook_data\data\raw\maisondelux_raw.csv
mubawab.ma:content:1ae83c9a266955a2e340ef3a,mubawab.ma,,Tétouan,Bled,Tangier-Tetouan-Al Hoceima,,,200.0,9.0,2.0,unknown,unknown,unknown,unknown,1150000.0,5750.0,appartement,sale,,unknown,Fri Aug 14 2026 16:31:10 GMT+0100 (UTC+01:00),,valid,,unique,,Appartement de 200 mètres au centre de la ville,1 150 000 DH,"Bled, Tétouan",200 m² 7 Pièces 9 Chambres 2 Salles de bains,git:HEAD:data/raw/maisonlux_maroc_complet.csv
mubawab.ma:native:8353534,mubawab.ma,8353534,Casablanca,Triangle d'Or,Casablanca-Settat,,,193.0,4.0,3.0,unknown,yes,yes,unknown,340000.0,1761.66,appartement,sale,,unknown,Wed Sep 02 2026 04:36:41 GMT+0100 (UTC+01:00),https://www.mubawab.ma/fr/a/8353534/triangle-d%E2%80%99or-%E2%80%93-appartement-r%C3%A9nov%C3%A9-%C3%A0-la-vente,valid,,unique,,,,,,data\external\recovery_archive\20260902T224619Z\misplaced_notebook_data\data\raw\maisondelux_raw.csv
mubawab.ma:native:8256254,mubawab.ma,8256254,Casablanca,Zone Industrielle Moulay Rachid,Casablanca-Settat,,,55.0,2.0,1.0,unknown,unknown,yes,unknown,3390000.0,61636.36,appartement,sale,,unknown,Wed Sep 02 2026 13:49:19 GMT+0100 (UTC+01:00),https://www.mubawab.ma/fr/a/8256254/vend-appartement-%C3%A0-zone-industrielle-moulay-rachid-surface-de-55-m%C2%B2-grand-balcon,valid,,unique,,,,,,data\external\recovery_archive\20260902T224619Z\misplaced_notebook_data\data\raw\maisondelux_raw.csv
mubawab.ma:content:f7e135160bd3dfa0abe2656d,mubawab.ma,,Kénitra,La Ville Haute,Rabat-Salé-Kenitra,,,158.0,2.0,2.0,unknown,unknown,unknown,unknown,930000.0,5886.08,appartement,sale,,unknown,Fri Aug 14 2026 16:31:10 GMT+0100 (UTC+01:00),,valid,,unique,,Appartement à l'achat à La Ville Haute. Superficie 158 m². P...,930 000 DH,"La Ville Haute, Kénitra",158 m² 2 Pièces 2 Chambres 2 Salles de bains,git:HEAD:data/raw/maisonlux_maroc_complet.csv
mubawab.ma:native:8399341,mubawab.ma,8399341,Agadir,laver Hay Houda à,Souss-Massa,,,155.0,3.0,2.0,furnished,yes,yes,unknown,1413500.0,9119.35,appartement,sale,,unknown,Wed Sep 02 2026 00:46:30 GMT+0100 (UTC+01:00),https://www.mubawab.ma/fr/a/8399341/appartement-en-vente-%C3%A0-hay-houda-4-pi%C3%A8ces-bien-meubl%C3%A9,valid,,unique,,,,,,data\external\recovery_archive\20260902T224619Z\misplaced_notebook_data\data\raw\maisondelux_raw.csv
mubawab.ma:native:8302943,mubawab.ma,8302943,Marrakech,l’Hivernage,Marrakech-Safi,,,120.0,2.0,2.0,furnished,yes,yes,yes,500000.0,4166.67,appartement,sale,,unknown,Wed Sep 02 2026 17:36:43 GMT+0100 (UTC+01:00),https://www.mubawab.ma/fr/a/8302943/superbe-appartement-moderne-%C3%A0-vendre-%C3%A0-l-hivernage,valid,,unique,,,,,,data\external\recovery_archive\20260902T224619Z\misplaced_notebook_data\data\raw\maisondelux_raw.csv
mubawab.ma:native:8403443,mubawab.ma,8403443,Fnidek,le quartier de,Tangier-Tetouan-Al Hoceima,,,116.0,3.0,2.0,furnished,yes,yes,yes,3100000.0,26724.14,appartement,sale,,unknown,Wed Sep 02 2026 15:40:03 GMT+0100 (UTC+01:00),https://www.mubawab.ma/fr/a/8403443/vend-luxe-appartement-%C3%A0-fnideq-5-pi%C3%A8ces-confortables-vue-sur-mer-double-vitrage,valid,,unique,,,,,,data\external\recovery_archive\20260902T224619Z\misplaced_notebook_data\data\raw\maisondelux_raw.csv
mubawab.ma:content:7251edb78429c5f8528b7ca5,mubawab.ma,,Rabat,Guich Oudaya,Rabat-Salé-Kenitra,,,150.0,3.0,2.0,unknown,unknown,unknown,unknown,1480000.0,9866.67,appartement,sale,,unknown,Fri Aug 14 2026 16:31:10 GMT+0100 (UTC+01:00),,valid,,unique,,Vente d'un bel appartement à Guich Oudaya. 3 pièces confort...,1 480 000 DH,"Guich Oudaya, Rabat",150 m² 3 Pièces 3 Chambres 2 Salles de bains,git:HEAD:data/raw/maisonlux_maroc_complet.csv
mubawab.ma:native:8288863,mubawab.ma,8288863,Casablanca,Salmia 2,Casablanca-Settat,,,136.0,5.0,2.0,furnished,unknown,unknown,unknown,789000.0,5801.47,appartement,sale,,unknown,Wed Sep 02 2026 12:14:51 GMT+0100 (UTC+01:00),https://www.mubawab.ma/fr/a/8288863/appartement-136-m%C2%B2-%C3%A0-vendre-%E2%80%93-salmia-2-casablanca,valid,,unique,,,,,,data\external\recovery_archive\20260902T224619Z\misplaced_notebook_data\data\raw\maisondelux_raw.csv
mubawab.ma:content:07025db877f598e119c5bd02,mubawab.ma,,Casablanca,Foncière,Casablanca-Settat,,,200.0,1.0,1.0,unknown,unknown,unknown,unknown,200000.0,1000.0,appartement,sale,,unknown,Fri Aug 14 2026 16:31:10 GMT+0100 (UTC+01:00),,valid,,unique,,Vente d'un bel appartement à Foncière. Surface de 200 m²,200 000 DH,"Foncière, Casablanca",200 m² 1 Pièce 1 Ch. 1 Salle de bain,git:HEAD:data/raw/maisonlux_maroc_complet.csv
mubawab.ma:native:8363666,mubawab.ma,8363666,Chefchaouen,laver,Tangier-Tetouan-Al Hoceima,,,100.0,3.0,3.0,furnished,unknown,yes,unknown,7780000.0,77800.0,appartement,sale,,unknown,Wed Sep 02 2026 13:53:56 GMT+0100 (UTC+01:00),https://www.mubawab.ma/fr/a/8363666/maison-%C3%A0-vendre-%C3%A0-elhaouta-3-chambres-2-terrasses,valid,,unique,,,,,,data\external\recovery_archive\20260902T224619Z\misplaced_notebook_data\data\raw\maisondelux_raw.csv
mubawab.ma:native:8378256,mubawab.ma,8378256,Marrakech,l’Hivernage,Marrakech-Safi,,,110.0,2.0,2.0,furnished,yes,yes,unknown,500000.0,4545.45,appartement,sale,,unknown,Wed Sep 02 2026 22:13:19 GMT+0100 (UTC+01:00),https://www.mubawab.ma/fr/a/8378256/rez-de-chauss%C3%A9e-duplex-en-plein-coeur-de-l-hivernage,valid,,unique,,,,,,data\external\recovery_archive\20260902T224619Z\misplaced_notebook_data\data\raw\maisondelux_raw.csv
mubawab.ma:native:8316941,mubawab.ma,8316941,Casablanca,Sidi Moumen,Casablanca-Settat,,,156.0,3.0,2.0,unknown,yes,yes,unknown,1100000.0,7051.28,appartement,sale,,unknown,Wed Sep 02 2026 11:41:26 GMT+0100 (UTC+01:00),https://www.mubawab.ma/fr/a/8316941/appartement-%C3%A0-vendre-156-m%C2%B2-3-chambres-sidi-moumen-casablanca,valid,,unique,,,,,,data\external\recovery_archive\20260902T224619Z\misplaced_notebook_data\data\raw\maisondelux_raw.csv
mubawab.ma:content:d0d8cf54bab42469d93a0aac,mubawab.ma,,Casablanca,Belvédère,Casablanca-Settat,,,118.0,3.0,2.0,unknown,unknown,unknown,unknown,820000.0,6949.15,appartement,sale,,unknown,Fri Aug 14 2026 16:31:10 GMT+0100 (UTC+01:00),,valid,,unique,,Appartement à vendre 118 m² à Casablanca,820 000 DH,"Belvédère, Casablanca",118 m² 3 Pièces 3 Chambres 2 Salles de bains,git:HEAD:data/raw/maisonlux_maroc_complet.csv
mubawab.ma:content:43bfa930c16e7410991242f2,mubawab.ma,,Marrakech,Issil,Marrakech-Safi,,,220.0,5.0,2.0,unknown,unknown,unknown,unknown,1400000.0,6363.64,appartement,sale,,unknown,Fri Aug 14 2026 16:31:10 GMT+0100 (UTC+01:00),,valid,,unique,,Appartement à vendre à Issil. Surface totale 220 m². Ascen...,1 400 000 DH,"Issil, Marrakech",220 m² 6 Pièces 5 Chambres 2 Salles de bains,git:HEAD:data/raw/maisonlux_maroc_complet.csv
mubawab.ma:content:f6c06180d5156382991bc3fd,mubawab.ma,,Témara,Al Moustakbal,Rabat-Salé-Kenitra,,,184.0,2.0,2.0,unknown,unknown,unknown,unknown,1050000.0,5706.52,appartement,sale,,unknown,Fri Aug 14 2026 16:31:10 GMT+0100 (UTC+01:00),,valid,,unique,,Appartement 184 m² à Temara / Al Moustakbal Badil,1 050 000 DH,"Al Moustakbal, Temara",184 m² 1 Pièce 2 Chambres 2 Salles de bains,git:HEAD:data/raw/maisonlux_maroc_complet.csv
mubawab.ma:content:c6ba335f7b0cebaa8f074c71,mubawab.ma,,Salé,Bab Al Bahr,Rabat-Salé-Kenitra,,,124.0,2.0,2.0,unknown,unknown,unknown,unknown,2700000.0,21774.19,appartement,sale,,unknown,Fri Aug 14 2026 16:31:10 GMT+0100 (UTC+01:00),,valid,,unique,,Vente appartement à la Marina – Salé,2 700 000 DH,"Bab Al Bahr, Salé",124 m² 3 Pièces 2 Chambres 2 Salles de bains,git:HEAD:data/raw/maisonlux_maroc_complet.csv
mubawab.ma:content:3b3f6d71e7c6a4f12edb161a,mubawab.ma,,Casablanca,Roches Noires,Casablanca-Settat,,,118.0,4.0,1.0,unknown,unknown,unknown,unknown,780000.0,6610.17,appartement,sale,,unknown,Fri Aug 14 2026 16:31:10 GMT+0100 (UTC+01:00),,valid,,unique,,"Appartement à vendre 118 m², 4 chambres Roches Noires Casabl...",780 000 DH,"Roches Noires, Casablanca",118 m² 4 Chambres 1 Salle de bain,git:HEAD:data/raw/maisonlux_maroc_complet.csv
mubawab.ma:content:2ea67dd257a51a490efe491e,mubawab.ma,,Rabat,Diour Jamaa,Rabat-Salé-Kenitra,,,100.0,2.0,2.0,unknown,unknown,unknown,unknown,990000.0,9900.0,appartement,sale,,unknown,Fri Aug 14 2026 16:31:10 GMT+0100 (UTC+01:00),,valid,,unique,,Opportunité appartement renové à Diour Jamae,990 000 DH,"Diour Jamaa, Rabat",100 m² 4 Pièces 2 Chambres 2 Salles de bains,git:HEAD:data/raw/maisonlux_maroc_complet.csv
mubawab.ma:content:6d7c38dabc901f5f01106a23,mubawab.ma,,Casablanca,Liberté,Casablanca-Settat,,,131.0,2.0,1.0,unknown,unknown,unknown,unknown,860000.0,6564.89,appartement,sale,,unknown,Fri Aug 14 2026 16:31:10 GMT+0100 (UTC+01:00),,valid,,unique,,"Appartement à vendre 131 m², 2 chambres Liberté Casablanca",860 000 DH,"Liberté, Casablanca",131 m² 2 Chambres 1 Salle de bain,git:HEAD:data/raw/maisonlux_maroc_complet.csv
mubawab.ma:native:8373243,mubawab.ma,8373243,Marrakech,laver Agdal à,Marrakech-Safi,,,330.0,4.0,4.0,furnished,unknown,yes,unknown,942000.0,2854.55,appartement,sale,,unknown,Wed Sep 02 2026 22:01:42 GMT+0100 (UTC+01:00),https://www.mubawab.ma/fr/a/8373243/almaaden-villa-%C3%A0-louer-meubl%C3%A9e-4ch-piscine,valid,,unique,,,,,,data\external\recovery_archive\20260902T224619Z\misplaced_notebook_data\data\raw\maisondelux_raw.csv
mubawab.ma:content:25d047d7aab6953e9b87f15b,mubawab.ma,,Tanger,Administratif,Tangier-Tetouan-Al Hoceima,,,197.0,3.0,2.0,unknown,unknown,unknown,unknown,920000.0,4670.05,appartement,sale,,unknown,Fri Aug 14 2026 16:31:10 GMT+0100 (UTC+01:00),,valid,,unique,,À VENDRE – Appartement en plein centre ville de Tanger,920 000 DH,"Administratif, Tanger",197 m² 4 Pièces 3 Chambres 2 Salles de bains,git:HEAD:data/raw/maisonlux_maroc_complet.csv
mubawab.ma:content:b1e89780de45cb89ba86b6b8,mubawab.ma,,Casablanca,Ain Diab,Casablanca-Settat,,,93.0,3.0,3.0,unknown,unknown,unknown,unknown,2550000.0,27419.35,appartement,sale,,unknown,Fri Aug 14 2026 16:31:10 GMT+0100 (UTC+01:00),,valid,,unique,,"Appartement à Vendre de 93.0 m² à Casablanca, Ain Diab",2 550 000 DH,"Ain Diab, Casablanca",93 m² 5 Pièces 3 Chambres 3 Salles de bains,git:HEAD:data/raw/maisonlux_maroc_complet.csv
mubawab.ma:native:8387425,mubawab.ma,8387425,Casablanca,Gauthier,Casablanca-Settat,,,309.0,4.0,3.0,unknown,yes,unknown,unknown,917000.0,2967.64,appartement,sale,,unknown,Wed Sep 02 2026 02:51:26 GMT+0100 (UTC+01:00),https://www.mubawab.ma/fr/a/8387425/appartement-en-vente-%C3%A0-gauthier,valid,,unique,,,,,,data\external\recovery_archive\20260902T224619Z\misplaced_notebook_data\data\raw\maisondelux_raw.csv
mubawab.ma:content:b4811ffc8a0188ec1b5a558b,mubawab.ma,,Marrakech,Route de Safi,Marrakech-Safi,,,191.0,3.0,2.0,unknown,unknown,unknown,unknown,1100000.0,5759.16,appartement,sale,,unknown,Fri Aug 14 2026 16:31:10 GMT+0100 (UTC+01:00),,valid,,unique,,Opportunité à saisir,1 100 000 DH,"Route de Safi, Marrakech",191 m² 4 Pièces 3 Chambres 2 Salles de bains,git:HEAD:data/raw/maisonlux_maroc_complet.csv
mubawab.ma:content:73a5e3c8f567d6099288b680,mubawab.ma,,Meknès,Meknes,Fez-Meknes,,,86.0,3.0,1.0,unknown,unknown,unknown,unknown,950000.0,11046.51,appartement,sale,,unknown,Fri Aug 14 2026 16:31:10 GMT+0100 (UTC+01:00),,valid,,unique,,"Appartement à vendre 86 m², 3 chambres Naim Meknès",950 000 DH,"Meknes, Meknes",86 m² 3 Chambres 1 Salle de bain,git:HEAD:data/raw/maisonlux_maroc_complet.csv
mubawab.ma:native:8363683,mubawab.ma,8363683,Casablanca,Almaz,Casablanca-Settat,,,84.0,2.0,1.0,unknown,unknown,yes,unknown,2930000.0,34880.95,appartement,sale,,unknown,Wed Sep 02 2026 08:48:37 GMT+0100 (UTC+01:00),https://www.mubawab.ma/fr/a/8363683/appartements-neufs-81-84-m2-almaz-casablanca,valid,,unique,,,,,,data\external\recovery_archive\20260902T224619Z\misplaced_notebook_data\data\raw\maisondelux_raw.csv
mubawab.ma:content:5db67b8d781806674790d9e4,mubawab.ma,,Casablanca,Bourgogne Ouest,Casablanca-Settat,,,88.0,2.0,2.0,unknown,unknown,unknown,unknown,2300000.0,26136.36,appartement,sale,,unknown,Fri Aug 14 2026 16:31:10 GMT+0100 (UTC+01:00),,valid,,unique,,Luxueux appartement bien ensoleillé à vendre sur tantan Bou...,2 300 000 DH,"Bourgogne Ouest, Casablanca",88 m² 3 Pièces 2 Chambres 2 Salles de bains,git:HEAD:data/raw/maisonlux_maroc_complet.csv
mubawab.ma:content:340a871b598436cc0472ea4e,mubawab.ma,,Casablanca,Nassim 1,Casablanca-Settat,,,120.0,2.0,2.0,unknown,unknown,unknown,unknown,850000.0,7083.33,appartement,sale,,unknown,Fri Aug 14 2026 16:31:10 GMT+0100 (UTC+01:00),,valid,,unique,,Urgent. Apparemment à vendre à Hay Nassim,850 000 DH,"Nassim 1, Casablanca",120 m² 4 Pièces 2 Chambres 2 Salles de bains,git:HEAD:data/raw/maisonlux_maroc_complet.csv
mubawab.ma:native:8289134,mubawab.ma,8289134,Casablanca,2 Mars,Casablanca-Settat,,,306.0,4.0,3.0,unknown,unknown,yes,unknown,350000.0,1143.79,appartement,sale,,unknown,Wed Sep 02 2026 06:42:40 GMT+0100 (UTC+01:00),https://www.mubawab.ma/fr/a/8289134/appartement-%C3%A0-vendre-%C3%A0-2-mars-surface-de-306-m%C2%B2-avec-ascenseur-et-terrasse,valid,,unique,,,,,,data\external\recovery_archive\20260902T224619Z\misplaced_notebook_data\data\raw\maisondelux_raw.csv
mubawab.ma:native:8297316,mubawab.ma,8297316,Casablanca,Anassi,Casablanca-Settat,,,64.0,2.0,1.0,unknown,unknown,unknown,unknown,3380000.0,52812.5,appartement,sale,,unknown,Wed Sep 02 2026 12:07:57 GMT+0100 (UTC+01:00),https://www.mubawab.ma/fr/a/8297316/vend-appartement-%C3%A0-anassi-surface-totale-64-m%C2%B2,valid,,unique,,,,,,data\external\recovery_archive\20260902T224619Z\misplaced_notebook_data\data\raw\maisondelux_raw.csv
mubawab.ma:content:035fcd88904561beb6168d07,mubawab.ma,,Casablanca,Ain Borja,Casablanca-Settat,,,158.0,3.0,1.0,unknown,unknown,unknown,unknown,900000.0,5696.2,appartement,sale,,unknown,Fri Aug 14 2026 16:31:10 GMT+0100 (UTC+01:00),,valid,,unique,,"Appartement à vendre 158 m², 3 chambres Ain Borja Casablanca",900 000 DH,"Ain Borja, Casablanca",158 m² 3 Chambres 1 Salle de bain,git:HEAD:data/raw/maisonlux_maroc_complet.csv
mubawab.ma:content:06e247775a3a15a9a15b1ef1,mubawab.ma,,Kénitra,La Ville Haute,Rabat-Salé-Kenitra,,,70.0,2.0,2.0,unknown,unknown,unknown,unknown,6500000.0,92857.14,appartement,sale,,unknown,Fri Aug 14 2026 16:31:10 GMT+0100 (UTC+01:00),,valid,,unique,,Appartement à vendre à la ville haute kénitra,6 500 000 DH,"La Ville Haute, Kénitra",70 m² 2 Pièces 2 Chambres 2 Salles de bains,git:HEAD:data/raw/maisonlux_maroc_complet.csv
